Rating,Comment,ProductName,Helpfulness_Score,CommentDate,SubCategory
5,"độ bền : dùng ổn_định tốc_độ đun : nhanh có màu đẹp thiết_kế : xuất_sắc , quá tuyệt_vời , xứng_đáng trong tầm giá","Ấm đun siêu tốc, Bình đun nước thủy tinh siêu tốc 2.5L, inox không gỉ dung tích 1.8L METIS tay cầm chống nóng",1,2026-05-05,Electronic
5,chất_lượng sản_phẩm : chất_lượng khá ổn hộp hơi nhỏ nhưng vẫn ổn,"Hộp Đựng Cơm Túi Đựng Cơm Trưa Giữ Nhiệt Văn Phòng Cách Nhiệt, Combo 3 Ngăn Đựng Thức Ăn 2 Lớp Bằng Thép Không Gỉ 304",1,2026-05-05,Electronic
5,"sóc nói : nếu con muốn thu_hút năng_lượng tích_cực , hãy đem năng_lượng tích_cực đến cho người khác . tất_nhiên , không_phải_lúc_nào con cũng vui_vẻ hào_hứng được , nhưng chỉ một câu chào , một nụ cười , hay một lời khen dành cho ai đó cũng có_thể khiến họ vui hơn là con nghĩ . mọi điều con đem đến trong vũ_trụ này cuối_cùng đều sẽ quay lại với con .","Cân Tiểu Ly Điện Tử Nhà Bếp 1g-10kg, 0,1g- 5kg METIS Độ Chính Xác Cao, Chất Liệu Hợp Kim Thép Bền Bỉ Tặng Kèm 2 pin",1,2026-05-05,Electronic
5,độ chính_xác : cân chuẩn kết_nối bluetooth : dùng pin,Cân Điện Tử METIS Sạc USB Kết Nối Bluetooth Phân Tích Chỉ Số Cơ Thể Trọng Lượng Tối Đa 180kg,1,2026-05-05,Electronic
5,độ chính_xác : chuẩn kết_nối bluetooth : chưa_kết_nối nên chưa_biết thiết_kế : màu đen nhìn sang nên mua,Cân Điện Tử METIS Sạc USB Kết Nối Bluetooth Phân Tích Chỉ Số Cơ Thể Trọng Lượng Tối Đa 180kg,1,2026-05-05,Electronic
5,"độ chính_xác : tương_đối thiết_kế : gọn cửa_hàng giao hàng nhanh , đóng_gói bọc cẩn_thận . cân mình thấy tương_đối chuẩn . đo được nhiều chỉ_số",GÓI BẢO HÀNH ĐIỆN TỬ 1 NĂM cho Cân Điện Tử METIS Sạc USB Kết Nối Bluetooth Phân Tích Chỉ Số Cơ Thể,1,2026-05-05,Electronic
5,"độ chính_xác : chuẩn kết_nối bluetooth : dễ_dàng thiết_kế : đẹp cửa_hàng giao hàng nhanh , đóng_gói bọc cẩn_thận . cân mình thấy tương_đối chuẩn . đo được nhiều chỉ_số",Cân Điện Tử METIS Sạc USB Kết Nối Bluetooth Phân Tích Chỉ Số Cơ Thể Trọng Lượng Tối Đa 180kg,1,2026-05-05,Electronic
5,"thiết_kế khá đẹp_mắt , sử_dụng sạc điện rất tiện_lợi , phù_hợp theo_dõi sức_khỏe gia_đình",Cân Điện Tử METIS Sạc USB Kết Nối Bluetooth Phân Tích Chỉ Số Cơ Thể Trọng Lượng Tối Đa 180kg,1,2026-05-05,Electronic
5,"độ chính_xác : được kết_nối bluetooth : được thiết_kế : được giao nhanh , đóng_gói được , sản_phẩm tốt , nói_chung là ổn , hdhdhdhdhdhdhhdh",Cân Điện Tử METIS Sạc USB Kết Nối Bluetooth Phân Tích Chỉ Số Cơ Thể Trọng Lượng Tối Đa 180kg,1,2026-05-05,Electronic
5,đã nhận hàng đầy_đủ kèm_pin để xài tạm thấy được đúng số không_để xem xài lâu không_thì tính,Cân Điện Tử METIS Sạc USB Kết Nối Bluetooth Phân Tích Chỉ Số Cơ Thể Trọng Lượng Tối Đa 180kg,1,2026-05-05,Electronic
5,"thông_báo chào_mừng kỷ_niệm các ngày lễ lớn trong tháng 4 , tháng 5 và lễ_hội hoa phượng đỏ hải_phòng 2026 với nhiều hoạt_động văn_hóa , nghệ_thuật , thể_thao , du_lịch : khởi_công , khánh_thành một_số dự_án công_trình trọng_điểm trên địa_bàn thành_phố diễn ra từ tháng 4 đến hết tháng 5 2026 , cao_điểm từ ngày 8 14 05 2026 .","Ấm đun siêu tốc, Bình đun nước thủy tinh siêu tốc 2.5L, inox không gỉ dung tích 1.8L METIS tay cầm chống nóng",1,2026-05-05,Electronic
5,giữ nhiệt : giá_thành ổn sử_dụng được giá rẻ giao hàng nhanh nên mua nha mọi người đóng_gói chắc_chắn,"Hộp Đựng Cơm Túi Đựng Cơm Trưa Giữ Nhiệt Văn Phòng Cách Nhiệt, Combo 3 Ngăn Đựng Thức Ăn 2 Lớp Bằng Thép Không Gỉ 304",1,2026-05-05,Electronic
5,độ chính_xác : được chất_liệu : được thiết_kế : được,"Cân Tiểu Ly Điện Tử Nhà Bếp 1g-10kg, 0,1g- 5kg METIS Độ Chính Xác Cao, Chất Liệu Hợp Kim Thép Bền Bỉ Tặng Kèm 2 pin",1,2026-05-05,Electronic
5,giữ nhiệt : tốt chất_liệu : được thiết_kế : đẹp rất hài_lòng,"Hộp Đựng Cơm Túi Đựng Cơm Trưa Giữ Nhiệt Văn Phòng Cách Nhiệt, Combo 3 Ngăn Đựng Thức Ăn 2 Lớp Bằng Thép Không Gỉ 304",1,2026-05-05,Electronic
5,"độ bền : được tốc_độ đun : nhanh thiết_kế : đẹp bình siêu_tốc rất được , mình rất thích màu hồng này , bình_đun rất nhanh mọi người nên mua ạ","Ấm đun siêu tốc, Bình đun nước thủy tinh siêu tốc 2.5L, inox không gỉ dung tích 1.8L METIS tay cầm chống nóng",1,2026-05-05,Electronic
5,chất_lượng sản_phẩm tuyệt_vời đóng_gói đẹp chắc_chắn phục_vụ tốt,GÓI BẢO HÀNH ĐIỆN TỬ 1 NĂM cho Cân Điện Tử METIS Sạc USB Kết Nối Bluetooth Phân Tích Chỉ Số Cơ Thể,1,2026-05-05,Electronic
5,giữ nhiệt : giữ nhiệt_ổn chất_liệu : inox mỏng thiết_kế : thiết_kế dễ_thương dễ_thương hộp cơm khá mỏng rất mỏng mỏng lè mỏng_lét mà vẻ bên ngoài nhìn đẹp thôi à nên thôi_kệ cho đại 5 sao,"Hộp Đựng Cơm Túi Đựng Cơm Trưa Giữ Nhiệt Văn Phòng Cách Nhiệt, Combo 3 Ngăn Đựng Thức Ăn 2 Lớp Bằng Thép Không Gỉ 304",1,2026-05-05,Electronic
5,"chất_lượng được , nên mua ủng_hộ shop hhgb","GÓI BẢO HÀNH ĐIỆN TỬ 1 NĂM cho Cân Tiểu Ly Điện Tử Nhà Bếp 1g-10kg, 0,1g- 5kg METIS Độ Chính Xác Cao",1,2026-05-05,Electronic
5,hộp cơm mua nhiều chất_lượng được nên mua tiện_lợi nên mua hoigb,"Hộp Đựng Cơm Túi Đựng Cơm Trưa Giữ Nhiệt Văn Phòng Cách Nhiệt, Combo 3 Ngăn Đựng Thức Ăn 2 Lớp Bằng Thép Không Gỉ 304",1,2026-05-05,Electronic
5,độ chính_xác : chính_xác chất_liệu : không_gỉ thiết_kế : đẹp,"Cân Tiểu Ly Điện Tử Nhà Bếp 1g-10kg, 0,1g- 5kg METIS Độ Chính Xác Cao, Chất Liệu Hợp Kim Thép Bền Bỉ Tặng Kèm 2 pin",1,2026-05-05,Electronic
5,"độ chính_xác : chính_xác thiết_kế : nhỏ gọn xem trước bước chân vào đời tập 32 thôi anh hưng đã vậy rồi thì trang nhận_lời đi em , không_tìm được ai tốt hơn ảnh đâu . còn thương , lương_thiện hiền_từ như em cũng_nên có một người như lâm ở bên cạnh , quản_trị_viên thật :",GÓI BẢO HÀNH ĐIỆN TỬ 1 NĂM cho Cân Điện Tử METIS Sạc USB Kết Nối Bluetooth Phân Tích Chỉ Số Cơ Thể,1,2026-05-05,Electronic
5,độ chính_xác : cân chuẩn kết_nối bluetooth : dễ kết_nối thiết_kế : nhỏ gọn dễ mang theo được nên mua rẻ điên_tiện lắm,Cân Điện Tử METIS Sạc USB Kết Nối Bluetooth Phân Tích Chỉ Số Cơ Thể Trọng Lượng Tối Đa 180kg,1,2026-05-04,Electronic
5,"độ chính_xác : cân rất chính_xác thiết_kế : thiết_kế đẹp , màu_sắc hài_hòa cân được và sẽ mua lại","GÓI BẢO HÀNH ĐIỆN TỬ 1 NĂM cho Cân Tiểu Ly Điện Tử Nhà Bếp 1g-10kg, 0,1g- 5kg METIS Độ Chính Xác Cao",1,2026-05-04,Electronic
5,"giữ nhiệt : hộp cơm giữ nhiệt khá tốt , cơm nóng lâu chất_liệu : inox chắc_chắn , dễ vệ_sinh thiết_kế : nhỏ gọn , dễ mang theo hộp rất được","Hộp Đựng Cơm Túi Đựng Cơm Trưa Giữ Nhiệt Văn Phòng Cách Nhiệt, Combo 3 Ngăn Đựng Thức Ăn 2 Lớp Bằng Thép Không Gỉ 304",1,2026-05-04,Electronic
5,"kinh_nghiệm sử_dụng : chưa_có , mới dùng được vài ngày giao hàng nhanh , nhiệt lên nhanh , không_lâu . dùng khá ổn phù_hợp ví tiền","Lược Chải Tóc Điện Ion Âm METIS Lược Duỗi Thẳng, Bảo Vệ Tóc Cao Cấp Với 50 Triệu Ion Âm",1,2026-05-04,Electronic
5,bị gãy nắp nhưng không_sao vì tôi đẹp_trai và dễ_tính,Cân Điện Tử METIS Sạc USB Kết Nối Bluetooth Phân Tích Chỉ Số Cơ Thể Trọng Lượng Tối Đa 180kg,1,2026-05-04,Electronic
5,"giữ nhiệt : giữ nhiệt khá tốt , đồ_ăn vẫn ấm chất_liệu : dễ vệ_sinh , chắc_chắn , có lót bên trong","Hộp Đựng Cơm Túi Đựng Cơm Trưa Giữ Nhiệt Văn Phòng Cách Nhiệt, Combo 3 Ngăn Đựng Thức Ăn 2 Lớp Bằng Thép Không Gỉ 304",1,2026-05-04,Electronic
5,"đóng_gói sản_phẩm chắc_chắn , chưa_sử_dụng chưa_biết giữ nhiệt có tốt không , hi_vọng được lâu , inox 304 chắc_chắn , dễ vệ_sinh có kèm đũa_thìa ,","Hộp Đựng Cơm Túi Đựng Cơm Trưa Giữ Nhiệt Văn Phòng Cách Nhiệt, Combo 3 Ngăn Đựng Thức Ăn 2 Lớp Bằng Thép Không Gỉ 304",1,2026-05-04,Electronic
5,giao hàng nhanh . chất_lượng sản_phẩm ngoài mong_đợi . mình rất thích sản_phẩm này .,"Cân Tiểu Ly Điện Tử Nhà Bếp 1g-10kg, 0,1g- 5kg METIS Độ Chính Xác Cao, Chất Liệu Hợp Kim Thép Bền Bỉ Tặng Kèm 2 pin",1,2026-05-04,Electronic
5,"nói_chung nhìn đẹp_mắt , chắc_chắn . sử_dụng không_biết bền hay không_nhưng thử gối mát_xa rất được nha . giao hàng siêu nhanh , bọc hàng cũng cẩn_thận . ưng .","Hộp Đựng Cơm Túi Đựng Cơm Trưa Giữ Nhiệt Văn Phòng Cách Nhiệt, Combo 3 Ngăn Đựng Thức Ăn 2 Lớp Bằng Thép Không Gỉ 304",1,2026-05-04,Electronic
5,thiết_kế : tiện_lợi bị rách 1 chỗ nhưng thôi không_sao,"Hộp Đựng Cơm Túi Đựng Cơm Trưa Giữ Nhiệt Văn Phòng Cách Nhiệt, Combo 3 Ngăn Đựng Thức Ăn 2 Lớp Bằng Thép Không Gỉ 304",1,2026-05-04,Electronic
5,tốc_độ : sấy nhanh chế_độ : nhiều mức gió và nhiều mức nhiệt để tùy_chỉnh tiếng ồn : không_ồn_tí mô,Máy Sấy Tóc Ion Âm 5in1 METIS Không Cánh Quạt 3 Tốc Độ Công Suất 2200W 2 Chiều Tặng Kèm Đầu Sấy,1,2026-05-04,Electronic
5,"độ chính_xác : cân có độ_chính_xác ổn chất_liệu : không_biết thiết_kế : rất nhỏ nhìn_chung xài ổn , hợp giá tiền","Cân Tiểu Ly Điện Tử Nhà Bếp 1g-10kg, 0,1g- 5kg METIS Độ Chính Xác Cao, Chất Liệu Hợp Kim Thép Bền Bỉ Tặng Kèm 2 pin",1,2026-05-03,Electronic
5,"ổn , nhưng_mà cái app nó quảng_cáo lâu quá , ngồi chờ nửa tiếng nó mới xong chán thật",Cân Điện Tử METIS Sạc USB Kết Nối Bluetooth Phân Tích Chỉ Số Cơ Thể Trọng Lượng Tối Đa 180kg,1,2026-05-03,Electronic
5,giao hàng nhanh cũng mất khoảng tầm 5 phút là nóng nhưng mình thấy loại này nói_chung không_thể so_sánh được với máy là thông_thường,"Lược Chải Tóc Điện Ion Âm METIS Lược Duỗi Thẳng, Bảo Vệ Tóc Cao Cấp Với 50 Triệu Ion Âm",1,2026-05-03,Electronic
5,độ chính_xác : cân khá chuẩn kết_nối bluetooth : kết_nối dễ_dàng thiết_kế : nhỏ gọn chắc_chắn cửa_hàng giao hàng khá nhanh,Cân Điện Tử METIS Sạc USB Kết Nối Bluetooth Phân Tích Chỉ Số Cơ Thể Trọng Lượng Tối Đa 180kg,1,2026-05-03,Electronic
5,giữ nhiệt : hộp cơm giữ nhiệt tạm 2 3 tiếng chất_liệu : không_biết thiết_kế : vừa vặn nhỏ gọn phù_hợp với giá,"Hộp Đựng Cơm Túi Đựng Cơm Trưa Giữ Nhiệt Văn Phòng Cách Nhiệt, Combo 3 Ngăn Đựng Thức Ăn 2 Lớp Bằng Thép Không Gỉ 304",1,2026-05-03,Electronic
5,"độ chính_xác : khá chuẩn kết_nối bluetooth : kết_nối nhanh thiết_kế : nhỏ gọn , mỏng nhẹ giao hàng nhanh , sử_dụng dễ_dàng , cân và theo_dõi được nhiều thành_viên trong gia_đình",Cân Điện Tử METIS Sạc USB Kết Nối Bluetooth Phân Tích Chỉ Số Cơ Thể Trọng Lượng Tối Đa 180kg,1,2026-05-03,Electronic
5,tôi có xu_hướng chọn nội_dung thực_tế và gần_gũi nhất với cuộc_sống cá_nhân của mình . phim_ảnh giúp tôi kết_nối trực_tiếp với hiện_tại và cảm_thấy biết_ơn những điều nhỏ_bé trong cuộc_sống của mình,"Cân Tiểu Ly Điện Tử Nhà Bếp 1g-10kg, 0,1g- 5kg METIS Độ Chính Xác Cao, Chất Liệu Hợp Kim Thép Bền Bỉ Tặng Kèm 2 pin",1,2026-05-03,Electronic
5,"độ chính_xác : chuẩn kết_nối bluetooth : không_biết thiết_kế : đẹp cân_chuẩn , đóng_gói được , được thêm 1 dây đo nữa . ổn_nha mọi người .",Cân Điện Tử METIS Sạc USB Kết Nối Bluetooth Phân Tích Chỉ Số Cơ Thể Trọng Lượng Tối Đa 180kg,1,2026-05-03,Electronic
5,"độ bền : chưa_xài loại tốc_độ đun : đúng mẫu , đúng màu , chưa_xài loại này biết có bền không , nhưng thấy giá_cả ổn , nên mua","Ấm đun siêu tốc, Bình đun nước thủy tinh siêu tốc 2.5L, inox không gỉ dung tích 1.8L METIS tay cầm chống nóng",1,2026-05-03,Electronic
5,"nhìn có_vẻ hơi mỏng_manh ọp_ẹp , không_biết giữ nhiệt được bao_lâu , để mai kiểm_tra thử xem sao","Hộp Đựng Cơm Túi Đựng Cơm Trưa Giữ Nhiệt Văn Phòng Cách Nhiệt, Combo 3 Ngăn Đựng Thức Ăn 2 Lớp Bằng Thép Không Gỉ 304",1,2026-05-03,Electronic
5,kết_nối bluetooth : có thiết_kế : nhỏ gọn giao hàng nhanh kết_nối bluetooth dễ_dàng . đo được chỉ_số cơ_thể luôn . mong dùng được bền,Cân Điện Tử METIS Sạc USB Kết Nối Bluetooth Phân Tích Chỉ Số Cơ Thể Trọng Lượng Tối Đa 180kg,1,2026-05-03,Electronic
5,cân được á giao hàng nhanh đóng_gói kĩ_cân xinh có tặng kèm dây sạc nữa,Cân Điện Tử METIS Sạc USB Kết Nối Bluetooth Phân Tích Chỉ Số Cơ Thể Trọng Lượng Tối Đa 180kg,1,2026-05-03,Electronic
5,độ bền : sử_dụng lâu mới biết được tốc_độ đun : khá nhanh thiết_kế : đẹp mọi người nên mua nhé . hàng dùng được,"Ấm đun siêu tốc, Bình đun nước thủy tinh siêu tốc 2.5L, inox không gỉ dung tích 1.8L METIS tay cầm chống nóng",1,2026-05-03,Electronic
5,"độ bền : chưa_sử_dụng tốc_độ đun : chưa_sử_dụng thiết_kế : nhìn mẫu đẹp nhận hàng nhanh sau 1 ngày đặt , nhưng cầm thấy nhẹ_tay quá không_biết sử_dụng bền không_nữa , hy_vọng bền , mẫu đẹp","Ấm đun siêu tốc, Bình đun nước thủy tinh siêu tốc 2.5L, inox không gỉ dung tích 1.8L METIS tay cầm chống nóng",1,2026-05-03,Electronic
5,thiết_kế : được,"Ấm đun siêu tốc, Bình đun nước thủy tinh siêu tốc 2.5L, inox không gỉ dung tích 1.8L METIS tay cầm chống nóng",1,2026-05-03,Electronic
5,độ chính_xác : chính_xác,Cân Điện Tử METIS Sạc USB Kết Nối Bluetooth Phân Tích Chỉ Số Cơ Thể Trọng Lượng Tối Đa 180kg,1,2026-05-03,Electronic
5,"độ chính_xác : được kết_nối bluetooth : được thiết_kế : được rất được nha mọi người chất_lượng cao , giá_cả hợp_lý sẽ ủng_hộ lại , đường may mũi chỉ tốt trông siêu_đẹp siêu ưng_ý , vừa trong trẻo vừa sâu_sắc , ý_tưởng mới_mẻ sáng_tạo , người bán có thái_độ tích_cực quả_thật truyền cảm_hứng",Cân Điện Tử METIS Sạc USB Kết Nối Bluetooth Phân Tích Chỉ Số Cơ Thể Trọng Lượng Tối Đa 180kg,1,2026-05-02,Electronic
5,độ chính_xác : chất_liệu : mọi người nên mua thử nhé hàng đóng_gói cẩn_thận ưng lắm luôn nha,"Cân Tiểu Ly Điện Tử Nhà Bếp 1g-10kg, 0,1g- 5kg METIS Độ Chính Xác Cao, Chất Liệu Hợp Kim Thép Bền Bỉ Tặng Kèm 2 pin",1,2026-05-02,Electronic
5,"sản_phẩm nhìn được lắm nha , phù_hợp với giá tiền nói_chung là được","Hộp Đựng Cơm Túi Đựng Cơm Trưa Giữ Nhiệt Văn Phòng Cách Nhiệt, Combo 3 Ngăn Đựng Thức Ăn 2 Lớp Bằng Thép Không Gỉ 304",1,2026-05-02,Electronic
5,độ chính_xác : cân chuẩn kết_nối bluetooth : kết_nối dễ_dàng thiết_kế : nhỏ gọn mặt kính chắc_chắn cân_chuẩn dễ sử_dụng,Cân Điện Tử METIS Sạc USB Kết Nối Bluetooth Phân Tích Chỉ Số Cơ Thể Trọng Lượng Tối Đa 180kg,1,2026-05-02,Electronic
5,"độ chính_xác : cân có độ_chính_xác cao chất_liệu : nhựa cứng , khá bền_thiết_kế : nhỏ gọn , nhẹ , tiện_lợi mua về để cân những món cần độ_chính_xác cao","Cân Tiểu Ly Điện Tử Nhà Bếp 1g-10kg, 0,1g- 5kg METIS Độ Chính Xác Cao, Chất Liệu Hợp Kim Thép Bền Bỉ Tặng Kèm 2 pin",1,2026-05-02,Electronic
5,"thấy được lắm nha , không_biết dùng lâu_dài như_thế_nào nhưng hiện_tại thấy hài_lòng lắm , đo chỉ_số theo_dõi qua app các thứ",Cân Điện Tử METIS Sạc USB Kết Nối Bluetooth Phân Tích Chỉ Số Cơ Thể Trọng Lượng Tối Đa 180kg,1,2026-05-02,Electronic
5,"tốc_độ gió mạnh , hàng về đẹp chất_lượng , các chế_độ dễ thao_tác , máy_sấy cũng không_ồn lắm . nói_chung là được nên mua nha",Máy Sấy Tóc Ion Âm 5in1 METIS Không Cánh Quạt 3 Tốc Độ Công Suất 2200W 2 Chiều Tặng Kèm Đầu Sấy,1,2026-05-02,Electronic
5,"mẫu_mã nhìn cũng đẹp , chất_lượng thì chưa_biết .","Cân Tiểu Ly Điện Tử Nhà Bếp 1g-10kg, 0,1g- 5kg METIS Độ Chính Xác Cao, Chất Liệu Hợp Kim Thép Bền Bỉ Tặng Kèm 2 pin",1,2026-05-02,Electronic
5,"độ chính_xác : cân chuẩn kết_nối bluetooth : dễ_dàng theo_dõi số thiết_kế : nhỏ gọn , đẹp giao hàng nhanh cân chuẩn",Cân Điện Tử METIS Sạc USB Kết Nối Bluetooth Phân Tích Chỉ Số Cơ Thể Trọng Lượng Tối Đa 180kg,1,2026-05-02,Electronic
5,chất_lượng,"GÓI BẢO HÀNH ĐIỆN TỬ 1 NĂM cho Cân Tiểu Ly Điện Tử Nhà Bếp 1g-10kg, 0,1g- 5kg METIS Độ Chính Xác Cao",1,2026-05-02,Electronic
5,độ chính_xác : fc thiết_kế : gv được tốt và foc . èo jcj ekfo êkb sid ugwo sjdnf ệb,GÓI BẢO HÀNH ĐIỆN TỬ 1 NĂM cho Cân Điện Tử METIS Sạc USB Kết Nối Bluetooth Phân Tích Chỉ Số Cơ Thể,1,2026-05-02,Electronic
5,độ chính_xác : được và tốt và được vãi kết_nối bluetooth : tốt thiết_kế : gọn được tốt và foc . èo jcj ekfo êkb sid ugwo sjdnf ệb,Cân Điện Tử METIS Sạc USB Kết Nối Bluetooth Phân Tích Chỉ Số Cơ Thể Trọng Lượng Tối Đa 180kg,1,2026-05-02,Electronic
5,"chẳng_hiểu sao mình sử_dụng mới 4,5 ngày đã bị rỉ sét rồi nhẹ_nhõm","Hộp Đựng Cơm Túi Đựng Cơm Trưa Giữ Nhiệt Văn Phòng Cách Nhiệt, Combo 3 Ngăn Đựng Thức Ăn 2 Lớp Bằng Thép Không Gỉ 304",1,2026-05-02,Electronic
5,"mình đã dùng vài ngày , thấy sản_phẩm hoạt_động ổn_định , đúng như mô_tả . đóng_gói chắc_chắn , không_bị lỗi . giá hợp_lý , đáng mua .",GÓI BẢO HÀNH ĐIỆN TỬ 1 NĂM cho Cân Điện Tử METIS Sạc USB Kết Nối Bluetooth Phân Tích Chỉ Số Cơ Thể,1,2026-05-01,Electronic
5,có_thể bạn chưa_biết : bộ 3 huyền_thoại ngày ấy đều đã kết_hôn yêu_thương_ngập_tràn hôm_nay nữ diễn_viên honoka yahagi trong vai kotoko đã thông_báo kết_hôn trên sns nam chính naoki do furukawa yuki thủ_vai thì đã kết_hôn từ 2019 và lên chức bố nam phụ kin chan do yamada yuki_thủ_vai cũng đã kết_hôn với nishino nanase năm 2024 vậy là bộ ba huyền_thoại của itazura na_kiss năm nào đều đã có bến đỗ rồi yêu_thương_ngập_tràn,Cân Điện Tử METIS Sạc USB Kết Nối Bluetooth Phân Tích Chỉ Số Cơ Thể Trọng Lượng Tối Đa 180kg,1,2026-05-01,Electronic
5,"giao hàng nhanh , bình_thiết_kế đẹp , độ bền thì phải sử_dụng mới biết được","Ấm đun siêu tốc, Bình đun nước thủy tinh siêu tốc 2.5L, inox không gỉ dung tích 1.8L METIS tay cầm chống nóng",1,2026-05-01,Electronic
5,cân có độ nhạy khá nhạy . nếu thêm quả cân thì sẽ hiệu chuẩn được hơn,"Cân Tiểu Ly Điện Tử Nhà Bếp 1g-10kg, 0,1g- 5kg METIS Độ Chính Xác Cao, Chất Liệu Hợp Kim Thép Bền Bỉ Tặng Kèm 2 pin",1,2026-05-01,Electronic
5,"độ bền : sản_phẩm sử_dụng ổn_định và chưa_có_lỗi gì sau vài ngày sử_dụng . tốc_độ đun : nấu nước sôi_tương_đối nhanh . thiết_kế : thiết_kế đẹp_mắt , màu dễ_thương , cầm chắc tay , cảm_giác an_toàn khi cầm","Ấm đun siêu tốc, Bình đun nước thủy tinh siêu tốc 2.5L, inox không gỉ dung tích 1.8L METIS tay cầm chống nóng",1,2026-05-01,Electronic
5,độ chính_xác : ổn kết_nối bluetooth : được,Cân Điện Tử METIS Sạc USB Kết Nối Bluetooth Phân Tích Chỉ Số Cơ Thể Trọng Lượng Tối Đa 180kg,1,2026-05-01,Electronic
5,mình nhận được hàng rồi giao đầy_đủ dây_sạc dễ sử_dụng và rẻ nữa rất đáng mua nhé,Cân Điện Tử METIS Sạc USB Kết Nối Bluetooth Phân Tích Chỉ Số Cơ Thể Trọng Lượng Tối Đa 180kg,1,2026-05-01,Electronic
5,"chưa_dùng nên chưa_biết , nhưng thấy cũng được",Máy Sấy Tóc Ion Âm 5in1 METIS Không Cánh Quạt 3 Tốc Độ Công Suất 2200W 2 Chiều Tặng Kèm Đầu Sấy,1,2026-05-01,Electronic
5,giao hàng nhanh . chất_lượng tốt . sẽ ủng_hộ vào các lần mua tiếp_theo,"Ấm đun siêu tốc, Bình đun nước thủy tinh siêu tốc 2.5L, inox không gỉ dung tích 1.8L METIS tay cầm chống nóng",1,2026-05-01,Electronic
5,"tiếng ồn : tạm máy_sấy to , sấy cũng ổn",Máy Sấy Tóc Ion Âm 5in1 METIS Không Cánh Quạt 3 Tốc Độ Công Suất 2200W 2 Chiều Tặng Kèm Đầu Sấy,1,2026-05-01,Electronic
5,"đây là lý_do phổ_biến nhất . khi bạn chặn ai đó , họ biến mất khỏi danh_sách bạn_bè thông_thường nhưng vẫn được tính vào tổng số_lượng bạn_bè của bạn . cách xử_lý : bạn vào cài_đặt biểu_tượng bánh_răng tin nhắn_chặn tin nhắn . nếu thấy tên thùy_trinh ở đây , hãy chọn bỏ chặn . sau khi bỏ chặn , họ sẽ hiện lại trong danh_sách bạn_bè , lúc này bạn mới có_thể thự","Hộp Đựng Cơm Túi Đựng Cơm Trưa Giữ Nhiệt Văn Phòng Cách Nhiệt, Combo 3 Ngăn Đựng Thức Ăn 2 Lớp Bằng Thép Không Gỉ 304",1,2026-05-01,Electronic
5,độ chính_xác : độ_chính_xác cao chất_liệu : làm bằng nhựa thiết_kế : thiết_kế gọn_nhẹ dùng để đong bột nên rất được,"Cân Tiểu Ly Điện Tử Nhà Bếp 1g-10kg, 0,1g- 5kg METIS Độ Chính Xác Cao, Chất Liệu Hợp Kim Thép Bền Bỉ Tặng Kèm 2 pin",1,2026-05-01,Electronic
5,"xài rất ổn , tiện_lợi , thiết_kế đẹp , chất_lượng tốt hơn mong_đợi , sẽ ủng_hộ thêm trái_tim_lấp_lánh",Cân Điện Tử METIS Sạc USB Kết Nối Bluetooth Phân Tích Chỉ Số Cơ Thể Trọng Lượng Tối Đa 180kg,1,2026-04-30,Electronic
5,"tốc_độ : tôi thấy tốc_độ máy_sấy mạnh chế_độ : có nhiều mức gió và chỉnh nhiệt_độ theo yêu_cầu tiếng ồn : máy_sấy rất êm không_nghe tiếng ồn_giao hàng nhanh_chóng , người_giao_hàng nhiệt_tình , máy dùng ổn_áp lắm",Máy Sấy Tóc Ion Âm 5in1 METIS Không Cánh Quạt 3 Tốc Độ Công Suất 2200W 2 Chiều Tặng Kèm Đầu Sấy,1,2026-04-30,Electronic
5,sản_phẩm đẹp chất_lượng ổn giá_cả hợp_lý đóng_gói chắc_chắn giao hàng nhanh,Cân Điện Tử METIS Sạc USB Kết Nối Bluetooth Phân Tích Chỉ Số Cơ Thể Trọng Lượng Tối Đa 180kg,1,2026-04-30,Electronic
5,"độ chính_xác : chuẩn_xác kết_nối bluetooth : không_biết có kết_nối được không_thiết_kế : thiết_kế đẹp nên mua , giá rẻ hơn so với các sản_phẩm khác",Cân Điện Tử METIS Sạc USB Kết Nối Bluetooth Phân Tích Chỉ Số Cơ Thể Trọng Lượng Tối Đa 180kg,1,2026-04-30,Electronic
5,độ chính_xác : tôi thấy được kết_nối bluetooth : chưa_kết_nối thử chưa_biết thiết_kế : thiết_kế nhỏ gọn được tôi mua dùm nên chưa_dùng thử hi_vọng bền_tiện_lợi sẽ mua thêm sử_dụng giao hàng nhanh,Cân Điện Tử METIS Sạc USB Kết Nối Bluetooth Phân Tích Chỉ Số Cơ Thể Trọng Lượng Tối Đa 180kg,1,2026-04-30,Electronic
5,giữ nhiệt : hộp cơm giữ nhiệt tốt chất_liệu : inox 304 chắc_chắn thiết_kế : thiết_kế nhỏ gọn dễ mang đi ổn_áp lắm luôn đó mấy bạn,"Hộp Đựng Cơm Túi Đựng Cơm Trưa Giữ Nhiệt Văn Phòng Cách Nhiệt, Combo 3 Ngăn Đựng Thức Ăn 2 Lớp Bằng Thép Không Gỉ 304",1,2026-04-30,Electronic
5,"dùng rất được , hiện cân_chuẩn , dễ sử_dụng và kết_nối app cũng rất tiện .",Cân Điện Tử METIS Sạc USB Kết Nối Bluetooth Phân Tích Chỉ Số Cơ Thể Trọng Lượng Tối Đa 180kg,1,2026-04-29,Electronic
5,tốc_độ : tôi thấy máy_sấy này sấy_tóc rất nhanh tiết_kiệm thời_gian chế_độ : tôi thích có nhiều mức gió và nhiệt để chỉnh theo yêu_cầu tiếng ồn : máy_sấy hoạt_động rất êm không_gây tiếng ồn khó_chịu máy_sấy hoạt_động rất khỏe và sấy tóc siêu nhanh,Máy Sấy Tóc Ion Âm 5in1 METIS Không Cánh Quạt 3 Tốc Độ Công Suất 2200W 2 Chiều Tặng Kèm Đầu Sấy,1,2026-04-29,Electronic
5,gói bảo_hành cân_điện_tử tiểu_ly một năm,GÓI BẢO HÀNH ĐIỆN TỬ 1 NĂM cho Cân Điện Tử METIS Sạc USB Kết Nối Bluetooth Phân Tích Chỉ Số Cơ Thể,1,2026-04-29,Electronic
5,tốc_độ : mạnh chế_độ : bdod tiếng ồn : nmdmd anh cờ_đen ấy đã mua cho anh ấy hai bộ ba_mươi nghìn đồng nào đó chứ,Máy Sấy Tóc Ion Âm 5in1 METIS Không Cánh Quạt 3 Tốc Độ Công Suất 2200W 2 Chiều Tặng Kèm Đầu Sấy,1,2026-04-29,Electronic
5,mua rồi lần nào giao hàng cũng nhanh gọn và đủ hàng nên mua nha,"Cân Tiểu Ly Điện Tử Nhà Bếp 1g-10kg, 0,1g- 5kg METIS Độ Chính Xác Cao, Chất Liệu Hợp Kim Thép Bền Bỉ Tặng Kèm 2 pin",1,2026-04-29,Electronic
5,sản_phẩm đúng như mô_tả giao hàng nhanh đóng_gói cẩn_thận nhé sản_phẩm đúng như mô,Cân Điện Tử METIS Sạc USB Kết Nối Bluetooth Phân Tích Chỉ Số Cơ Thể Trọng Lượng Tối Đa 180kg,1,2026-04-29,Electronic
5,"giao hàng nhanh , giao đúng mẫu mình đặt , giá tốt , đánh_giá về sản_phẩm mình có up lên kênh youtube võ hiền_trọng_hiếu các bạn vào xem nhé .",Cân Điện Tử METIS Sạc USB Kết Nối Bluetooth Phân Tích Chỉ Số Cơ Thể Trọng Lượng Tối Đa 180kg,1,2026-04-29,Electronic
5,"giao hàng nhanh , cân được có pin đi kèm giá_cả ổn_áp nên mua thử về dùng","Cân Tiểu Ly Điện Tử Nhà Bếp 1g-10kg, 0,1g- 5kg METIS Độ Chính Xác Cao, Chất Liệu Hợp Kim Thép Bền Bỉ Tặng Kèm 2 pin",1,2026-04-29,Electronic
5,giữ nhiệt : hộp cơm giữ nhiệt tạm ổn chất_liệu : inox thiết_kế : thiết_kế nhỏ gọn nói_chung thì cũng được trong tầm giá,"Hộp Đựng Cơm Túi Đựng Cơm Trưa Giữ Nhiệt Văn Phòng Cách Nhiệt, Combo 3 Ngăn Đựng Thức Ăn 2 Lớp Bằng Thép Không Gỉ 304",1,2026-04-29,Electronic
5,đối_tượng sử_dụng : mọi người đều sử_dụng được công_dụng : cân mọi đồ_vật nên mua nha mọi người,Cân Điện Tử METIS Sạc USB Kết Nối Bluetooth Phân Tích Chỉ Số Cơ Thể Trọng Lượng Tối Đa 180kg,1,2026-04-28,Electronic
5,"giao khá nhanh mặc_dù lễ , sản_phẩm đúng mô_tả , nhỏ gọn tiện_lợi , chưa_dùng nên không_biết chất_lượng như_thế_nào","Hộp Đựng Cơm Túi Đựng Cơm Trưa Giữ Nhiệt Văn Phòng Cách Nhiệt, Combo 3 Ngăn Đựng Thức Ăn 2 Lớp Bằng Thép Không Gỉ 304",1,2026-04-28,Electronic
5,cũng nhanh nóng nhiệt_độ khá ổn có lớp bảo_vệ không_sợ bị nóng đóng_gói kĩ_nha,"Lược Chải Tóc Điện Ion Âm METIS Lược Duỗi Thẳng, Bảo Vệ Tóc Cao Cấp Với 50 Triệu Ion Âm",1,2026-04-28,Electronic
5,"đúng với mô_tả : đúng nhưng ảnh chất_lượng sản_phẩm : chính_xác giao hàng rất nhanh , sản_phẩm được , xem được từ 0.5 g","Cân Tiểu Ly Điện Tử Nhà Bếp 1g-10kg, 0,1g- 5kg METIS Độ Chính Xác Cao, Chất Liệu Hợp Kim Thép Bền Bỉ Tặng Kèm 2 pin",1,2026-04-28,Electronic
5,hình_ảnh chỉ mang tính_chất minh_họa thôi xinh lắm nha nên mua á mọi người,"Hộp Đựng Cơm Túi Đựng Cơm Trưa Giữ Nhiệt Văn Phòng Cách Nhiệt, Combo 3 Ngăn Đựng Thức Ăn 2 Lớp Bằng Thép Không Gỉ 304",1,2026-04-28,Electronic
5,độ chính_xác : quá được,"Cân Tiểu Ly Điện Tử Nhà Bếp 1g-10kg, 0,1g- 5kg METIS Độ Chính Xác Cao, Chất Liệu Hợp Kim Thép Bền Bỉ Tặng Kèm 2 pin",1,2026-04-28,Electronic
5,"gói bảo_hành này thì không_thấy , chắc là do mình không_mua cân cười_lăn_lộn","GÓI BẢO HÀNH ĐIỆN TỬ 1 NĂM cho Cân Tiểu Ly Điện Tử Nhà Bếp 1g-10kg, 0,1g- 5kg METIS Độ Chính Xác Cao",1,2026-04-28,Electronic
5,"hộp đựng cơm xinh_xắn , dễ sử_dụng","Hộp Đựng Cơm Túi Đựng Cơm Trưa Giữ Nhiệt Văn Phòng Cách Nhiệt, Combo 3 Ngăn Đựng Thức Ăn 2 Lớp Bằng Thép Không Gỉ 304",1,2026-04-28,Electronic
5,"đã nhận hàng . chưa_sử_dụng . để dùng thử rồi sẽ quay lại đánh_giá . hy_vọng pin lâu , bền như quảng_cáo","Lược Chải Tóc Điện Ion Âm METIS Lược Duỗi Thẳng, Bảo Vệ Tóc Cao Cấp Với 50 Triệu Ion Âm",1,2026-04-28,Electronic
5,"đã mua lại 2 lần , giá rẻ mà chất_lượng nhen . giao hàng nhanh lắm",Cân Điện Tử METIS Sạc USB Kết Nối Bluetooth Phân Tích Chỉ Số Cơ Thể Trọng Lượng Tối Đa 180kg,1,2026-04-28,Electronic
5,"máy chạy êm , nếu có cơ_hội sẽ tiếp_tục ủng_hộ cửa_hàng . cảm_ơn cửa_hàng .",Máy Sấy Giày Khử Mùi Bằng Tia Cực Tím Thông Minh Có Hiển Thị Nhiệt Độ METIS Combo Làm Khô Tất Đa Năng,1,2026-04-28,Electronic
5,"độ chính_xác : chính_xác chất_liệu : được thiết_kế : gọn_nhẹ cân nhỏ gọn mình mua về để chia phần dinh_dưỡng hằng ngày cho bé , cực_kỳ thích .","Cân Tiểu Ly Điện Tử Nhà Bếp 1g-10kg, 0,1g- 5kg METIS Độ Chính Xác Cao, Chất Liệu Hợp Kim Thép Bền Bỉ Tặng Kèm 2 pin",1,2026-04-27,Electronic
5,"không_thấy phiếu bảo_hành để trong túi , đã nhận hàng , dùng thử xem như_thế_nào","GÓI BẢO HÀNH ĐIỆN TỬ 1 NĂM cho Cân Tiểu Ly Điện Tử Nhà Bếp 1g-10kg, 0,1g- 5kg METIS Độ Chính Xác Cao",1,2026-04-27,Electronic
5,"hộp đẹp , không_biết có giữ nhiệt được không , nhỏ gọn dễ dùng tiện_lợi , tháo ra vệ_sinh được","Hộp Đựng Cơm Túi Đựng Cơm Trưa Giữ Nhiệt Văn Phòng Cách Nhiệt, Combo 3 Ngăn Đựng Thức Ăn 2 Lớp Bằng Thép Không Gỉ 304",1,2026-04-27,Electronic
5,"muốn quản_lý khẩu_phần ăn thì nên mua nhé , rất nhỏ gọn tiện_lợi . mỗi cái không_có_khay để mình cân thôi","Cân Tiểu Ly Điện Tử Nhà Bếp 1g-10kg, 0,1g- 5kg METIS Độ Chính Xác Cao, Chất Liệu Hợp Kim Thép Bền Bỉ Tặng Kèm 2 pin",1,2026-04-27,Electronic
5,"cân có độ_chính_xác cao phù_hợp với nhu_cầu đo_đong đếm hằng ngày , chất_liệu nhựa dễ_dàng sử_dụng","Cân Tiểu Ly Điện Tử Nhà Bếp 1g-10kg, 0,1g- 5kg METIS Độ Chính Xác Cao, Chất Liệu Hợp Kim Thép Bền Bỉ Tặng Kèm 2 pin",1,2026-04-27,Electronic
5,độ chính_xác : gì cả tháng nay rồi mà vẫn chưa_có_giá bán cao hơn nhiều so với các bạn_ý có_thể,Cân Điện Tử METIS Sạc USB Kết Nối Bluetooth Phân Tích Chỉ Số Cơ Thể Trọng Lượng Tối Đa 180kg,1,2026-04-27,Electronic
5,giữ nhiệt : không_giữ nhiệt được nhiều chất_liệu : mỏng thiết_kế : nhỏ gọn,"Hộp Đựng Cơm Túi Đựng Cơm Trưa Giữ Nhiệt Văn Phòng Cách Nhiệt, Combo 3 Ngăn Đựng Thức Ăn 2 Lớp Bằng Thép Không Gỉ 304",1,2026-04-27,Electronic
5,độ chính_xác : chính_xác giao hàng nhanh . đóng_gói cẩn_thận . sản_phẩm tốt . sẽ ủng_hộ thêm ạ,Cân Điện Tử METIS Sạc USB Kết Nối Bluetooth Phân Tích Chỉ Số Cơ Thể Trọng Lượng Tối Đa 180kg,1,2026-04-27,Electronic
5,"độ chính_xác : được kết_nối bluetooth : có thiết_kế : nhỏ gọn vlog đời_thường của một cô gái khiến ai cũng tò_mò về đôi tay , em chỉ cười nói tay em bị cá_sấu cắn mất rồi , biến khiếm_khuyết thành một câu đùa nhẹ_tênh , nhưng nghe xong lại thấy nghẹn trái_tim_yêu_thương",Cân Điện Tử METIS Sạc USB Kết Nối Bluetooth Phân Tích Chỉ Số Cơ Thể Trọng Lượng Tối Đa 180kg,1,2026-04-27,Electronic
5,có gì đâu_mà định của nó điện_tử của bạn và giải_pháp cho biết có đi làm cho anh biết là em có_thể là cười tươi như hoa_hậu hoàn_vũ,GÓI BẢO HÀNH ĐIỆN TỬ 1 NĂM cho Cân Điện Tử METIS Sạc USB Kết Nối Bluetooth Phân Tích Chỉ Số Cơ Thể,1,2026-04-27,Electronic
5,tốt nên mua,Cân Điện Tử METIS Sạc USB Kết Nối Bluetooth Phân Tích Chỉ Số Cơ Thể Trọng Lượng Tối Đa 180kg,1,2026-04-27,Electronic
5,"độ chính_xác : cân chuẩn_á , bỏ chai nước 500 ml lên thấy chuẩn kết_nối bluetooth : cái này thấy được nhưng_mà không_cần_thiết thiết_kế : thiết_kế nhỏ mỏng gọn",Cân Điện Tử METIS Sạc USB Kết Nối Bluetooth Phân Tích Chỉ Số Cơ Thể Trọng Lượng Tối Đa 180kg,1,2026-04-27,Electronic
5,"độ chính_xác : có độ_chính_xác cao . cửa_hàng giao hàng nhanh , đóng hàng cẩn_thận , cảm_ơn cửa_hàng nhiều nhé !","Cân Tiểu Ly Điện Tử Nhà Bếp 1g-10kg, 0,1g- 5kg METIS Độ Chính Xác Cao, Chất Liệu Hợp Kim Thép Bền Bỉ Tặng Kèm 2 pin",1,2026-04-27,Electronic
5,"độ chính_xác : cân chính_xác lắm nha kết_nối bluetooth : kết_nối bluetooth dễ_dàng thiết_kế : thiết_kế nhỏ gọn cân_điện_tử nhỏ gọn dễ dùng , phù_hợp theo_dõi sức_khỏe và cân nặng",Cân Điện Tử METIS Sạc USB Kết Nối Bluetooth Phân Tích Chỉ Số Cơ Thể Trọng Lượng Tối Đa 180kg,1,2026-04-26,Electronic
5,tốc_độ : được chất_liệu : oi_kích_thước : được giao nhanh_chóng gói cẩn_thận sẽ mua lại lần sau uy_tín,"Máy Sấy Quần Áo Gấp Gọn Treo Tường Sang Trọng Nhỏ Gọn METIS, Combo Làm Khô Đồ Với Công Nghệ Sấy 3D Tiết Kiệm Điện",1,2026-04-26,Electronic
5,"độ chính_xác : hh chất_liệu : vhh thiết_kế : vhh giao hàng nhanh , giá_cả phù_hợp , chất_lượng sản_phẩm ổn , sẽ quay lại ủng_hộ cửa_hàng sau","Cân Tiểu Ly Điện Tử Nhà Bếp 1g-10kg, 0,1g- 5kg METIS Độ Chính Xác Cao, Chất Liệu Hợp Kim Thép Bền Bỉ Tặng Kèm 2 pin",1,2026-04-26,Electronic
5,ổn so với tầm giá,Cân Điện Tử METIS Sạc USB Kết Nối Bluetooth Phân Tích Chỉ Số Cơ Thể Trọng Lượng Tối Đa 180kg,1,2026-04-26,Electronic
5,cửa_hàng giao hàng nhanh giá_cả hợp_lý hàng đúng với sản_phẩm mô_tả hình_như đây là của thái thì phải,Ổ Cắm Chịu Tải Đa Năng Có 7 Cổng 2 usb Và 1 type c Có Công Tắc Điều Khiển An Toàn Tiện Lợi,1,2026-04-26,Electronic
5,"chính_xác : cân có độ_chính_xác cao , phù_hợp với nhu_cầu đong_đếm hàng ngày . chất_liệu : chất_liệu bằng inox không_gỉ , bền và dễ lau_chùi . thiết_kế : thiết_kế nhỏ gọn , cầm tiện_lợi , thiết_bị hiện_đại .","Cân Tiểu Ly Điện Tử Nhà Bếp 1g-10kg, 0,1g- 5kg METIS Độ Chính Xác Cao, Chất Liệu Hợp Kim Thép Bền Bỉ Tặng Kèm 2 pin",1,2026-04-26,Electronic
5,"pin hết nhanh quá , mới sạc đầy dùng được đúng 1 lần hết sạch pin luôn . mà lược này chỉ hợp tóc mỏng thôi , chứ tóc dày không_được_lắm","Lược Chải Tóc Điện Ion Âm METIS Lược Duỗi Thẳng, Bảo Vệ Tóc Cao Cấp Với 50 Triệu Ion Âm",1,2026-04-26,Electronic
5,em cũng muốn mua thêm cái này để có_giá hơn hẳn cho em đấy nhé ạ cười,Cân Điện Tử METIS Sạc USB Kết Nối Bluetooth Phân Tích Chỉ Số Cơ Thể Trọng Lượng Tối Đa 180kg,1,2026-04-26,Electronic
5,"giữ nhiệt : giữ nhiệt cũng tàm tạm thôi sản_phẩm đúng mô_tả , đẹp , nhỏ gọn dễ mang đi làm đi học","Hộp Đựng Cơm Túi Đựng Cơm Trưa Giữ Nhiệt Văn Phòng Cách Nhiệt, Combo 3 Ngăn Đựng Thức Ăn 2 Lớp Bằng Thép Không Gỉ 304",1,2026-04-25,Electronic
5,chào các bạn tôi vừa nhận được tin nhắn của bạn từ công_việc hôm_nay và bạn có_thể làm_việc đó và sau đó tôi sẽ ở đó trong,"Cân Tiểu Ly Điện Tử Nhà Bếp 1g-10kg, 0,1g- 5kg METIS Độ Chính Xác Cao, Chất Liệu Hợp Kim Thép Bền Bỉ Tặng Kèm 2 pin",1,2026-04-25,Electronic
5,"không_sợ nam8_khổ , chỉ sợ ảnh lụy trầm_ngâm tên phim : hoàn_hảo vương miện_cơ mà mê cái kính ảnh đeo ghê cười_ra_nước_mắt cười_ra_nước_mắt hoàn_hảo vương_miện yêu byeonwooseok nguồn motphimhanquoc",GÓI BẢO HÀNH ĐIỆN TỬ 1 NĂM cho Cân Điện Tử METIS Sạc USB Kết Nối Bluetooth Phân Tích Chỉ Số Cơ Thể,1,2026-04-25,Electronic
5,"giữ nhiệt : giữ nhiệt ở mức ổn chất_liệu : cũng tạm thiết_kế : hơi nhỏ đối_với tôi khá là được , hợp với học_sinh sinh_viên","Hộp Đựng Cơm Túi Đựng Cơm Trưa Giữ Nhiệt Văn Phòng Cách Nhiệt, Combo 3 Ngăn Đựng Thức Ăn 2 Lớp Bằng Thép Không Gỉ 304",1,2026-04-25,Electronic
5,độ chính_xác : tôi thấy cân_chuẩn với những lần cân khác nhau kết_nối bluetooth : kết_nối dễ_dàng thiết_kế : thiết_kế gọn_gàng mặt kính đẹp,Cân Điện Tử METIS Sạc USB Kết Nối Bluetooth Phân Tích Chỉ Số Cơ Thể Trọng Lượng Tối Đa 180kg,1,2026-04-25,Electronic
5,chưa_bị gì nên kết_bạn nhưng cân được mình mua 2 cái rồi nên mua nhé mọi_người,GÓI BẢO HÀNH ĐIỆN TỬ 1 NĂM cho Cân Điện Tử METIS Sạc USB Kết Nối Bluetooth Phân Tích Chỉ Số Cơ Thể,1,2026-04-25,Electronic
5,"mình mua lần 2 rồi rất được mọi_người nên mua nha , giao nhanh lắm . chăm_sóc khách_hàng cũng được luôn",Cân Điện Tử METIS Sạc USB Kết Nối Bluetooth Phân Tích Chỉ Số Cơ Thể Trọng Lượng Tối Đa 180kg,1,2026-04-25,Electronic
5,"cân đẹp , giao hàng nhanh , mình không_biết cách kết_nối",Cân Điện Tử METIS Sạc USB Kết Nối Bluetooth Phân Tích Chỉ Số Cơ Thể Trọng Lượng Tối Đa 180kg,1,2026-04-25,Electronic
5,giao hàng nhanh giao đúng sản_phẩm giá hợp_lý_do gì mà không_có_gì đâu_mà em không_có_gì,Cân Điện Tử METIS Sạc USB Kết Nối Bluetooth Phân Tích Chỉ Số Cơ Thể Trọng Lượng Tối Đa 180kg,1,2026-04-25,Electronic
5,nhiệt_độ : nhiệt_độ : tôi thấy nhiệt_độ lên rất nhanh và dễ điều_chỉnh theo nhu_cầu . khả_năng tạo kiểu : nhiệt_độ : tôi thấy nhiệt_độ lên rất nhanh và dễ điều_chỉnh theo nhu_cầu .,"Lược Chải Tóc Điện Ion Âm METIS Lược Duỗi Thẳng, Bảo Vệ Tóc Cao Cấp Với 50 Triệu Ion Âm",1,2026-04-25,Electronic
5,"bạn có_thể qua nạp điện_thoại miễn_phí 10.000 đ trong ví_điện_tử momo , hết hạn 21 4 . mở ví ưu_đãi quà của tôi dùng ngay !",Cân Điện Tử METIS Sạc USB Kết Nối Bluetooth Phân Tích Chỉ Số Cơ Thể Trọng Lượng Tối Đa 180kg,1,2026-04-25,Electronic
5,sản_phẩm tốt giống như phần mô_tả của shop . nhđxcvjịncffssxvhjkk,"Lược Chải Tóc Điện Ion Âm METIS Lược Duỗi Thẳng, Bảo Vệ Tóc Cao Cấp Với 50 Triệu Ion Âm",1,2026-04-25,Electronic
5,độ chính_xác : được kết_nối bluetooth : dễ dùng đẹp_nha nên mua rất dễ dùng hiện_đại nhỏ gọn_tiện lợi,Cân Điện Tử METIS Sạc USB Kết Nối Bluetooth Phân Tích Chỉ Số Cơ Thể Trọng Lượng Tối Đa 180kg,1,2026-04-25,Electronic
5,độ chính_xác : được nha không_biết chuẩn không_mà thấy cũng được ạ nhỏ gọn dễ dùng được,GÓI BẢO HÀNH ĐIỆN TỬ 1 NĂM cho Cân Điện Tử METIS Sạc USB Kết Nối Bluetooth Phân Tích Chỉ Số Cơ Thể,1,2026-04-25,Electronic
5,"độ chính_xác : cũng khá chính_xác ạ kết_nối bluetooth : nhanh dễ_dàng thiết_kế : đẹp cân cũng khá chính_xác , không_lệch nhiều , ổn_áp ạ",Cân Điện Tử METIS Sạc USB Kết Nối Bluetooth Phân Tích Chỉ Số Cơ Thể Trọng Lượng Tối Đa 180kg,1,2026-04-25,Electronic
5,cân xịn_sò lắm nha cửa_hàng,Cân Điện Tử METIS Sạc USB Kết Nối Bluetooth Phân Tích Chỉ Số Cơ Thể Trọng Lượng Tối Đa 180kg,1,2026-04-25,Electronic
5,"cổ_đông sáng_lập muốn chia cổ_tức bằng tiền_mặt , chủ_tịch và phó chủ_tịch hdbank thuyết_phục gần 10 phút để cổ_đông chịu chia cổ_phiếu","Hộp Đựng Cơm Túi Đựng Cơm Trưa Giữ Nhiệt Văn Phòng Cách Nhiệt, Combo 3 Ngăn Đựng Thức Ăn 2 Lớp Bằng Thép Không Gỉ 304",1,2026-04-25,Electronic
5,"nắng_nhẹ ra đường với lớp da đẹp là tự_động tâm_trạng lên liền luôn đó các chị ơi hôn_gió không_cần_trang_điểm cầu_kỳ , chỉ cần chọn đúng chống nắng là đủ ăn_điểm cả ngày rồi lấp_lánh trái_tim_vàng serum chống nắng bọc_viên nang vely vely 3 1 0 em này đúng kiểu hoa_hậu chống nắng bên hàn , ai dùng rồi cũng mê lấp_lánh chống nắng mạnh_mẽ bảo_vệ da tối_đa lấp_lánh nâng tông nhẹ_nhàng da sáng trong_veo , không_bệt lấp_lánh viên nang tan trên da_tạo lớp nền căng bóng , mịn_mướt như vừa chăm_sóc da xịn chỉ_sang_phải hiệu_ứng da nhìn kiểu căng bóng , căng mướt như vừa làm meso nhẹ luôn á mê_mẩn serumchốngnắng căngbóngnângtone velyvely",GÓI BẢO HÀNH ĐIỆN TỬ 1 NĂM cho Cân Điện Tử METIS Sạc USB Kết Nối Bluetooth Phân Tích Chỉ Số Cơ Thể,1,2026-04-24,Electronic
5,"mua được chỉ vàng đu_đỉnh 17 triệu 850 , giờ cần tiền bán 15 , liệu vàng có lên lại không_các bác , tiếc_đứt ruột khóc_nức_nở",Cân Điện Tử METIS Sạc USB Kết Nối Bluetooth Phân Tích Chỉ Số Cơ Thể Trọng Lượng Tối Đa 180kg,1,2026-04-24,Electronic
5,"nếu là một tín_đồ của matcha , say đắm hương_vị đậm_đà và màu xanh đẹp_mắt thì đừng_bỏ_qua",Cân Điện Tử METIS Sạc USB Kết Nối Bluetooth Phân Tích Chỉ Số Cơ Thể Trọng Lượng Tối Đa 180kg,1,2026-04-24,Electronic
5,"tốc_độ : sấy tóc tương_đối khá nhanh chế_độ : có 2 chế_độ gió_mát , gió ấm tiếng ồn : sấy cũng ổn không_quá ồn_sấy tóc ổn_áp , màu_sắc máy khá là đẹp . màu xinh_cưng xỉu , sấy tóc con gái mình khá ổn . giao hàng nhanh , chống sốc đàng_hoàng .",Máy Sấy Tóc Ion Âm 5in1 METIS Không Cánh Quạt 3 Tốc Độ Công Suất 2200W 2 Chiều Tặng Kèm Đầu Sấy,1,2026-04-24,Electronic
5,lược dùng khá tốt nhưng do giá rẻ nên xài pin dung_lượng thấp chỉ chải 1 đầu là hết pin rồi phải sạc tiếp luôn nhưng được_cái tiện_dụng hơn máy ép,"Lược Chải Tóc Điện Ion Âm METIS Lược Duỗi Thẳng, Bảo Vệ Tóc Cao Cấp Với 50 Triệu Ion Âm",1,2026-04-24,Electronic
5,ảnh không_liên_quan nhưng_mà mua cân để về cân ? thấy giá hợp_lý với cũng có app xịn xò này kia được,Cân Điện Tử METIS Sạc USB Kết Nối Bluetooth Phân Tích Chỉ Số Cơ Thể Trọng Lượng Tối Đa 180kg,1,2026-04-24,Electronic
5,"giao hàng nhanh , đóng_gói cẩn_thận , đủ số_lượng , giá_cả được , nói_chung được nhé","Lược Chải Tóc Điện Ion Âm METIS Lược Duỗi Thẳng, Bảo Vệ Tóc Cao Cấp Với 50 Triệu Ion Âm",1,2026-04-24,Electronic
5,"gối ôm dài người_lớn dài 95 cm dùng cho bé từ 6 tuổi ôm ngủ , vỏ gối ôm kéo khóa nhiều mẫu vải ameli",Cân Điện Tử METIS Sạc USB Kết Nối Bluetooth Phân Tích Chỉ Số Cơ Thể Trọng Lượng Tối Đa 180kg,1,2026-04-24,Electronic
5,"hộp giữ nhiệt , khá là mỏng , giữ nóng không_lâu lắm , màu_sắc_đẹp , giao hàng nhanh","Hộp Đựng Cơm Túi Đựng Cơm Trưa Giữ Nhiệt Văn Phòng Cách Nhiệt, Combo 3 Ngăn Đựng Thức Ăn 2 Lớp Bằng Thép Không Gỉ 304",1,2026-04-24,Electronic
5,công_dụng : giáo_viên đối_tượng sử_dụng : vui_vẻ các em nhắc các bạn lịch thu học_phí bắt_đầu từ 3 4 2026 đến 17 h ngày 19 4 2026 và hướng_dẫn xử_lý chậm nộp học_phí . trân_trọng,Cân Điện Tử METIS Sạc USB Kết Nối Bluetooth Phân Tích Chỉ Số Cơ Thể Trọng Lượng Tối Đa 180kg,1,2026-04-24,Electronic
5,"sấy nhanh : nhanh khử mùi : tốt độ bền : bền dấu_đúng dấu_đúng tính_năng nổi_bật . thiết_kế không_khí nóng 3 chiều 360 làm cho khô nhanh_chóng . chức_năng hẹn giờ tự_ngắt thông_minh , hoạt_động đơn_giản cho mọi lứa tuổi thiết_kế kiểu_dáng nhỏ gọn , tiện_dụng , có tay cầm mang đi tiện_lợi . sử_dụng công_nghệ tia cực tím giúp khử_khuẩn , khử mùi hôi cho đồ_vật . sản_phẩm được nghiên_cứu và cài_đặt nhiệt_độ cố_định 55 độ . an_toàn cho giày , không_lo hỏng giày do nhiệt_độ . tiết_kiệm điện máy_sấy giày đa_năng khử_trùng , khử mùi giày_tất , găng_tay bằng tia cực tím loại cao_cấp msg01 dấu_đúng dấu_đúng thông_tin sản_phẩm công_dụng đa_năng , sử_dụng cho : giầy , dép , tất , găng_tay , . vui_vẻ . chất_liệu : vỏ nhựa chống cháy , chống nén , đảm_bảo an_toàn cho gia_đình bạn . loại_bỏ vi_khuẩn và mùi hôi nhờ vào công_nghệ tia cực tím . công_suất 220 v 180 w .",Máy Sấy Giày Khử Mùi Bằng Tia Cực Tím Thông Minh Có Hiển Thị Nhiệt Độ METIS Combo Làm Khô Tất Đa Năng,1,2026-04-24,Electronic
5,sản_phẩm này có chất_lượng cao nên mua nhé mọi người ơi em rất thích,Cân Điện Tử METIS Sạc USB Kết Nối Bluetooth Phân Tích Chỉ Số Cơ Thể Trọng Lượng Tối Đa 180kg,1,2026-04-24,Electronic
5,giữ nhiệt : không_giữ nhiệt_lâu chất_liệu : inox 304 thiết_kế : tiện ? nhỏ ? gọn_al w yqvkd qcqud qh,"Hộp Đựng Cơm Túi Đựng Cơm Trưa Giữ Nhiệt Văn Phòng Cách Nhiệt, Combo 3 Ngăn Đựng Thức Ăn 2 Lớp Bằng Thép Không Gỉ 304",1,2026-04-24,Electronic
5,độ bền : tốt tốc_độ đun : bình_thường thiết_kế : được,"Ấm đun siêu tốc, Bình đun nước thủy tinh siêu tốc 2.5L, inox không gỉ dung tích 1.8L METIS tay cầm chống nóng",1,2026-04-24,Electronic
5,"sản_phẩm tốt , hợp với giá tiền , nên dùng thử , có sẵn_đũa và thìa , túi đựng hộp cơm","Hộp Đựng Cơm Túi Đựng Cơm Trưa Giữ Nhiệt Văn Phòng Cách Nhiệt, Combo 3 Ngăn Đựng Thức Ăn 2 Lớp Bằng Thép Không Gỉ 304",1,2026-04-24,Electronic
5,cân rất nhạy và chính_xác nha cả nhà ơi nên mua nha mua về để cần mấy cái dụng_cụ trong bếp,"Cân Tiểu Ly Điện Tử Nhà Bếp 1g-10kg, 0,1g- 5kg METIS Độ Chính Xác Cao, Chất Liệu Hợp Kim Thép Bền Bỉ Tặng Kèm 2 pin",1,2026-04-23,Electronic
5,"độ chính_xác : chưa_biết thiết_kế : chưa_biết sản_phẩm tốt , nên mua và hình_ảnh chỉ mang tính_chất minh họa thôi nhé",GÓI BẢO HÀNH ĐIỆN TỬ 1 NĂM cho Cân Điện Tử METIS Sạc USB Kết Nối Bluetooth Phân Tích Chỉ Số Cơ Thể,1,2026-04-23,Electronic
5,hmm chuyện gì đang xảy ra vừa_rồi tôi và gia_đình bạn có một tốt,Cân Điện Tử METIS Sạc USB Kết Nối Bluetooth Phân Tích Chỉ Số Cơ Thể Trọng Lượng Tối Đa 180kg,1,2026-04-23,Electronic
5,em không_có_gì để làm nữa cả ông ạ bố ơi bố ơi không_phải_lo gì cả vì em không_muốn_con làm,Cân Điện Tử METIS Sạc USB Kết Nối Bluetooth Phân Tích Chỉ Số Cơ Thể Trọng Lượng Tối Đa 180kg,1,2026-04-23,Electronic
5,"công_dụng : đồ số 1 của bản_thân : nói_chung là được lắm đó mọi người cũng đáng mua lắm , giao_hơi lâu trong hà_nội lận",Cân Điện Tử METIS Sạc USB Kết Nối Bluetooth Phân Tích Chỉ Số Cơ Thể Trọng Lượng Tối Đa 180kg,1,2026-04-23,Electronic
5,gió : quạt_gió mạnh có nhiều mức nóng_lạnh mạnh nhẹ phù_hợp với nhiều loại tóc,"Máy sấy tóc ion âm 2 chiều nóng lạnh METIS, công suất 2200W không cánh quạt, nhanh khô, bảo vệ tóc",1,2026-04-23,Electronic
5,"độ chính_xác : hộp đẹp giữ nhiệt tốt , giao hàng nhanh , tiện_lợi nói_chung là được nha mọi người","GÓI BẢO HÀNH ĐIỆN TỬ 1 NĂM cho Cân Tiểu Ly Điện Tử Nhà Bếp 1g-10kg, 0,1g- 5kg METIS Độ Chính Xác Cao",1,2026-04-23,Electronic
5,"giữ nhiệt : hộp đẹp giữ nhiệt tốt , giao hàng nhanh , tiện_lợi nói_chung là được nha mọi người chất_liệu : hình_ảnh không_liên_quan lắm mang tính_chất nhận xu","Hộp Đựng Cơm Túi Đựng Cơm Trưa Giữ Nhiệt Văn Phòng Cách Nhiệt, Combo 3 Ngăn Đựng Thức Ăn 2 Lớp Bằng Thép Không Gỉ 304",1,2026-04-23,Electronic
5,"độ chính_xác : cân khá chuẩn thiết_kế : gọn_nhẹ , mặt kính chắc_chắn",Cân Điện Tử METIS Sạc USB Kết Nối Bluetooth Phân Tích Chỉ Số Cơ Thể Trọng Lượng Tối Đa 180kg,1,2026-04-23,Electronic
5,"cân điện_tử dùng ổn , đo khá chính_xác , cân nhiều lần không_bị lệch nhiều . kết_nối bluetooth nhanh , app dễ dùng để theo_dõi cân nặng . thiết_kế đẹp , mặt kính chắc_chắn , nhìn sang . sạc usb_tiện , không_cần_thay pin . rất đáng mua trong tầm giá .",Cân Điện Tử METIS Sạc USB Kết Nối Bluetooth Phân Tích Chỉ Số Cơ Thể Trọng Lượng Tối Đa 180kg,1,2026-04-23,Electronic
5,giao hàng nhanh chưa_dùng thử nên chưa_biết thế_nào mà trông cũng ổn,"GÓI BẢO HÀNH ĐIỆN TỬ 1 NĂM cho Cân Tiểu Ly Điện Tử Nhà Bếp 1g-10kg, 0,1g- 5kg METIS Độ Chính Xác Cao",1,2026-04-23,Electronic
5,độ chính_xác : hên xui thiết_kế : nhỏ gọn_độ chính_xác thì không_biết tại không_có_cái cân khác để so_sánh . nói_chung cũng ổn_áp,GÓI BẢO HÀNH ĐIỆN TỬ 1 NĂM cho Cân Điện Tử METIS Sạc USB Kết Nối Bluetooth Phân Tích Chỉ Số Cơ Thể,1,2026-04-23,Electronic
5,"độ chính_xác : không_biết chất_liệu : nhựa thiết_kế : gọn , nhẹ_độ chính_xác thì không_biết tại không_có_cái cân khác để so_sánh . nói_chung cũng ổn_áp","Cân Tiểu Ly Điện Tử Nhà Bếp 1g-10kg, 0,1g- 5kg METIS Độ Chính Xác Cao, Chất Liệu Hợp Kim Thép Bền Bỉ Tặng Kèm 2 pin",1,2026-04-23,Electronic
5,"cân được giao hàng nhanh , không_thấy có giấy bảo_hành mặc_dù mình mua loại bảo_hành 24 tháng , khá xinh_thiết_kế đẹp",Cân Điện Tử METIS Sạc USB Kết Nối Bluetooth Phân Tích Chỉ Số Cơ Thể Trọng Lượng Tối Đa 180kg,1,2026-04-23,Electronic
5,"độ chính_xác : tôi thấy cân_chuẩn với nhiều lần cân khác nhau kết_nối bluetooth : kết_nối bluetooth để xem các chỉ_số sức khỏe thiết_kế : thiết_kế nhỏ gọn , đẹp , mọi người nên mua sẽ quay lại ủng_hộ khi cần",Cân Điện Tử METIS Sạc USB Kết Nối Bluetooth Phân Tích Chỉ Số Cơ Thể Trọng Lượng Tối Đa 180kg,1,2026-04-23,Electronic
5,giữ nhiệt : khá ổn chất_liệu : inox mỏng thiết_kế : 3 tầng giữ nhiệt khá ổn phù_hợp người đi làm văn_phòng ăn ít hoặc vừa đủ,"Hộp Đựng Cơm Túi Đựng Cơm Trưa Giữ Nhiệt Văn Phòng Cách Nhiệt, Combo 3 Ngăn Đựng Thức Ăn 2 Lớp Bằng Thép Không Gỉ 304",1,2026-04-23,Electronic
5,đã nhận hàng,GÓI BẢO HÀNH ĐIỆN TỬ 1 NĂM cho Cân Điện Tử METIS Sạc USB Kết Nối Bluetooth Phân Tích Chỉ Số Cơ Thể,1,2026-04-23,Electronic
5,"độ chính_xác : được kết_nối bluetooth : được thiết_kế : được giao đúng mẫu sản_phẩm , giá_cả phù_hợp , hài_lòng , chất_lượng được đảm_bảo",Cân Điện Tử METIS Sạc USB Kết Nối Bluetooth Phân Tích Chỉ Số Cơ Thể Trọng Lượng Tối Đa 180kg,1,2026-04-23,Electronic
5,độ chính_xác : cân khá chuẩn kết_nối bluetooth : mình chưa_kết_nối thử thiết_kế : nhỏ gọn cân giá_thành rẻ nhiều chức_năng cân cũng đúng khá được,Cân Điện Tử METIS Sạc USB Kết Nối Bluetooth Phân Tích Chỉ Số Cơ Thể Trọng Lượng Tối Đa 180kg,1,2026-04-23,Electronic
5,độ chính_xác : tôi thấy cân rất chuẩn với các lần cân khác nhau .,Cân Điện Tử METIS Sạc USB Kết Nối Bluetooth Phân Tích Chỉ Số Cơ Thể Trọng Lượng Tối Đa 180kg,1,2026-04-23,Electronic
5,"giữ nhiệt : được chất_liệu : được thiết_kế : được đẹp , nhìn sạch_sẽ tiện_lợi , hàng giao nhanh , hài_lòng nha cửa_hàng","Hộp Đựng Cơm Túi Đựng Cơm Trưa Giữ Nhiệt Văn Phòng Cách Nhiệt, Combo 3 Ngăn Đựng Thức Ăn 2 Lớp Bằng Thép Không Gỉ 304",1,2026-04-23,Electronic
5,"cân điện_tử cân chính_xác , có phiếu bảo_hành , nhỏ gọn thích_hợp mang theo để cân kiểm_soát khẩu_phần ăn .","Cân Tiểu Ly Điện Tử Nhà Bếp 1g-10kg, 0,1g- 5kg METIS Độ Chính Xác Cao, Chất Liệu Hợp Kim Thép Bền Bỉ Tặng Kèm 2 pin",1,2026-04-23,Electronic
5,kết_nối bluetooth : đúng,Cân Điện Tử METIS Sạc USB Kết Nối Bluetooth Phân Tích Chỉ Số Cơ Thể Trọng Lượng Tối Đa 180kg,1,2026-04-23,Electronic
5,"độ chính_xác : cân dùng khá được . mình làm sữa chua , làm bánh nên cần dùng để đong định_lượng bột . có sai_số 1 ít không_đáng_kể","Cân Tiểu Ly Điện Tử Nhà Bếp 1g-10kg, 0,1g- 5kg METIS Độ Chính Xác Cao, Chất Liệu Hợp Kim Thép Bền Bỉ Tặng Kèm 2 pin",1,2026-04-23,Electronic
5,cân được lắm . kết_nối bluetooth với điện_thoại cho chỉ_số . dễ sử_dụng . giá rẻ . ổn_áp . đóng_gói kỹ . giao nhanh . được nha,Cân Điện Tử METIS Sạc USB Kết Nối Bluetooth Phân Tích Chỉ Số Cơ Thể Trọng Lượng Tối Đa 180kg,1,2026-04-23,Electronic
5,độ chính_xác : hơi lệch nhẹ kết_nối bluetooth : chưa_kết_nối nên không_biết thiết_kế : đẹp nếu dùng ổn sẽ ủng_hộ cửa_hàng dài dài liệt_kê chi_tiết từ mới từng đoạn có chữ hán pinyin tiếng việt làm đầy_đủ không_thiếu chữ nào !,Cân Điện Tử METIS Sạc USB Kết Nối Bluetooth Phân Tích Chỉ Số Cơ Thể Trọng Lượng Tối Đa 180kg,1,2026-04-22,Electronic
5,"độ chính_xác : chuẩn kết_nối bluetooth : để dễ_dàng kiểm_tra sức khỏe bản_thân thiết_kế : nhỏ gọn , tiện_lợi xinh",Cân Điện Tử METIS Sạc USB Kết Nối Bluetooth Phân Tích Chỉ Số Cơ Thể Trọng Lượng Tối Đa 180kg,1,2026-04-22,Electronic
5,tạm được thỉnh_thoảng cái cân nó bị dở_hơi nha kiểu số đo không_được_chuẩn lắm vừa cân lúc trước lúc sau đã chênh rồi,Cân Điện Tử METIS Sạc USB Kết Nối Bluetooth Phân Tích Chỉ Số Cơ Thể Trọng Lượng Tối Đa 180kg,1,2026-04-22,Electronic
5,"hộp cơm giữ nhiệt khá tốt đồ_ăn vẫn còn ấm , thiết_kế nhỏ gọn dễ mang đi làm và bảo_quản đồ_ăn không_bị","Hộp Đựng Cơm Túi Đựng Cơm Trưa Giữ Nhiệt Văn Phòng Cách Nhiệt, Combo 3 Ngăn Đựng Thức Ăn 2 Lớp Bằng Thép Không Gỉ 304",1,2026-04-22,Electronic
5,tôi thấy cân rất chính_xác khi sử_dụng trong nhà_bếp thiết_kế đẹp,"GÓI BẢO HÀNH ĐIỆN TỬ 1 NĂM cho Cân Tiểu Ly Điện Tử Nhà Bếp 1g-10kg, 0,1g- 5kg METIS Độ Chính Xác Cao",1,2026-04-22,Electronic
5,"ê ok_nha mới xài thử xong nóng nhanh có_thể coi nhiệt_độ tăng và lượng pin mình mua để chải tóc mái với bị vểnh_tiện lắm , nhấc bìa giấy lên ở dưới có kẹp với lược nữa","Lược Chải Tóc Điện Ion Âm METIS Lược Duỗi Thẳng, Bảo Vệ Tóc Cao Cấp Với 50 Triệu Ion Âm",1,2026-04-22,Electronic
5,"siêu_thị điện_máy xanh 322 đại_lộ bình_dương tưng_bừng khai_trương và khuyến_mãi tại địa_chỉ 322 đại_lộ bình_dương , khu_phố 1 , phường thủ_dầu một , thành_phố hồ chí_minh , việt_nam từ ngày 15 06 2012 , tại cửa_hàng cung_cấp các mặt_hàng chính_hãng và dịch_vụ chuyên_nghiệp nhất : giá_trị khách_hàng nhân_viên niềm_nở đón_tiếp khách_hàng từ cửa chính của siêu_thị giá_trị khách_hàng cam_kết hàng hóa chính hãng 100 , với mẫu",Cân Điện Tử METIS Sạc USB Kết Nối Bluetooth Phân Tích Chỉ Số Cơ Thể Trọng Lượng Tối Đa 180kg,1,2026-04-22,Electronic
5,công_suất : ổn,GÓI BẢO HÀNH ĐIỆN TỬ 1 NĂM cho Máy Sấy Tóc Ion Âm 5in1 METIS Không Cánh Quạt 3 Tốc Độ Công Suất 2200W 2 Chiều,1,2026-04-22,Electronic
5,tiếng ồn : không_ồn,Máy Sấy Tóc Ion Âm 5in1 METIS Không Cánh Quạt 3 Tốc Độ Công Suất 2200W 2 Chiều Tặng Kèm Đầu Sấy,1,2026-04-22,Electronic
5,"độ chính_xác : được chất_liệu : nhựa thiết_kế : nhỏ gọn giao nhanh , cân nhỏ gọn , mua để cân thực_phẩm cho bé","Cân Tiểu Ly Điện Tử Nhà Bếp 1g-10kg, 0,1g- 5kg METIS Độ Chính Xác Cao, Chất Liệu Hợp Kim Thép Bền Bỉ Tặng Kèm 2 pin",1,2026-04-22,Electronic
5,độ chính_xác : chính_xác kết_nối bluetooth : được thiết_kế : gọn sản_phẩm tốt đúng mẫu màu đẹp sau sẽ ủng_hộ cửa_hàng thật nhiều cảm_ơn nhiều,Cân Điện Tử METIS Sạc USB Kết Nối Bluetooth Phân Tích Chỉ Số Cơ Thể Trọng Lượng Tối Đa 180kg,1,2026-04-22,Electronic
5,cửa_hàng giao hàng nhanh đúng mẫu uy_tín chất_lượng sẽ ủng_hộ cửa_hàng tiếp,"Hộp Đựng Cơm Túi Đựng Cơm Trưa Giữ Nhiệt Văn Phòng Cách Nhiệt, Combo 3 Ngăn Đựng Thức Ăn 2 Lớp Bằng Thép Không Gỉ 304",1,2026-04-22,Electronic
5,"độ chính_xác : mới dùng thì thấy cũng được cân đi cân lại rất chính_xác , nhưng không_biết dùng lâu_dài thì như_thế_nào chất_liệu : nhựa thiết_kế : nhỏ gọn","Cân Tiểu Ly Điện Tử Nhà Bếp 1g-10kg, 0,1g- 5kg METIS Độ Chính Xác Cao, Chất Liệu Hợp Kim Thép Bền Bỉ Tặng Kèm 2 pin",1,2026-04-22,Electronic
4,"giao hàng nhanh , không_biết do đâu_giao_bể 1 hộp , buồn luôn","Hộp Đựng Cơm Túi Đựng Cơm Trưa Giữ Nhiệt Văn Phòng Cách Nhiệt, Combo 3 Ngăn Đựng Thức Ăn 2 Lớp Bằng Thép Không Gỉ 304",1,2026-05-02,Electronic
4,"dây cắm hơi ngắn , chưa_sử_dụng nên chưa_biết kết_quả","Ấm đun siêu tốc, Bình đun nước thủy tinh siêu tốc 2.5L, inox không gỉ dung tích 1.8L METIS tay cầm chống nóng",1,2026-04-29,Electronic
4,"nhiệt_độ : hơi yếu khả_năng tạo kiểu : được chất_liệu : được đóng_gói hàng cẩn_thận , không_thiếu sản_phẩm nào , sản_phẩm phù_hợp với giá tiền","Lược Chải Tóc Điện Ion Âm METIS Lược Duỗi Thẳng, Bảo Vệ Tóc Cao Cấp Với 50 Triệu Ion Âm",1,2026-04-29,Electronic
4,"độ chính_xác : không_chính_xác mấy kết_nối bluetooth : dễ_dàng thiết_kế : nhỏ gọn giao hàng khá nhanh màu hồng đẹp mua loại mới nhất , cân lúc 52 51 kg không_ra_thể_nào mặt cười_mặt cười",Cân Điện Tử METIS Sạc USB Kết Nối Bluetooth Phân Tích Chỉ Số Cơ Thể Trọng Lượng Tối Đa 180kg,1,2026-04-28,Electronic
4,cân có độ_chính_xác cao phù_hợp với yêu_cầu đo_đếm hằng ngày chất_liệu bằng inox không_gỉ_bền và dễ lau_chùi thiết_kế nhỏ gọn phần tiện_lợi thiết_bị hiện_đại,"Cân Tiểu Ly Điện Tử Nhà Bếp 1g-10kg, 0,1g- 5kg METIS Độ Chính Xác Cao, Chất Liệu Hợp Kim Thép Bền Bỉ Tặng Kèm 2 pin",1,2026-04-27,Electronic
4,ê_em với ạ với cả hai người đó là những lời_nói chỉ là em có biết_đâu em đi bạn có_thể,GÓI BẢO HÀNH ĐIỆN TỬ 1 NĂM cho Máy Sấy Tóc Ion Âm 5in1 METIS Không Cánh Quạt 3 Tốc Độ Công Suất 2200W 2 Chiều,1,2026-04-25,Electronic
4,ê ê_ê em không_biết làm thế_này không_phải_là_người_yêu của anh_em có_thể nói_chuyện với,Máy Sấy Tóc Ion Âm 5in1 METIS Không Cánh Quạt 3 Tốc Độ Công Suất 2200W 2 Chiều Tặng Kèm Đầu Sấy,1,2026-04-25,Electronic
4,tốc_độ : bình_thường tiếng ồn : hơi ồn,Máy Sấy Tóc Ion Âm 5in1 METIS Không Cánh Quạt 3 Tốc Độ Công Suất 2200W 2 Chiều Tặng Kèm Đầu Sấy,1,2026-04-24,Electronic
4,tốc_độ : bình_thường,"Máy Sấy Quần Áo Gấp Gọn Treo Tường Sang Trọng Nhỏ Gọn METIS, Combo Làm Khô Đồ Với Công Nghệ Sấy 3D Tiết Kiệm Điện",1,2026-04-24,Electronic
4,cân không_chuẩn lắm,Cân Điện Tử METIS Sạc USB Kết Nối Bluetooth Phân Tích Chỉ Số Cơ Thể Trọng Lượng Tối Đa 180kg,1,2026-04-23,Electronic
4,"độ chính_xác : cả nhà ơi , cho em hỏi_xíu , em mới làm thẻ thăm_thân cho bé của sếp , thẻ tạm_trú 2 năm , nhưng visa lại chỉ cấp 1 năm , là do cục cấp sai hay_là thăm_thân visa chỉ được 1 năm thôi à","Cân Tiểu Ly Điện Tử Nhà Bếp 1g-10kg, 0,1g- 5kg METIS Độ Chính Xác Cao, Chất Liệu Hợp Kim Thép Bền Bỉ Tặng Kèm 2 pin",1,2026-04-21,Electronic
4,"cân lỗi nhé , cắm điện mới cân được , pin có như_không , dù bên bán rất nhanh phản_hồi mà ngại đổi",Cân Điện Tử METIS Sạc USB Kết Nối Bluetooth Phân Tích Chỉ Số Cơ Thể Trọng Lượng Tối Đa 180kg,1,2026-04-19,Electronic
4,mỏng,"Hộp Đựng Cơm Túi Đựng Cơm Trưa Giữ Nhiệt Văn Phòng Cách Nhiệt, Combo 3 Ngăn Đựng Thức Ăn 2 Lớp Bằng Thép Không Gỉ 304",1,2026-04-19,Electronic
4,độ chính_xác : giao sai màu đặt trắng giao hồng,Cân Điện Tử METIS Sạc USB Kết Nối Bluetooth Phân Tích Chỉ Số Cơ Thể Trọng Lượng Tối Đa 180kg,1,2026-04-16,Electronic
4,cửa_hàng giao hàng nhanh đóng_gói kĩ_xài cũng được mà nhanh hết pin quá xài cỡ được 20 30 phút thôi quá là phải sạc,"Lược Chải Tóc Điện Ion Âm METIS Lược Duỗi Thẳng, Bảo Vệ Tóc Cao Cấp Với 50 Triệu Ion Âm",1,2026-04-16,Electronic
4,độ chính_xác : bảo_hiểm gì đó không_thấy đâu,Cân Điện Tử METIS Sạc USB Kết Nối Bluetooth Phân Tích Chỉ Số Cơ Thể Trọng Lượng Tối Đa 180kg,1,2026-04-15,Electronic
4,"giữ nhiệt : tạm , khoảng 2 tiếng chất_liệu : inox mỏng dễ gỉ sét . thiết_kế : nắp hộp lỏng_lẻo . bị rỉ nước canh , phải tốn tiền mua loại dỡ cơm xịn hơn","Hộp Đựng Cơm Túi Đựng Cơm Trưa Giữ Nhiệt Văn Phòng Cách Nhiệt, Combo 3 Ngăn Đựng Thức Ăn 2 Lớp Bằng Thép Không Gỉ 304",1,2026-04-14,Electronic
4,"giữ nhiệt : tạm , được khoảng 2 tiếng chất_liệu : inox dỏm , dễ gỉ sét thiết_kế : nắp gài lỏng_lẻo . ngăn inox mỏng , dễ móp méo","Hộp Đựng Cơm Túi Đựng Cơm Trưa Giữ Nhiệt Văn Phòng Cách Nhiệt, Combo 3 Ngăn Đựng Thức Ăn 2 Lớp Bằng Thép Không Gỉ 304",1,2026-04-14,Electronic
4,"giao hàng đóng_gói được chất_liệu nhựa có_vẻ hơi mỏng_manh , nhẹ",Máy Sấy Giày Khử Mùi Bằng Tia Cực Tím Thông Minh Có Hiển Thị Nhiệt Độ METIS Combo Làm Khô Tất Đa Năng,1,2026-04-13,Electronic
4,"cảm_quan mọi thứ khá là mỏng , giá rẻ quá cũng hơi sợ , mình để thử đồ_ăn trên hộp qua đêm thì khi rửa lại nó gỉ sét nha_chèn , ăn_mòn vô luôn đó nhưng_mà cũng không_chắc phải 304 không","Hộp Đựng Cơm Túi Đựng Cơm Trưa Giữ Nhiệt Văn Phòng Cách Nhiệt, Combo 3 Ngăn Đựng Thức Ăn 2 Lớp Bằng Thép Không Gỉ 304",1,2026-04-13,Electronic
4,giao hàng nhanh_chóng sản_phẩm tốt đủ số_lượng nhưng không_đúng màu_sắc yêu_cầu,"Ấm đun siêu tốc, Bình đun nước thủy tinh siêu tốc 2.5L, inox không gỉ dung tích 1.8L METIS tay cầm chống nóng",1,2026-04-13,Electronic
4,quạt làm mát : gió cũng mạnh_quạt cũng mạnh nhưng sò lạnh không_có_tác_dụng chỉ lạnh lên chứ không_tỏa_nhiệt cũng không_lạnh lắm nếu mua thì nên mua loại không_sò chứ có sò cũng không_để làm_gì chỉ giảm độ gió khi bật,"Quạt mini cầm tay sạc nhanh tích điện sò lạnh màn hình LCD hiển thị tốc độ gió METIS, combo làm mát động cơ turbo ít ồn",1,2026-04-12,Electronic
4,cửa_hàng đóng_gói hàng cẩn_thận . màu hồng trông xinh_yêu lắm ạ,Cân Điện Tử METIS Sạc USB Kết Nối Bluetooth Phân Tích Chỉ Số Cơ Thể Trọng Lượng Tối Đa 180kg,1,2026-04-10,Electronic
4,"độ chính_xác : cân_cân cũng ổn có nhiều đơn_vị để lựa_chọn tiện_lợi , cũng dễ dùng","Cân Tiểu Ly Điện Tử Nhà Bếp 1g-10kg, 0,1g- 5kg METIS Độ Chính Xác Cao, Chất Liệu Hợp Kim Thép Bền Bỉ Tặng Kèm 2 pin",1,2026-04-10,Electronic
4,cửa_hàng tư_vấn nhiệt_tình . cân hơi nhẹ so với cân khác khoảng 1 kg,Cân Điện Tử METIS Sạc USB Kết Nối Bluetooth Phân Tích Chỉ Số Cơ Thể Trọng Lượng Tối Đa 180kg,1,2026-04-10,Electronic
4,"độ chính_xác : tôi không_biết như nào : cân hiện nhiệt_độ , nhưng lúc đầu cân nó cứ chênh_lệch nhau khoảng 300 g kết_nối bluetooth : chỉ con heo hồng là không_có_bluetooth kết_nối app thiết_kế : nhỏ gọn , mặt kính",Cân Điện Tử METIS Sạc USB Kết Nối Bluetooth Phân Tích Chỉ Số Cơ Thể Trọng Lượng Tối Đa 180kg,1,2026-04-09,Electronic
4,"độ bền : chưa_dùng tốc_độ đun : chưa_sử_dụng , chưa_biết thế_nào thiết_kế : đẹp , hiện_đại chưa_sử_dụng nhưng so với giá tiền chất_lượng cũng khá được rồi không_đòi_hỏi gì hơn","Ấm đun siêu tốc, Bình đun nước thủy tinh siêu tốc 2.5L, inox không gỉ dung tích 1.8L METIS tay cầm chống nóng",1,2026-04-08,Electronic
4,hàng hoàn_thiện không_cao . mua sản_phẩm có thương_hiệu sẽ được hơn . dùng lâu_dài nên đắt hơn chút không_sao . rút kinh_nghiệm .,"Ấm đun siêu tốc, Bình đun nước thủy tinh siêu tốc 2.5L, inox không gỉ dung tích 1.8L METIS tay cầm chống nóng",1,2026-04-07,Electronic
4,công_dụng : được đối_tượng sử_dụng : trẻ_em người_lớn,Cân Điện Tử METIS Sạc USB Kết Nối Bluetooth Phân Tích Chỉ Số Cơ Thể Trọng Lượng Tối Đa 180kg,1,2026-04-04,Electronic
4,"thiết_kế hiện_đại và sang_trọng , nhìn rất dễ_thương sản_phẩm","GÓI BẢO HÀNH ĐIỆN TỬ 1 NĂM cho Ấm đun siêu tốc, Bình đun nước thủy tinh siêu tốc 2.5L, inox không gỉ dung tích 1.8L",1,2026-04-04,Electronic
4,sau 1 tháng sử_dụng thì thấy được . máy khá mạnh nên hơi ồn có nhiều mức . giao hàng khá nhanh . máy bị xước 1 tí,Máy Sấy Tóc Ion Âm 5in1 METIS Không Cánh Quạt 3 Tốc Độ Công Suất 2200W 2 Chiều Tặng Kèm Đầu Sấy,1,2026-04-02,Electronic
4,"hộp đều giống_hình , bỏ đồ_ăn nóng thì hộp khó mở phải chờ nguội , đồ chưa_rửa để qua_ngày dễ rỉ sét","Hộp Đựng Cơm Túi Đựng Cơm Trưa Giữ Nhiệt Văn Phòng Cách Nhiệt, Combo 3 Ngăn Đựng Thức Ăn 2 Lớp Bằng Thép Không Gỉ 304",1,2026-03-31,Electronic
4,"khử mùi : không_thấy có nhiều thời_gian sấy , còn sấy thì nó nóng dần mới về thì đã bị mất một bên đèn",Máy Sấy Giày Khử Mùi Bằng Tia Cực Tím Thông Minh Có Hiển Thị Nhiệt Độ METIS Combo Làm Khô Tất Đa Năng,1,2026-03-29,Electronic
4,giao hàng nhanh_hộp như hình nhưng không_giữ nóng được để 4 tiếng mở ra nguội_ngắt rồi,"Hộp Đựng Cơm Túi Đựng Cơm Trưa Giữ Nhiệt Văn Phòng Cách Nhiệt, Combo 3 Ngăn Đựng Thức Ăn 2 Lớp Bằng Thép Không Gỉ 304",1,2026-03-29,Electronic
4,"giữ nhiệt : 7 10 chất_liệu : không_phải_304 thiết_kế : ok_ok nhưng_mà lâu_dài nên cân_nhắc , phù_hợp với giá tiền","Hộp Đựng Cơm Túi Đựng Cơm Trưa Giữ Nhiệt Văn Phòng Cách Nhiệt, Combo 3 Ngăn Đựng Thức Ăn 2 Lớp Bằng Thép Không Gỉ 304",1,2026-03-29,Electronic
4,"độ chính_xác : có nhận được gì đâu , gói bảo_hành không_thấy thẻ nào , không_biết nhận_xét gì","GÓI BẢO HÀNH ĐIỆN TỬ 1 NĂM cho Cân Tiểu Ly Điện Tử Nhà Bếp 1g-10kg, 0,1g- 5kg METIS Độ Chính Xác Cao, Chất Liệu Hợp Kim",1,2026-03-29,Electronic
4,"độ chính_xác : cân có độ_chính_xác cao , phù_hợp với nhu_cầu đong_đếm hàng ngày . chất_liệu : chất_liệu bằng inox không_gỉ , bền và dễ lau_chùi . thiết_kế : thiết_kế nhỏ gọn , cầm tiện_lợi , thiết_bị hiện_đại .","Cân Tiểu Ly Điện Tử Nhà Bếp 1g-10kg, 0,1g- 5kg METIS Độ Chính Xác Cao, Chất Liệu Hợp Kim Thép Bền Bỉ Tặng Kèm 2 pin",1,2026-03-28,Electronic
4,"độ chính_xác : được kết_nối bluetooth : không_thiết_kế : được đẹp , giao hàng nhanh , hiển_thị cả độ c , tặng kèm_pin và thước dây",Cân Điện Tử METIS Sạc USB Kết Nối Bluetooth Phân Tích Chỉ Số Cơ Thể Trọng Lượng Tối Đa 180kg,1,2026-03-28,Electronic
4,máy màu bạc đẹp khá to . tốc_độ gió mạnh . mà nút 1 thì nhiệt_độ vừa . nút 2 thì nóng quá . máy cùi cùi mình đang xài mà_còn có 2 chế_độ_sấy nóng nhẹ nóng vừa và chế_độ gió mạnh gió nhẹ . so ra giá này cũng không_phải rẻ mấy,Máy Sấy Tóc Ion Âm 5in1 METIS Không Cánh Quạt 3 Tốc Độ Công Suất 2200W 2 Chiều Tặng Kèm Đầu Sấy,1,2026-03-27,Electronic
4,mỏng không_biết có giữ ấm tốt không,"Hộp Đựng Cơm Túi Đựng Cơm Trưa Giữ Nhiệt Văn Phòng Cách Nhiệt, Combo 3 Ngăn Đựng Thức Ăn 2 Lớp Bằng Thép Không Gỉ 304",1,2026-03-27,Electronic
4,"độ chính_xác : khá là được nha_cân nhiều lần kết_nối bluetooth : dễ_dàng , khá nhanh ấy app cũng tốt thiết_kế : nhỏ gọn khá chắc , đế nhựa hơi kênh_xíu ổn_áp",Cân Điện Tử METIS Sạc USB Kết Nối Bluetooth Phân Tích Chỉ Số Cơ Thể Trọng Lượng Tối Đa 180kg,1,2026-03-24,Electronic
4,hộp đựng nhỏ hơn tôi nghĩ,"Hộp Đựng Cơm Túi Đựng Cơm Trưa Giữ Nhiệt Văn Phòng Cách Nhiệt, Combo 3 Ngăn Đựng Thức Ăn 2 Lớp Bằng Thép Không Gỉ 304",1,2026-03-23,Electronic
4,"hôi mùi nhựa lắm , không_biết đựng đồ_ăn bị ám_mùi không_nữa","Hộp Đựng Cơm Túi Đựng Cơm Trưa Giữ Nhiệt Văn Phòng Cách Nhiệt, Combo 3 Ngăn Đựng Thức Ăn 2 Lớp Bằng Thép Không Gỉ 304",1,2026-03-22,Electronic
4,độ chính_xác : ổn chuẩn .,GÓI BẢO HÀNH ĐIỆN TỬ 1 NĂM cho Cân Điện Tử METIS Sạc USB Kết Nối Bluetooth Phân Tích Chỉ Số Cơ Thể,1,2026-03-22,Electronic
4,"chất_liệu : nhựa khá chắc_kích_thước : dung_tích nhỏ , nên phơi khoảng 2 3 móc đồ là vừa lần đầu dùng máy sấy_đồ thay tủ_sấy , tại thấy nó có_vẻ gọn cũng không_tiết_kiệm thời_gian là mấy so với tủ_sấy , cũng hòm_hòm như nhau máy chạy êm , không_quá ồn , đóng_gói kĩ_nhiệt_độ ấm ấm thôi , không_nóng như mình nghĩ nên nếu đồ hơi dày 1 chút thì phải bộ sản_phẩm thời_gian nhiều hơn 60 phút điều_kiện thời_tiết mưa , nồm , ẩm , không_có_nắng_gió mức 2 nhẹ lắm đèn khử_trùng nhỏ nên chắc phạm_vi khử_trùng cũng không_rộng và không_sâu_nhỉ , không_biết khử_trùng được hết từ trên xuống dưới bộ_đồ được phơi bên trong không_chung_quy với mức giá vài trăm_nghìn_đồng thì chỉ mong nó bền 1 chút","Máy Sấy Quần Áo Gấp Gọn Treo Tường Sang Trọng Nhỏ Gọn METIS, Combo Làm Khô Đồ Với Công Nghệ Sấy 3D Tiết Kiệm Điện",1,2026-03-21,Electronic
4,"mình thấy cân này không_chuẩn lắm đâu , trong cùng 1 khoảng thời_gian mình đứng đi_đứng lại nó nhảy liên_tục ấy , xem_xét nên mua hoặc xem tạm ước_chừng như mình",Cân Điện Tử METIS Sạc USB Kết Nối Bluetooth Phân Tích Chỉ Số Cơ Thể Trọng Lượng Tối Đa 180kg,1,2026-03-18,Electronic
4,"đối_tượng sử_dụng : dưới 180 không_công_dụng : đo cân nặng cái nút nguồn hơi khó bấm , bấm có_vẻ không_ăn , thời_gian chờ cân cũng ít nên mau tắt",Cân Điện Tử METIS Sạc USB Kết Nối Bluetooth Phân Tích Chỉ Số Cơ Thể Trọng Lượng Tối Đa 180kg,1,2026-03-17,Electronic
4,"chất_lượng sản_phẩm : được đúng với mô_tả : tốt đoàn quân việt_nam đi chung_lòng cứu_quốc , bước chân dồn vang trên đường gập_ghềnh xa , cờ in máu chiến_thắng mang hồn nước , súng ngoài xa chen_khúc quân hành_ca , đường vinh_quang xây xác quân_thù , thắng gian_lao cùng nhau lập chiến_khu , vì nhân_dân chiến_đấu không_ngừng , tiến_mau ra sa_trường . tiến lên , cùng tiến lên , nước non việt_nam ta vững_bền .","Cân Tiểu Ly Điện Tử Nhà Bếp 1g-10kg, 0,1g- 5kg METIS Độ Chính Xác Cao, Chất Liệu Hợp Kim Thép Bền Bỉ Tặng Kèm 2 pin",1,2026-03-17,Electronic
4,"cửa_hàng giao hàng nhanh , đóng_gói sản_phẩm đẹp và chắc_chắn , sản_phẩm nhỏ gọn , tiện_lợi nhưng không_giữ nhiệt tốt","Hộp Đựng Cơm Túi Đựng Cơm Trưa Giữ Nhiệt Văn Phòng Cách Nhiệt, Combo 3 Ngăn Đựng Thức Ăn 2 Lớp Bằng Thép Không Gỉ 304",1,2026-03-16,Electronic
4,độ chính_xác : chuẩn kết_nối bluetooth : hiện mỗi cân nặng chứ không_hiện thêm những chỉ_số như cửa_hàng đề trên mô_tả đúng đẹp,Cân Điện Tử METIS Sạc USB Kết Nối Bluetooth Phân Tích Chỉ Số Cơ Thể Trọng Lượng Tối Đa 180kg,1,2026-03-16,Electronic
4,hộp hơi cũ,"Hộp Đựng Cơm Túi Đựng Cơm Trưa Giữ Nhiệt Văn Phòng Cách Nhiệt, Combo 3 Ngăn Đựng Thức Ăn 2 Lớp Bằng Thép Không Gỉ 304",1,2026-03-16,Electronic
4,"máy chạy không_gây ồn , máy mức nóng cao nhất mà vẫn không_thấy nóng",Máy Sấy Tóc Ion Âm 5in1 METIS Không Cánh Quạt 3 Tốc Độ Công Suất 2200W 2 Chiều Tặng Kèm Đầu Sấy,1,2026-03-15,Electronic
4,"cân không_chính_xác lắm lúc thì thiếu lúc thì thừa : , tàm tạm sử_dụng thôi . lồng_tiếng chân_thật cỡ này ngạc_nhiên_che_miệng tôi nhìn mà nhợn theo quỷ nhập_tràng 2 là tiền truyện của nhân_vật_minh như , trở về xưởng nhuộm gia_đình sau nhiều năm bị xua_đuổi . tại đây , có phải đối_mặt với những hiện_tượng ma_quái cùng sự_thật tàn_khốc về cái chết của mẹ và giao_ước đẫm máu năm_xưa . ác_giả ác_báo , liệu_minh như có thoát khỏi vòng_vây của quỷ dữ ?_quỷ nhập_tràng 2 đang chiếu tại rạp quynhaptrang2 amf khanhu ngochuong quangtuan doanquocdam vandung daoanhtuan thanhhien lethuy phuongbinh",Cân Điện Tử METIS Sạc USB Kết Nối Bluetooth Phân Tích Chỉ Số Cơ Thể Trọng Lượng Tối Đa 180kg,1,2026-03-14,Electronic
4,hộp nhỏ hơn so với mô_tả,"Hộp Đựng Cơm Túi Đựng Cơm Trưa Giữ Nhiệt Văn Phòng Cách Nhiệt, Combo 3 Ngăn Đựng Thức Ăn 2 Lớp Bằng Thép Không Gỉ 304",1,2026-03-13,Electronic
4,độ chính_xác : đã cân_thử với cân có hiệu chuẩn . có lệch nhưng không_đáng_kể . lệch ở 0.5_g là chưa_tới 1 g chất_liệu : ngoài mặt cân_bằng inox ra thì còn lại nhựa thiết_kế : nhỏ gọn_nhẹ đế bị thiếu 1 chân . cân khá ọp_ẹp phần đầu cân bị bung 1 tí . về độ_chính_xác thì khá hài_lòng,"Cân Tiểu Ly Điện Tử Nhà Bếp 1g-10kg, 0,1g- 5kg METIS Độ Chính Xác Cao, Chất Liệu Hợp Kim Thép Bền Bỉ Tặng Kèm 2 pin",1,2026-03-12,Electronic
4,bị gãy 1 miếng . cửa_hàng chú_ý hơn,"Đèn học để bàn tích điện, đèn bàn học đọc sách nối mi tích điện chống cận cảm ứng 3 chế độ sáng tốt",1,2026-03-11,Electronic
4,độ bền : mình thấy lúc đầu dùng ổn còn lâu_dài thì chưa_biết tốc_độ đun : nước sôi nhanh thiết_kế : tiện_lợi,"Ấm đun siêu tốc, Bình đun nước thủy tinh siêu tốc 2.5L, inox không gỉ dung tích 1.8L METIS tay cầm chống nóng",1,2026-03-11,Electronic
4,"quạt làm mát : ok dung_lượng pin : pin dùng hình_như xuống pin khá nhanh , 32 mà mình dùng khoảng 2 tiếng hết luôn rồi chất_liệu : chắc_chắn , đẹp , cứng_cáp quạt dùng tốt nhưng mong_pin dùng được lâu hơn , không_có_móc dây nên lúc dùng cầm_hơi bất_tiện , vẫn ok_nha","Quạt mini cầm tay sạc nhanh tích điện sò lạnh màn hình LCD hiển thị tốc độ gió METIS, combo làm mát động cơ turbo ít ồn",1,2026-03-11,Electronic
4,"nổi_giận chỉ vài giây ngắn_ngủi , chiếc dây_chuyền trên cổ người phụ_nữ áo đỏ đã vào tay kẻ khác . toàn_bộ sự_việc được dàn_dựng bởi một băng_nhóm hoạt_động rất chuyên_nghiệp .",Cân Điện Tử METIS Sạc USB Kết Nối Bluetooth Phân Tích Chỉ Số Cơ Thể Trọng Lượng Tối Đa 180kg,1,2026-03-10,Electronic
4,"bước_đầu thấy được , tiếng không_ồn lắm .","Ấm đun siêu tốc, Bình đun nước thủy tinh siêu tốc 2.5L, inox không gỉ dung tích 1.8L METIS tay cầm chống nóng",1,2026-03-09,Electronic
4,"giao hàng quá lâu , đặt từ mùng 2 mà mùng 8 mới nhận được",Cân Điện Tử METIS Sạc USB Kết Nối Bluetooth Phân Tích Chỉ Số Cơ Thể Trọng Lượng Tối Đa 180kg,1,2026-03-08,Electronic
4,"thiết_kế : nhỏ gọn , trông hơi ọp_ẹp , dùng tạm không_biết được mấy tháng",Cân Điện Tử METIS Sạc USB Kết Nối Bluetooth Phân Tích Chỉ Số Cơ Thể Trọng Lượng Tối Đa 180kg,1,2026-03-08,Electronic
4,"tốc_độ : nhanh chế_độ : 2 mức tiếng ồn : to hình_ảnh minh_họa . máy_sấy tiếng kêu ồn quá , còn sấy cũng được các bác nhé",Máy Sấy Tóc Ion Âm 5in1 METIS Không Cánh Quạt 3 Tốc Độ Công Suất 2200W 2 Chiều Tặng Kèm Đầu Sấy,1,2026-03-07,Electronic
4,đun nhanh_sôi mà dây hơi ngắn cũng tạm không_thấy phiếu bảo_hành ở đâu,"Ấm đun siêu tốc, Bình đun nước thủy tinh siêu tốc 2.5L, inox không gỉ dung tích 1.8L METIS tay cầm chống nóng",1,2026-03-07,Electronic
4,"chất_lượng sản_phẩm : bị rách túi đựng , có 1 hộp bị vỡ đúng với mô_tả : đúng mẫu mình không_thấy có thẻ bảo_hành gửi kèm theo","GÓI BẢO HÀNH ĐIỆN TỬ 1 NĂM cho Cân Tiểu Ly Điện Tử Nhà Bếp 1g-10kg, 0,1g- 5kg METIS Độ Chính Xác Cao, Chất Liệu Hợp Kim",1,2026-03-06,Electronic
4,chất_lượng : tạm ổn giữ nhiệt : chưa_thử không_biết là do bên vận_chuyển hay hàng bị lỗi từ đầu,"Hộp Đựng Cơm Túi Đựng Cơm Trưa Giữ Nhiệt Văn Phòng Cách Nhiệt, Combo 3 Ngăn Đựng Thức Ăn 2 Lớp Bằng Thép Không Gỉ 304",1,2026-03-06,Electronic
4,tôi nhận được máy_sấy và 1 đầu_sấy khi nhận túi bên ngoài bị rách_bung như hình_hộp giấy thì xé rách luôn không_có_giấy bảo_hành,Máy Sấy Tóc Ion Âm 5in1 METIS Không Cánh Quạt 3 Tốc Độ Công Suất 2200W 2 Chiều Tặng Kèm Đầu Sấy,1,2026-03-06,Electronic
4,"chất_lượng : có in chìm inox 304 , nhưng khá mỏng giữ nhiệt : bình_thường vì lớp ngoài nhựa không_có_lớp cách nhiệt_dày rửa_tráng trước khi dùng nhưng bị đọng nước thì sẽ bị gỉ khó rửa và làm sạch , nhìn không_an_tâm , inox mỏng nhựa bình_thường , lõi bị rớt không_được_cố_định khó đậy nắp . rẻ thì dùng được còn lâu_dài nên cân_nhắc .","Hộp Đựng Cơm Túi Đựng Cơm Trưa Giữ Nhiệt Văn Phòng Cách Nhiệt, Combo 3 Ngăn Đựng Thức Ăn 2 Lớp Bằng Thép Không Gỉ 304",1,2026-03-03,Electronic
4,dùng được không_có_gì để chê bự,"Ấm đun siêu tốc, Bình đun nước thủy tinh siêu tốc 2.5L, inox không gỉ dung tích 1.8L METIS tay cầm chống nóng",1,2026-03-03,Electronic
4,công_dụng : không_thấy gói bảo_hành kèm theo,GÓI BẢO HÀNH ĐIỆN TỬ 1 NĂM cho Cân Điện Tử METIS Sạc USB Kết Nối Bluetooth Phân Tích Chỉ Số Cơ Thể,1,2026-03-01,Electronic
4,"máy sấy bé tí hơn mình tưởng_tượng , 1 mẻ_sấy được có mấy cái mà sấy lâu quá","Máy Sấy Quần Áo Gấp Gọn Treo Tường Sang Trọng Nhỏ Gọn METIS, Combo Làm Khô Đồ Với Công Nghệ Sấy 3D Tiết Kiệm Điện",1,2026-02-28,Electronic
4,hiện không_thấy giấy bảo_hành của sản_phẩm ! nên không_đánh_giá được !,"GÓI BẢO HÀNH ĐIỆN TỬ 1 NĂM cho Lược Chải Tóc Điện Ion Âm METIS Lược Duỗi Thẳng, Bảo Vệ Tóc",1,2026-02-28,Electronic
4,"nhiệt_độ : chưa_dùng nên chưa_biết khả_năng tạo kiểu : sau khi dùng sẽ đánh_giá chất_liệu : chắc_chắn , nhỏ gọn đóng_gói cẩn_thận , giao hàng nhanh","[THẺ TRÚNG THƯỞNG] Lược Chải Tóc Điện Ion Âm METIS Lược Duỗi Thẳng, Bảo Vệ Tóc Cao Cấp Với 50 Triệu Ion Âm",1,2026-02-28,Electronic
4,độ chính_xác : ký cân bị chênh_lệch quá .,Cân Điện Tử METIS Sạc USB Kết Nối Bluetooth Phân Tích Chỉ Số Cơ Thể Trọng Lượng Tối Đa 180kg,1,2026-02-28,Electronic
4,thời_gian vận_chuyển rất hợp_lý . tôi đã đặt_hàng với tâm_thế hào_hứng chờ_đợi để được trải_nghiệm sản_phẩm và tôi không_hề_bị chờ mỏi cổ .,Cân Điện Tử METIS Sạc USB Kết Nối Bluetooth Phân Tích Chỉ Số Cơ Thể Trọng Lượng Tối Đa 180kg,1,2026-02-27,Electronic
4,đúng với mô_tả : ổn chất_lượng sản_phẩm : ổn nhận hàng hơi thất_vọng 1 tí vì khay nhỏ và khá là mỏng . loại này không_phải_304 như mình dùng . muỗng bị gỉ sét bên viền ngoài .,"GÓI BẢO HÀNH ĐIỆN TỬ 1 NĂM cho Cân Tiểu Ly Điện Tử Nhà Bếp 1g-10kg, 0,1g- 5kg METIS Độ Chính Xác Cao, Chất Liệu Hợp Kim",1,2026-02-27,Electronic
4,chất_lượng : mỏng giữ nhiệt : chưa_biết nhận hàng hơi thất_vọng 1 tí vì khay nhỏ và khá là mỏng . loại này không_phải_304 như mình dùng . muỗng bị gỉ sét bên viền ngoài .,"Hộp Đựng Cơm Túi Đựng Cơm Trưa Giữ Nhiệt Văn Phòng Cách Nhiệt, Combo 3 Ngăn Đựng Thức Ăn 2 Lớp Bằng Thép Không Gỉ 304",1,2026-02-27,Electronic
4,"thiết_kế : thiết_kế nhỏ gọn , nhẹ_nhàng giao hàng đầy_đủ và đóng_gói kỹ_càng","Cân Tiểu Ly Điện Tử Nhà Bếp 1g-10kg, 0,1g- 5kg METIS Độ Chính Xác Cao, Chất Liệu Hợp Kim Thép Bền Bỉ Tặng Kèm 2 pin",1,2026-02-27,Electronic
4,"cân bị nứt 1 xíu nhưng vẫn xài_ổn , cân_chuẩn , trừ 1 sao vì cân bị bể",Cân Điện Tử METIS Sạc USB Kết Nối Bluetooth Phân Tích Chỉ Số Cơ Thể Trọng Lượng Tối Đa 180kg,1,2026-02-27,Electronic
4,độ chính_xác : cân không_chính_xác,Cân Điện Tử METIS Sạc USB Kết Nối Bluetooth Phân Tích Chỉ Số Cơ Thể Trọng Lượng Tối Đa 180kg,1,2026-02-26,Electronic
4,"cân lúc mua về chỗ gắn pin bị lỏng_lẻo không_xài được , nhưng cần gấp nên nhờ người sửa lại chứ không_trả hàng","Cân Tiểu Ly Điện Tử Nhà Bếp 1g-10kg, 0,1g- 5kg METIS Độ Chính Xác Cao, Chất Liệu Hợp Kim Thép Bền Bỉ Tặng Kèm 2 pin",1,2026-02-26,Electronic
4,"tốc_độ : được chất_liệu : nhựa kích_thước : dung_tích phù_hợp với 1-2_bộ quần_áo đóng_gói cẩn_thận , giao hàng nhanh","Máy Sấy Quần Áo Gấp Gọn Treo Tường Sang Trọng Nhỏ Gọn METIS, Combo Làm Khô Đồ Với Công Nghệ Sấy 3D Tiết Kiệm Điện",1,2026-02-26,Electronic
4,"tiếng ồn : tiếng ồn_rít sản_phẩm được , gói hàng sơ_sài",Máy Sấy Tóc Ion Âm 5in1 METIS Không Cánh Quạt 3 Tốc Độ Công Suất 2200W 2 Chiều Tặng Kèm Đầu Sấy,1,2026-02-26,Electronic
4,vì cục máy đặt phía trên nên phía trên khô giòn phía dưới chưa_khô,"Máy Sấy Quần Áo Gấp Gọn Treo Tường Sang Trọng Nhỏ Gọn METIS, Combo Làm Khô Đồ Với Công Nghệ Sấy 3D Tiết Kiệm Điện",1,2026-02-26,Electronic
4,"đúng với mô_tả : đúng chất_lượng sản_phẩm : dùng được sản_phẩm tạm ổn , cân hơi_loạn nhiều lúc chưa_đặt đồ vẫn thấy nhảy số","Cân Tiểu Ly Điện Tử Nhà Bếp 1g-10kg, 0,1g- 5kg METIS Độ Chính Xác Cao, Chất Liệu Hợp Kim Thép Bền Bỉ Tặng Kèm 2 pin",1,2026-02-26,Electronic
4,mặt cân và màn_hình led bị trầy_xước nhiều chỗ,"Cân Tiểu Ly Điện Tử Nhà Bếp 1g-10kg, 0,1g- 5kg METIS Độ Chính Xác Cao, Chất Liệu Hợp Kim Thép Bền Bỉ Tặng Kèm 2 pin",1,2026-02-26,Electronic
4,độ chính_xác : được kết_nối bluetooth : được thiết_kế : được không_biết dùng có bền không_nhưng thấy cửa_hàng giao nhanh đóng_gói cẩn_thận,Cân Điện Tử METIS Sạc USB Kết Nối Bluetooth Phân Tích Chỉ Số Cơ Thể Trọng Lượng Tối Đa 180kg,1,2026-02-25,Electronic
4,cân hay bị lỗi hiển_thị dùng chán,"Cân Tiểu Ly Điện Tử Nhà Bếp 1g-10kg, 0,1g- 5kg METIS Độ Chính Xác Cao, Chất Liệu Hợp Kim Thép Bền Bỉ Tặng Kèm 2 pin",1,2026-02-25,Electronic
4,"độ bền : về thử cũng được , còn bền không_thì chưa_biết , mà bảo là có bảo_hành không_không thấy giấy bảo_hành gì , chỉ có cái ấm không_à .","Ấm đun siêu tốc, Bình đun nước thủy tinh siêu tốc 2.5L, inox không gỉ dung tích 1.8L METIS tay cầm chống nóng",1,2026-02-23,Electronic
4,"cân dùng ổn , nhưng giao_mặt cân_hơi bị xước nên mình chỉ đánh_giá bốn sao thôi . sản_phẩm phù_hợp với giá tiền .","Cân Tiểu Ly Điện Tử Nhà Bếp 1g-10kg, 0,1g- 5kg METIS Độ Chính Xác Cao, Chất Liệu Hợp Kim Thép Bền Bỉ Tặng Kèm 2 pin",1,2026-02-19,Electronic
4,tạm ổn trong tầm giá,Máy Sấy Giày Khử Mùi Bằng Tia Cực Tím Thông Minh Có Hiển Thị Nhiệt Độ METIS Combo Làm Khô Tất Đa Năng,1,2026-02-19,Electronic
4,"tốc_độ : 3 tốc_độ tiếng ồn : rất ồn xem đánh_giá thấy ghi không_ồn mà xài thấy quá ồn , để mức thấp nhất muốn nói_chuyện với người kế bên phải tắt máy . tiếng ồn như máy hút bụi",Máy Sấy Tóc Ion Âm 5in1 METIS Không Cánh Quạt 3 Tốc Độ Công Suất 2200W 2 Chiều Tặng Kèm Đầu Sấy,1,2026-02-16,Electronic
4,độ chính_xác : cân dùng được 1 thời_gian thì không_chuẩn rồi kết_nối bluetooth : kết_nối bluetooth dễ_dàng thiết_kế : thiết_kế nhỏ gọn không_ổn lắm,Cân Điện Tử METIS Sạc USB Kết Nối Bluetooth Phân Tích Chỉ Số Cơ Thể Trọng Lượng Tối Đa 180kg,1,2026-02-15,Electronic
4,cái này thì không_thấy gửi giấy bảo_hành hay gì hết không_biết có không_hay bảo_hành như_thế_nào,GÓI BẢO HÀNH ĐIỆN TỬ 1 NĂM cho Máy Sấy Tóc Ion Âm 5in1 METIS Không Cánh Quạt 3 Tốc Độ Công Suất 2200W 2 Chiều,1,2026-02-15,Electronic
4,"dưới 200 mà sấy lên hình_thức cũng ra gì đó chứ , này chỉ sấy chay chưa_dùng sáp lên nên nhìn còn mềm vậy á",Máy Sấy Tóc Ion Âm 5in1 METIS Không Cánh Quạt 3 Tốc Độ Công Suất 2200W 2 Chiều Tặng Kèm Đầu Sấy,1,2026-02-15,Electronic
4,tốc_độ : mạnh chế_độ : 1 tiếng ồn : ồn,Máy Sấy Tóc Ion Âm 5in1 METIS Không Cánh Quạt 3 Tốc Độ Công Suất 2200W 2 Chiều Tặng Kèm Đầu Sấy,1,2026-02-14,Electronic
4,sấy cũng được . cũng ấm_ấm . có giảm_giá chốt nhanh liền lẹ . gói bảo_hành không_thấy phiếu đâu_chỉ chụp cái mark dán ngoài gói hàng . rồi bảo_hành kiểu gì ?,Máy Sấy Giày Khử Mùi Bằng Tia Cực Tím Thông Minh Có Hiển Thị Nhiệt Độ METIS Combo Làm Khô Tất Đa Năng,1,2026-02-14,Electronic
4,"độ chính_xác : cũng tạm , hi_vọng bền",Cân Điện Tử METIS Sạc USB Kết Nối Bluetooth Phân Tích Chỉ Số Cơ Thể Trọng Lượng Tối Đa 180kg,1,2026-02-13,Electronic
4,"đã nhận được hàng ! giao nhanh , đóng_gói cẩn_thận , sạch , đẹp ! đủ sản_phẩm , ưng ! phù_hợp giá ! được","Lược Chải Tóc Điện Ion Âm METIS Lược Duỗi Thẳng, Bảo Vệ Tóc Cao Cấp Với 50 Triệu Ion Âm",1,2026-02-13,Electronic
4,"cửa_hàng giao hàng nhanh , đóng_gói cẩn_thận . máy_sấy mạnh nhưng đèn uv_yếu . không_biết có khử_khuẩn được không","Máy Sấy Quần Áo Gấp Gọn Treo Tường Sang Trọng Nhỏ Gọn METIS, Combo Làm Khô Đồ Với Công Nghệ Sấy 3D Tiết Kiệm Điện",1,2026-02-13,Electronic
4,không_được_chắc_chắn cho lắm nhựa ọp_ẹp và đặc_biệt là cái vòi nó loe ra nếu rót không_khéo là sẽ rớt nước ra ngoài,"Ấm đun siêu tốc, Bình đun nước thủy tinh siêu tốc 2.5L, inox không gỉ dung tích 1.8L METIS tay cầm chống nóng",1,2026-02-12,Electronic
4,tốc_độ : 1600 w cũng ổn nhưng hơi yếu chế_độ : phần này rất tốt nhiều chế_độ_nhiệt và tốc_độ quạt_tiếng ồn : tiếng ồn cũng bình_thường do quạt mạnh,Máy Sấy Tóc Ion Âm 5in1 METIS Không Cánh Quạt 3 Tốc Độ Công Suất 2200W 2 Chiều Tặng Kèm Đầu Sấy,1,2026-02-11,Electronic
4,độ chính_xác : cân thử cũng chính_xác chất_liệu : nhựa nhìn không_chắc lắm rẻ nên chắc là cũng được,"Cân Tiểu Ly Điện Tử Nhà Bếp 1g-10kg, 0,1g- 5kg METIS Độ Chính Xác Cao, Chất Liệu Hợp Kim Thép Bền Bỉ Tặng Kèm 2 pin",1,2026-02-09,Electronic
4,"độ chính_xác : khá thôi chứ lúc dùng nó hay thay_đổi g chất_liệu : inox , khá được , không_biết là có bị gỉ không_cũng khá được","Cân Tiểu Ly Điện Tử Nhà Bếp 1g-10kg, 0,1g- 5kg METIS Độ Chính Xác Cao, Chất Liệu Hợp Kim Thép Bền Bỉ Tặng Kèm 2 pin",1,2026-02-09,Electronic
4,độ chính_xác : được sản_phẩm mình thấy cân khá chính_xác . hỗ_trợ mình rất nhiều . trong nấu nước cũng như pha_chế_nha . nhạy lắm . mọi người nên mua . mình đã mua 2 cái thấy khá hài_lòng . còn về độ bền thì mình không_rõ lắm . để mình sử_dụng một thời_gian xem sao,"Cân Tiểu Ly Điện Tử Nhà Bếp 1g-10kg, 0,1g- 5kg METIS Độ Chính Xác Cao, Chất Liệu Hợp Kim Thép Bền Bỉ Tặng Kèm 2 pin",1,2026-02-08,Electronic
4,được,"Cân Tiểu Ly Điện Tử Nhà Bếp 1g-10kg, 0,1g- 5kg METIS Độ Chính Xác Cao, Chất Liệu Hợp Kim Thép Bền Bỉ Tặng Kèm 2 pin",1,2026-02-08,Electronic
4,"độ chính_xác : cân vẫn lệch vài g chất_liệu : nhựa giao hàng nhanh , đóng_gói kỹ , nhưng mặt cân vẫn có vết xước .","Cân Tiểu Ly Điện Tử Nhà Bếp 1g-10kg, 0,1g- 5kg METIS Độ Chính Xác Cao, Chất Liệu Hợp Kim Thép Bền Bỉ Tặng Kèm 2 pin",1,2026-02-08,Electronic
4,"sản_phẩm có thiết_kế đẹp , dễ sử_dụng và chất_lượng ổn_định . trong quá_trình sử_dụng , sản_phẩm hoạt_động tốt và đáp_ứng đúng nhu_cầu cơ_bản . với mức giá hợp_lý , đây là lựa_chọn phù_hợp cho nhiều đối_tượng người dùng .","Hộp Đựng Cơm Túi Đựng Cơm Trưa Giữ Nhiệt Văn Phòng Cách Nhiệt, Combo 3 Ngăn Đựng Thức Ăn 2 Lớp Bằng Thép Không Gỉ 304",1,2026-02-07,Electronic
4,chất_lượng : tạm giữ nhiệt : bình_thường tạo folder mhv họ và tên rồi ném ảnh lên nhé đổi tên file_ảnh cũng là mhv hvt,"Hộp Đựng Cơm Túi Đựng Cơm Trưa Giữ Nhiệt Văn Phòng Cách Nhiệt, Combo 3 Ngăn Đựng Thức Ăn 2 Lớp Bằng Thép Không Gỉ 304",1,2026-02-07,Electronic
4,tốc_độ : nhanh chế_độ : nhiều tiếng ồn : cũng không_ồn lắm nhưng_mà sao cái máy_sấy với cái đầu_sấy không_trùng màu vậy ?,Máy Sấy Tóc Ion Âm 5in1 METIS Không Cánh Quạt 3 Tốc Độ Công Suất 2200W 2 Chiều Tặng Kèm Đầu Sấy,1,2026-02-06,Electronic
4,"mùi thơm_giữ được lâu 4 5 h mùi mà mình thích nhất nhưng đợt này khác với lần trước mình mua , màu trong suốt chứ không_tím như trước",GÓI BẢO HÀNH ĐIỆN TỬ 1 NĂM cho Máy Sấy Tóc Ion Âm 5in1 METIS Không Cánh Quạt 3 Tốc Độ Công Suất 2200W,1,2026-02-05,Electronic
4,chất_lượng : cầm rất mỏng không_chắc_chắn,"[THẺ TRÚNG THƯỞNG] Ấm đun siêu tốc, Bình đun nước thủy tinh siêu tốc 2.5L, inox không gỉ dung tích 1.8L METIS",2,2026-02-05,Electronic
4,"chất_lượng : inox hơi mỏng , nhựa chắc_chắn giữ nhiệt : quá 4 tiếng thì không_còn_nóng để thức_ăn nóng vào trong đóng nắp lại , lúc sau mở ra nắp bị kẹt với phần inox rất khó mở","Hộp Đựng Cơm Túi Đựng Cơm Trưa Giữ Nhiệt Văn Phòng Cách Nhiệt, Combo 3 Ngăn Đựng Thức Ăn 2 Lớp Bằng Thép Không Gỉ 304",1,2026-02-05,Electronic
4,độ chính_xác : cân chuẩn,Cân Điện Tử METIS Sạc USB Kết Nối Bluetooth Phân Tích Chỉ Số Cơ Thể Trọng Lượng Tối Đa 180kg,1,2026-02-04,Electronic
4,"chất_lượng được , kiểu_dáng nhỏ gọn xinh_xắn cơ_mà đóng_gói hơi chán ạ hộp móp méo hết luôn",GÓI BẢO HÀNH ĐIỆN TỬ 1 NĂM cho Máy Sấy Giày Khử Mùi Bằng Tia Cực Tím Thông Minh Có Hiển Thị Nhiệt Độ METIS,1,2026-02-03,Electronic
4,"khi con giận mà vẫn lễ_phép , là lúc con thật_sự trưởng_thành nghe thì đơn_giản , nhưng làm được mới khó . vì trưởng_thành không_nằm ở việc mình nói to đến đâu , mà ở chỗ mình kiềm_chế được bao_nhiêu khi cảm_xúc dâng cao . giận_dữ là bản_năng , còn giữ được sự tôn_trọng là bản_lĩnh . người chưa_đủ lớn thường để cảm_xúc dẫn đường , nói ra cho hả_hê nhất thời rồi hối_hận về sau . người trưởng_thành thì khác họ biết dừng lại , chọn lời_nói , vì mũi_tên_xuống mũi_tên_xuống mũi_tên_xuống",GÓI BẢO HÀNH ĐIỆN TỬ 1 NĂM cho Cân Điện Tử METIS Sạc USB Kết Nối Bluetooth Phân Tích Chỉ Số Cơ Thể,1,2026-02-01,Electronic
4,"được , hàng như hình","Hộp Đựng Cơm Túi Đựng Cơm Trưa Giữ Nhiệt Văn Phòng Cách Nhiệt, Combo 3 Ngăn Đựng Thức Ăn 2 Lớp Bằng Thép Không Gỉ 304",1,2026-02-01,Electronic
4,giao hàng nhanh_chóng đóng_gói cẩn_thận cám_ơn cửa_hàng . máy nó tự nhảy hoài . không_biết được không,"Cân Tiểu Ly Điện Tử Nhà Bếp 1g-10kg, 0,1g- 5kg METIS Độ Chính Xác Cao, Chất Liệu Hợp Kim Thép Bền Bỉ Tặng Kèm 2 pin",1,2026-02-01,Electronic
4,sao nhìn sản_phẩm mỏng_manh quá ấy,"[THẺ TRÚNG THƯỞNG] Ấm đun siêu tốc, Bình đun nước thủy tinh siêu tốc 2.5L, inox không gỉ dung tích 1.8L METIS",1,2026-01-31,Electronic
4,"các chi_tiết gia_công không_được_kỹ , còn nhiều lỗi , mùi nhựa khá nồng , không_giữ nhiệt , thìa tặng cũng không_dùng được . với giá này thì chỉ vậy thôi","Hộp Đựng Cơm Túi Đựng Cơm Trưa Giữ Nhiệt Văn Phòng Cách Nhiệt, Combo 3 Ngăn Đựng Thức Ăn 2 Lớp Bằng Thép Không Gỉ 304",1,2026-01-31,Electronic
4,"hàng giao nhanh , đóng bọc cẩn_thận mà vẫn bị mất cái đinh , nên chưa_dùng chưa_đánh_giá chất_lượng",Máy Sấy Giày Khử Mùi Bằng Tia Cực Tím Thông Minh Có Hiển Thị Nhiệt Độ METIS Combo Làm Khô Tất Đa Năng,1,2026-01-30,Electronic
4,hàng nhẹ cân không_chính_xác lắm hôm_nay cân 48 kg ngày_mai lên 49 kg ảo_diệu quá,Cân Điện Tử METIS Sạc USB Kết Nối Bluetooth Phân Tích Chỉ Số Cơ Thể Trọng Lượng Tối Đa 180kg,1,2026-01-29,Electronic
4,"hộp cơm phù_hợp với giá tiền . chưa_sử_dụng nên chưa_biết có giữ được nhiệt_lâu hay không . khi nhận hàng thấy vỏ bọc bên ngoài bị xước , may_mà hộp cơm bên trong không_sao .","Hộp Đựng Cơm Túi Đựng Cơm Trưa Giữ Nhiệt Văn Phòng Cách Nhiệt, Combo 3 Ngăn Đựng Thức Ăn 2 Lớp Bằng Thép Không Gỉ 304",1,2026-01-28,Electronic
4,"đúng với mô_tả : được chất_lượng sản_phẩm : tạm cửa_hàng giao nhầm hàng , có giải_quyết rồi nhưng do mình cần gấp nên không_đổi trả . sử_dụng cũng được nhưng là nhựa sợ không_bền bằng mặt inox","Cân Tiểu Ly Điện Tử Nhà Bếp 1g-10kg, 0,1g- 5kg METIS Độ Chính Xác Cao, Chất Liệu Hợp Kim Thép Bền Bỉ Tặng Kèm 2 pin",1,2026-01-27,Electronic
4,cũng tạm được !,Máy Sấy Giày Khử Mùi Bằng Tia Cực Tím Thông Minh Có Hiển Thị Nhiệt Độ METIS Combo Làm Khô Tất Đa Năng,1,2026-01-27,Electronic
4,"độ chính_xác : ngon , okle , uống đã lắm","Cân Tiểu Ly Điện Tử Nhà Bếp 1g-10kg, 0,1g- 5kg METIS Độ Chính Xác Cao, Chất Liệu Hợp Kim Thép Bền Bỉ Tặng Kèm 2 pin",1,2026-01-27,Electronic
4,cân không_được_lắm tại hay chập_chờn,"Cân Tiểu Ly Điện Tử Nhà Bếp 1g-10kg, 0,1g- 5kg METIS Độ Chính Xác Cao, Chất Liệu Hợp Kim Thép Bền Bỉ Tặng Kèm 2 pin",1,2026-01-27,Electronic
4,cân cũng được chỉ là mình không_ngờ hàng bé xíu xiu vậy luôn á_to bằng bàn_tay thôi à xòe_bàn_tay,"Cân Tiểu Ly Điện Tử Nhà Bếp 1g-10kg, 0,1g- 5kg METIS Độ Chính Xác Cao, Chất Liệu Hợp Kim Thép Bền Bỉ Tặng Kèm 2 pin",1,2026-01-26,Electronic
4,"độ chính_xác : tôi vẫn không_biết cân có chính_xác hay không , khi tôi cân một tờ giấy nó hiện 3.3_g . tôi sẽ cân cái khác và hy_vọng nó sẽ chính_xác . chất_liệu : chất_liệu tốt , nhưng tôi không_thích_màu xanh trên bề_mặt . phần thân làm bằng sợi dày và chưa_chi_tiết .","Cân Tiểu Ly Điện Tử Nhà Bếp 1g-10kg, 0,1g- 5kg METIS Độ Chính Xác Cao, Chất Liệu Hợp Kim Thép Bền Bỉ Tặng Kèm 2 pin",1,2026-01-24,Electronic
4,giao nhầm cân đã đặt nhưng xài được lắm,Cân Điện Tử METIS Sạc USB Kết Nối Bluetooth Phân Tích Chỉ Số Cơ Thể Trọng Lượng Tối Đa 180kg,1,2026-01-23,Electronic
4,"lược sử_dụng khá ổn , giúp làm thẳng_tóc . tuổi_thọ pin hơi ngắn , sử_dụng tầm 2 lần mỗi lần chưa_tới 5 phút đã hết pin rồi . nhưng cũng khá ổn","Lược Chải Tóc Điện Ion Âm METIS Lược Duỗi Thẳng, Bảo Vệ Tóc Cao Cấp Với 50 Triệu Ion Âm",1,2026-01-23,Electronic
4,"cân nhận về hơi ọp_ẹp , cầm nhẹ_tay , cân hơi chuẩn",Cân Điện Tử METIS Sạc USB Kết Nối Bluetooth Phân Tích Chỉ Số Cơ Thể Trọng Lượng Tối Đa 180kg,1,2026-01-21,Electronic
4,tạm ổn,"Cân Tiểu Ly Điện Tử Nhà Bếp 1g-10kg, 0,1g- 5kg METIS Độ Chính Xác Cao, Chất Liệu Hợp Kim Thép Bền Bỉ Tặng Kèm 2 pin",1,2026-01-19,Electronic
4,đúng với mô_tả : đúng,"GÓI BẢO HÀNH ĐIỆN TỬ 1 NĂM cho Cân Tiểu Ly Điện Tử Nhà Bếp 1g-10kg, 0,1g- 5kg METIS Độ Chính Xác Cao",1,2026-01-18,Electronic
4,chất_lượng sản_phẩm : tạm ổn đúng với mô_tả : đúng giao hàng đúng thời_gian dự_kiến . hộp cơm ở trong có hộp inox nhỏ hộp ngoài nhựa bao lại giữ ấm chắc không_được_lâu,"Hộp Đựng Cơm Túi Đựng Cơm Trưa Giữ Nhiệt Văn Phòng Cách Nhiệt, Combo 3 Ngăn Đựng Thức Ăn 2 Lớp Bằng Thép Không Gỉ 304",1,2026-01-18,Electronic
4,bao_bì được đẹp giao nhanh màu đúng dùng thử cũng được so với giá tiền là ổn,Máy Sấy Tóc Ion Âm 5in1 METIS Không Cánh Quạt 3 Tốc Độ Công Suất 2200W 2 Chiều Tặng Kèm Đầu Sấy,1,2026-01-17,Electronic
4,để sử_dụng một thời_gian mới biết được chất_lượng như_thế_nào,"Cân Tiểu Ly Điện Tử Nhà Bếp 1g-10kg, 0,1g- 5kg METIS Độ Chính Xác Cao, Chất Liệu Hợp Kim Thép Bền Bỉ Tặng Kèm 2 pin",1,2026-01-17,Electronic
4,"bao_bì đóng_gói tốt , mẫu_mã sản_phẩm đẹp và đủ linh_kiện . động_cơ chạy tốt , êm , tuy_nhiên độ mạnh công_suất chưa_đạt như kỳ_vọng của mình vì trước đó từng sử_dụng 1 máy có lực_sấy mạnh hơn nhưng không_biết công_suất máy đó bao_nhiêu và của thương_hiệu nào . nhưng với giá rẻ , mẫu_mã đẹp và kèm_gói bảo_hành sản_phẩm 1 năm thì sản_phẩm này đáng mua nha các bạn .",Máy Sấy Tóc Ion Âm 5in1 METIS Không Cánh Quạt 3 Tốc Độ Công Suất 2200W 2 Chiều Tặng Kèm Đầu Sấy,1,2026-01-17,Electronic
4,giao nhanh đóng_gói cẩn_thận đọc hướng_dẫn sử_dụng rồi mà chưa_kết_nối điện_thoại thôi thôi kệ,Cân Điện Tử METIS Sạc USB Kết Nối Bluetooth Phân Tích Chỉ Số Cơ Thể Trọng Lượng Tối Đa 180kg,1,2026-01-17,Electronic
4,đúng với mô_tả : được tính_năng nổi_bật : bảo_hành chất_lượng sản_phẩm : tốt mình không_thấy phiếu bảo_hành nhưng cũng không_quan_tâm lắm . cảm_ơn cửa_hàng,GÓI BẢO HÀNH ĐIỆN TỬ 1 NĂM cho Máy Sấy Quần Áo Gấp Gọn Treo Tường Sang Trọng Nhỏ Gọn METIS,1,2026-01-17,Electronic
4,chất_lượng sản_phẩm : hàng đẹp đúng mô_tả cân chính_xác mới sử_dụng chưa_biết được lâu_dài không,"Cân Tiểu Ly Điện Tử Nhà Bếp 1g-10kg, 0,1g- 5kg METIS Độ Chính Xác Cao, Chất Liệu Hợp Kim Thép Bền Bỉ Tặng Kèm 2 pin",1,2026-01-16,Electronic
4,"sản_phẩm rẻ , giống ảnh tuy_nhiên không_giữ nhiệt được , lòng inox mỏng , dễ bị gỉ bộ_sản_phẩm , tiền nào của nấy","Hộp Đựng Cơm Túi Đựng Cơm Trưa Giữ Nhiệt Văn Phòng Cách Nhiệt, Combo 3 Ngăn Đựng Thức Ăn 2 Lớp Bằng Thép Không Gỉ 304",1,2026-01-15,Electronic
4,"dùng dễ , mình lười quay",Cân Điện Tử METIS Sạc USB Kết Nối Bluetooth Phân Tích Chỉ Số Cơ Thể Trọng Lượng Tối Đa 180kg,1,2026-01-15,Electronic
4,cân bình_thường nhưng_mà cứ dùng được 2 3 tháng thì hỏng không_hiểu sao không,"Cân Tiểu Ly Điện Tử Nhà Bếp 1g-10kg, 0,1g- 5kg METIS Độ Chính Xác Cao, Chất Liệu Hợp Kim Thép Bền Bỉ Tặng Kèm 2 pin",1,2026-01-15,Electronic
4,không_có_tặng kèm_thước dây,Cân Điện Tử METIS Sạc USB Kết Nối Bluetooth Phân Tích Chỉ Số Cơ Thể Trọng Lượng Tối Đa 180kg,1,2026-01-14,Electronic
4,tạm,"Cân Tiểu Ly Điện Tử Nhà Bếp 1g-10kg, 0,1g- 5kg METIS Độ Chính Xác Cao, Chất Liệu Hợp Kim Thép Bền Bỉ Tặng Kèm 2 pin",1,2026-01-13,Electronic
4,đúng với mô_tả : sản_phẩm đẹp chất_lượng sản_phẩm : tốt,"Hộp Đựng Cơm Túi Đựng Cơm Trưa Giữ Nhiệt Văn Phòng Cách Nhiệt, Combo 3 Ngăn Đựng Thức Ăn 2 Lớp Bằng Thép Không Gỉ 304",1,2026-01-13,Electronic
4,"giao hàng đúng như hình_ảnh , có_điều cân nhảy_số lung_tung lắm !","Cân Tiểu Ly Điện Tử Nhà Bếp 1g-10kg, 0,1g- 5kg METIS Độ Chính Xác Cao, Chất Liệu Hợp Kim Thép Bền Bỉ Tặng Kèm 2 pin",1,2026-01-13,Electronic
4,"máy khỏe , sấy êm , dây hơi ngắn",Máy Sấy Tóc Ion Âm 5in1 METIS Không Cánh Quạt 3 Tốc Độ Công Suất 2200W 2 Chiều Tặng Kèm Đầu Sấy,1,2026-01-13,Electronic
4,cũng được chưa_sử_dụng lâu nên không_biết bền không,Cân Điện Tử METIS Sạc USB Kết Nối Bluetooth Phân Tích Chỉ Số Cơ Thể Trọng Lượng Tối Đa 180kg,1,2026-01-12,Electronic
4,"độ chính_xác : không_chuẩn đâu_kết_nối bluetooth : có thiết_kế : bình_thường cân rẻ chắc_chắn sẽ không_chính_xác hẳn rồi , mua về màn_hình hiển_thị số cân còn bị lệch sang 1 bên",Cân Điện Tử METIS Sạc USB Kết Nối Bluetooth Phân Tích Chỉ Số Cơ Thể Trọng Lượng Tối Đa 180kg,1,2026-01-12,Electronic
4,cái này khi mua không_để_ý nên không_biết . không_biết bảo_hành kiểu gì,GÓI BẢO HÀNH ĐIỆN TỬ 1 NĂM cho Cân Điện Tử METIS Sạc USB Kết Nối Bluetooth Phân Tích Chỉ Số Cơ Thể,1,2026-01-12,Electronic
4,"chất_lượng sản_phẩm tuyệt_vời , cửa_hàng đóng_gói kỹ_càng , được lắm nha",Cân Điện Tử METIS Sạc USB Kết Nối Bluetooth Phân Tích Chỉ Số Cơ Thể Trọng Lượng Tối Đa 180kg,1,2026-01-09,Electronic
4,đúng với miêu_tả giao hàng nhanh được . giao hàng vui_vẻ nhiệt_tình,"Hộp Đựng Cơm Túi Đựng Cơm Trưa Giữ Nhiệt Văn Phòng Cách Nhiệt, Combo 3 Ngăn Đựng Thức Ăn 2 Lớp Bằng Thép Không Gỉ 304",1,2026-01-09,Electronic
4,"độ chính_xác : nhiều lúc không_chuẩn , dễ lệch dù cân cùng thời_điểm kết_nối bluetooth : kết_nối dễ_dàng",Cân Điện Tử METIS Sạc USB Kết Nối Bluetooth Phân Tích Chỉ Số Cơ Thể Trọng Lượng Tối Đa 180kg,1,2026-01-09,Electronic
4,"chất_lượng sản_phẩm : tốt đúng với mô_tả : đúng . dùng để đong bánh vậy vậy . số_lượng chuẩn , giá rẻ .","Cân Tiểu Ly Điện Tử Nhà Bếp 1g-10kg, 0,1g- 5kg METIS Độ Chính Xác Cao, Chất Liệu Hợp Kim Thép Bền Bỉ Tặng Kèm 2 pin",1,2026-01-09,Electronic
4,"chất_lượng : thực_tế nhỏ hơn so với trên hình , nhưng cũng ổn","Hộp Đựng Cơm Túi Đựng Cơm Trưa Giữ Nhiệt Văn Phòng Cách Nhiệt, Combo 3 Ngăn Đựng Thức Ăn 2 Lớp Bằng Thép Không Gỉ 304",1,2026-01-06,Electronic
4,tạm nhận,"Cân Tiểu Ly Điện Tử Nhà Bếp 1g-10kg, 0,1g- 5kg METIS Độ Chính Xác Cao, Chất Liệu Hợp Kim Thép Bền Bỉ Tặng Kèm 2 pin",1,2026-01-06,Electronic
4,dùng được lúc cân đúng xong có lúc bị lag hay hết pin gì đó mà cân sai tùm_lum á,Cân Điện Tử METIS Sạc USB Kết Nối Bluetooth Phân Tích Chỉ Số Cơ Thể Trọng Lượng Tối Đa 180kg,1,2026-01-05,Electronic
4,giao hàng nhanh sản_phẩm được,"Hộp Đựng Cơm Túi Đựng Cơm Trưa Giữ Nhiệt Văn Phòng Cách Nhiệt, Combo 3 Ngăn Đựng Thức Ăn 2 Lớp Bằng Thép Không Gỉ 304",1,2026-01-04,Electronic
4,không_thấy phiếu bảo_hành,"GÓI BẢO HÀNH ĐIỆN TỬ 1 NĂM cho Cân Tiểu Ly Điện Tử Nhà Bếp 1g-10kg, 0,1g- 5kg METIS Độ Chính Xác Cao",1,2026-01-03,Electronic
4,"đóng_gói thì chắc_chắn , giao hàng nhanh . nhưng bất_ngờ là khi mở bên trong ổ điện ra xem thì . mình nghĩ nó không_chịu được tới 2500 w đâu , phần dây và kim_loại chỗ phích cắm rất mỏng . thôi thì tiền nào của đó , tóm_lại xài cho những thiết_bị tải nhẹ thì chắc được chứ cắm bếp điện hoặc ấm siêu_tốc là lịm đó",Ổ Cắm Chịu Tải Đa Năng Có 7 Cổng 2 usb Và 1 type c Có Công Tắc Điều Khiển An Toàn Tiện Lợi,2,2026-01-03,Electronic
4,"lỗi không_xài trên app được , chỉ cân được",Cân Điện Tử METIS Sạc USB Kết Nối Bluetooth Phân Tích Chỉ Số Cơ Thể Trọng Lượng Tối Đa 180kg,1,2026-01-03,Electronic
4,"máy gọn và có trọng_lượng rất nhẹ . tuy_nhiên chỉ là thổi gió thường và dùng đèn màu xanh , không_phải_uv khử_khuẩn khử mùi . không_hề_có_hiển_thị nhiệt_độ , số 48 độ kia chỉ là hình đề_can dán vào . mình mua do hiển_thị nhiệt_độ thôi chứ mấy chức_năng kia không_lạ gì , ai dè .",Máy Sấy Giày Khử Mùi Bằng Tia Cực Tím Thông Minh Có Hiển Thị Nhiệt Độ METIS Combo Làm Khô Tất Đa Năng,1,2026-01-02,Electronic
4,"mua để cân đồ_ăn dặm cho con . cân bé lắm , bé hơn mình tưởng . tối_đa là 5 kg mà bé xíu vậy không_biết chịu lực ổn không . không_biết có bền không_phải_xài 1 thời_gian","Cân Tiểu Ly Điện Tử Nhà Bếp 1g-10kg, 0,1g- 5kg METIS Độ Chính Xác Cao, Chất Liệu Hợp Kim Thép Bền Bỉ Tặng Kèm 2 pin",1,2026-01-02,Electronic
4,hộp hơi nát nhưng_mà xài thấy cũng được .,Máy Sấy Giày Khử Mùi Bằng Tia Cực Tím Thông Minh Có Hiển Thị Nhiệt Độ METIS Combo Làm Khô Tất Đa Năng,1,2026-01-02,Electronic
4,không_rõ bảo_hành thế_nào .,GÓI BẢO HÀNH ĐIỆN TỬ 1 NĂM cho Cân Điện Tử METIS Sạc USB Kết Nối Bluetooth Phân Tích Chỉ Số Cơ Thể,1,2026-01-02,Electronic
4,app không_kết_nối được với thiết_bị .,Cân Điện Tử METIS Sạc USB Kết Nối Bluetooth Phân Tích Chỉ Số Cơ Thể Trọng Lượng Tối Đa 180kg,1,2026-01-02,Electronic
4,"máy không_ồn lắm , nhiệt_độ có_vẻ hơi thấp_sợ sấy lâu , dùng thời_gian xem sao",Máy Sấy Giày Khử Mùi Bằng Tia Cực Tím Thông Minh Có Hiển Thị Nhiệt Độ METIS Combo Làm Khô Tất Đa Năng,1,2026-01-02,Electronic
4,đã sử_dụng được gần tháng . cân mỗi lần ra 1 kết_quả khác nhau . cân nhiều lần rồi tự_trừ sai_lệch trong tầm 1 đến 2 kg là ra cân_chuẩn . dùng tạm ổn .,Cân Điện Tử METIS Sạc USB Kết Nối Bluetooth Phân Tích Chỉ Số Cơ Thể Trọng Lượng Tối Đa 180kg,1,2025-12-31,Electronic
4,"như sản_phẩm đã qua sử_dụng , nhìn bẩn bẩn","Cân Tiểu Ly Điện Tử Nhà Bếp 1g-10kg, 0,1g- 5kg METIS Độ Chính Xác Cao, Chất Liệu Hợp Kim Thép Bền Bỉ Tặng Kèm 2 pin",1,2025-12-31,Electronic
4,"nhận giao hàng rất nhanh , đóng_gói không_quá kĩ_lưỡng . chúc mọi người một ngày cuối năm vui_vẻ , bình_yên . chúc tất_cả mọi người năm mới bình_an . chúc mọi cô gái trên thế_giới đều hạnh_phúc , xinh_đẹp",Cân Điện Tử METIS Sạc USB Kết Nối Bluetooth Phân Tích Chỉ Số Cơ Thể Trọng Lượng Tối Đa 180kg,1,2025-12-31,Electronic
4,không_thấy tờ bảo_hành đi kèm,"GÓI BẢO HÀNH ĐIỆN TỬ 1 NĂM cho Cân Tiểu Ly Điện Tử Nhà Bếp 1g-10kg, 0,1g- 5kg METIS Độ Chính Xác Cao",1,2025-12-30,Electronic
4,"chất_lượng sản_phẩm : được đúng với mô_tả : được giao hàng nhanh . đế cân_bằng nhựa , không_biết sử_dụng có bền không , giá rẻ còn được bảo_hành 1 năm","Cân Tiểu Ly Điện Tử Nhà Bếp 1g-10kg, 0,1g- 5kg METIS Độ Chính Xác Cao, Chất Liệu Hợp Kim Thép Bền Bỉ Tặng Kèm 2 pin",1,2025-12-30,Electronic
4,độ chính_xác : cân được chất_liệu : nhìn cũng được giao hàng nhanh . đúng mẫu_mã màu_sắc sản_phẩm cũng được nha mọi người có gì mình đánh_giá lại,"Cân Tiểu Ly Điện Tử Nhà Bếp 1g-10kg, 0,1g- 5kg METIS Độ Chính Xác Cao, Chất Liệu Hợp Kim Thép Bền Bỉ Tặng Kèm 2 pin",1,2025-12-29,Electronic
4,"có_vẻ cân_hơi yếu , đứng lên thấy ọp_ẹp kiểu bị mỏng",Cân Điện Tử METIS Sạc USB Kết Nối Bluetooth Phân Tích Chỉ Số Cơ Thể Trọng Lượng Tối Đa 180kg,1,2025-12-29,Electronic
4,"bao_bì : được mẹo : bật thử thấy gió mạnh , mong sử_dụng bền",Máy Sấy Tóc Ion Âm 5in1 METIS Không Cánh Quạt 3 Tốc Độ Công Suất 2200W 2 Chiều Tặng Kèm Đầu Sấy,1,2025-12-29,Electronic
4,"xài tốt , để sạc usb mà giao loại pin . nhưng vẫn được . sai màu . mua đen mà giao trắng .",Cân Điện Tử METIS Sạc USB Kết Nối Bluetooth Phân Tích Chỉ Số Cơ Thể Trọng Lượng Tối Đa 180kg,1,2025-12-28,Electronic
4,"giao hàng nhanh , đóng_gói cẩn_thận . giao đúng số_lượng đã đặt . độ_chính_xác mang tính_chất tương_đối thôi .","GÓI BẢO HÀNH ĐIỆN TỬ 1 NĂM cho Cân Tiểu Ly Điện Tử Nhà Bếp 1g-10kg, 0,1g- 5kg METIS Độ Chính Xác Cao",1,2025-12-28,Electronic
4,bao_bì : được kinh_nghiệm sử_dụng : chưa_sử_dụng chưa_biết,GÓI BẢO HÀNH ĐIỆN TỬ 1 NĂM cho Máy Sấy Tóc Ion Âm 5in1 METIS Không Cánh Quạt 3 Tốc Độ Công Suất 2200W,1,2025-12-27,Electronic
4,đối_tượng sử_dụng : mọi lứa tuổi công_dụng : được theo_dõi được cân nặng rẻ được mua đi,Cân Điện Tử METIS Sạc USB Kết Nối Bluetooth Phân Tích Chỉ Số Cơ Thể Trọng Lượng Tối Đa 180kg,1,2025-12-26,Electronic
4,đóng_gói quá tệ,Máy Sấy Tóc Ion Âm 5in1 METIS Không Cánh Quạt 3 Tốc Độ Công Suất 2200W 2 Chiều Tặng Kèm Đầu Sấy,1,2025-12-25,Electronic
4,sản_phẩm được,GÓI BẢO HÀNH ĐIỆN TỬ 1 NĂM cho Cân Điện Tử METIS Sạc USB Kết Nối Bluetooth Phân Tích Chỉ Số Cơ Thể,1,2025-12-25,Electronic
4,"đã mua cái thứ 2 , dùng được cân đúng , thiết_kế đẹp nhỏ gọn dễ theo_dõi sức_khỏe mọi lúc",Cân Điện Tử METIS Sạc USB Kết Nối Bluetooth Phân Tích Chỉ Số Cơ Thể Trọng Lượng Tối Đa 180kg,1,2025-12-24,Electronic
4,độ chính_xác : không_kết_nối bluetooth : chưa_kết_nối thiết_kế : đẹp độ_chính_xác chưa_cao mới lên cân xong một_tí quay lại cân thì đã lên 500 g lệch rất lớn . có_thể trọng_lượng dồn phía trước nhiều thì sẽ nặng hơn,Cân Điện Tử METIS Sạc USB Kết Nối Bluetooth Phân Tích Chỉ Số Cơ Thể Trọng Lượng Tối Đa 180kg,1,2025-12-21,Electronic
4,nút tắt mở bị lệch,"Cân Tiểu Ly Điện Tử Nhà Bếp 1g-10kg, 0,1g- 5kg METIS Độ Chính Xác Cao, Chất Liệu Hợp Kim Thép Bền Bỉ Tặng Kèm 2 pin",1,2025-12-21,Electronic
4,"đặt thấy máy tên metis , nhưng nhận hàng là godwell . giới_thiệu dây_điện 1 m8 nhưng thực_tế tầm 1 m5 , công_suất giới_thiệu 2200 w nhưng trên hộp giao ghi 1500 w . kiểm_tra thử thì thấy máy chạy vẫn tốt , màu_sắc_đẹp , chỉ là cảm_giác sức gió hơi yếu hơn máy metis lần trước mua , nên bù lại đỡ ồn hơn . hy_vọng xài bền .",Máy Sấy Tóc Ion Âm 5in1 METIS Không Cánh Quạt 3 Tốc Độ Công Suất 2200W 2 Chiều Tặng Kèm Đầu Sấy,1,2025-12-21,Electronic
4,cân cũng được nhưng hơi lỗi nhiều lúc cân nặng không_được_chính_xác nhưng giá vậy cũng chấp_nhận,Cân Điện Tử METIS Sạc USB Kết Nối Bluetooth Phân Tích Chỉ Số Cơ Thể Trọng Lượng Tối Đa 180kg,1,2025-12-20,Electronic
4,cân được mỗi tội mày_mò mãi mới kết_nối được . giá rẻ mà cân_điện_tử nên không_biết có bền không,Cân Điện Tử METIS Sạc USB Kết Nối Bluetooth Phân Tích Chỉ Số Cơ Thể Trọng Lượng Tối Đa 180kg,1,2025-12-20,Electronic
4,"ảnh và video không_liên_quan , vì lần đầu mua , mà giao hàng về cho nhà dưới quê , kêu là lúc đầu cân không_chính_xác hơi khó sử_dụng",Cân Điện Tử METIS Sạc USB Kết Nối Bluetooth Phân Tích Chỉ Số Cơ Thể Trọng Lượng Tối Đa 180kg,1,2025-12-20,Electronic
4,"máy sấy_êm , nhanh khô . giao hàng cũng nhanh . chưa_thấy hiện_tượng khô xơ_tóc .",Máy Sấy Tóc Ion Âm 5in1 METIS Không Cánh Quạt 3 Tốc Độ Công Suất 2200W 2 Chiều Tặng Kèm Đầu Sấy,1,2025-12-19,Electronic
4,"giao đúng và đủ số_lượng sản_phẩm , giao đúng mẫu đã chọn , đóng_gói sản_phẩm chắc_chắn , thời_gian giao hàng","GÓI BẢO HÀNH ĐIỆN TỬ 1 NĂM cho Cân Tiểu Ly Điện Tử Nhà Bếp 1g-10kg, 0,1g- 5kg METIS Độ Chính Xác Cao",1,2025-12-18,Electronic
4,"cân bên cửa_hàng giao nhanh , tuy_nhiên thiếu dây thước_đo , mình đặt màu hồng cửa_hàng giao màu đen",Cân Điện Tử METIS Sạc USB Kết Nối Bluetooth Phân Tích Chỉ Số Cơ Thể Trọng Lượng Tối Đa 180kg,1,2025-12-18,Electronic
4,"mình thấy đóng_gói khá kĩ_càng , chống sốc đầy_đủ , có kèm_pin , nhìn khá chắc_chắn . cân 2 lần giống nhau , nhưng đến lần thứ 3 lệch hẳn 1 kg :",Cân Điện Tử METIS Sạc USB Kết Nối Bluetooth Phân Tích Chỉ Số Cơ Thể Trọng Lượng Tối Đa 180kg,1,2025-12-16,Electronic
4,giấy bảo_hành đâu_cửa_hàng,Máy Sấy Tóc Ion Âm 5in1 METIS Không Cánh Quạt 3 Tốc Độ Công Suất 2200W 2 Chiều Tặng Kèm Đầu Sấy,1,2025-12-16,Electronic
4,"giao hàng nhanh , đóng_gói cẩn_thận , chất_lượng không_đòi_hỏi nhiều với giá này , cân_đo đồ_ăn nên không_cần_chính_xác tuyệt_đối","GÓI BẢO HÀNH ĐIỆN TỬ 1 NĂM cho Cân Tiểu Ly Điện Tử Nhà Bếp 1g-10kg, 0,1g- 5kg METIS Độ Chính Xác Cao",1,2025-12-15,Electronic
4,chất_lượng : nsnn chức_năng : han n bảo_hành : hnan không_thấy phiếu bảo_hành trong hộp không_biết cửa_hàng có để vào không,GÓI BẢO HÀNH ĐIỆN TỬ 1 NĂM cho Cân Điện Tử METIS Sạc USB Kết Nối Bluetooth Phân Tích Chỉ Số Cơ Thể,1,2025-12-14,Electronic
4,"công_dụng : cân tốt đối_tượng sử_dụng : ai cũng được cân có_vẻ hơi ọt_ẹt , không_chắc_chắn . bù cái có bluetooth theo_dõi cân nặng . về cơ_bản là được , nhưng nếu rút gọn công_nghệ , thêm phần sức_bền thì chất_lượng sẽ được hơn .",Cân Điện Tử METIS Sạc USB Kết Nối Bluetooth Phân Tích Chỉ Số Cơ Thể Trọng Lượng Tối Đa 180kg,1,2025-12-14,Electronic
4,sục được,"Cân Tiểu Ly Điện Tử Nhà Bếp 1g-10kg, 0,1g- 5kg METIS Độ Chính Xác Cao, Chất Liệu Hợp Kim Thép Bền Bỉ Tặng Kèm 2 pin",1,2025-12-14,Electronic
4,"đúng với mô_tả : được chất_lượng sản_phẩm : tạm tạm chất_lượng hàng ở tầm_trung , cân chơi chơi thì được , cần chính_xác thì không_đủ","Cân Tiểu Ly Điện Tử Nhà Bếp 1g-10kg, 0,1g- 5kg METIS Độ Chính Xác Cao, Chất Liệu Hợp Kim Thép Bền Bỉ Tặng Kèm 2 pin",1,2025-12-14,Electronic
4,"chất_lượng sản_phẩm : được cân đúng , còn sức khỏe_tích hợp đó thì tham_khảo thôi . không_đúng đâu","Cân Tiểu Ly Điện Tử Nhà Bếp 1g-10kg, 0,1g- 5kg METIS Độ Chính Xác Cao, Chất Liệu Hợp Kim Thép Bền Bỉ Tặng Kèm 2 pin",1,2025-12-13,Electronic
4,công_dụng : mình đặt cái cân màu đen lại giao cái hình con lợn,Cân Điện Tử METIS Sạc USB Kết Nối Bluetooth Phân Tích Chỉ Số Cơ Thể Trọng Lượng Tối Đa 180kg,1,2025-12-12,Electronic
4,bao_bì : được kinh_nghiệm sử_dụng : được máy_sấy được mà dây thì quá ngắn . khó sấy dù phải dùng ổ_điện nối dài khuyên hãng nên làm dây dài thêm,Máy Sấy Tóc Ion Âm 5in1 METIS Không Cánh Quạt 3 Tốc Độ Công Suất 2200W 2 Chiều Tặng Kèm Đầu Sấy,1,2025-12-12,Electronic
4,"kinh_nghiệm sử_dụng : để tóc hết chảy nước thì sấy_mẹo : úp ngược_đầu xuống sấy bao_bì : đẹp , chất_xinh , ổn hơi ồn , lúc bật mức nóng nhất có mùi hơi giống khét",Máy Sấy Tóc Ion Âm 5in1 METIS Không Cánh Quạt 3 Tốc Độ Công Suất 2200W 2 Chiều Tặng Kèm Đầu Sấy,1,2025-12-11,Electronic
4,"sấy : ổn 85 khử mùi : ổn 80 chất_lượng : mỏng nhẹ mau nóng phần nhựa ở thân sản_phẩm không_dám cắm điện dùng lâu vì sản_phẩm rất mau nóng phần nhựa bên ngoài , tiền nào của nấy",Máy Sấy Giày Khử Mùi Bằng Tia Cực Tím Thông Minh Có Hiển Thị Nhiệt Độ METIS Combo Làm Khô Tất Đa Năng,1,2025-12-11,Electronic
4,mới nhận máy thấy cũng ổn . để xài thử thời_gian xem sao,Máy Sấy Giày Khử Mùi Bằng Tia Cực Tím Thông Minh Có Hiển Thị Nhiệt Độ METIS Combo Làm Khô Tất Đa Năng,1,2025-12-11,Electronic
4,mẫu_mã bao_bì đẹp có_thể kết_nối với điện_thoại để xem các chỉ_số của cơ_thể,Cân Điện Tử METIS Sạc USB Kết Nối Bluetooth Phân Tích Chỉ Số Cơ Thể Trọng Lượng Tối Đa 180kg,1,2025-12-11,Electronic
3,hôi nhựa kinh_khủng . yếu hơn máy cũ của mình . tại máy cũ mình xài hơn năm thì hư nên mua này . giá mắc nha,Máy Sấy Tóc Ion Âm 5in1 METIS Không Cánh Quạt 3 Tốc Độ Công Suất 2200W 2 Chiều Tặng Kèm Đầu Sấy,1,2026-05-04,Electronic
3,giữ nhiệt : chưa_dùng chất_liệu : hợp với giá tiền thiết_kế : bị lỗi mỗi hộp đều mất một đoạn trên vành,"Hộp Đựng Cơm Túi Đựng Cơm Trưa Giữ Nhiệt Văn Phòng Cách Nhiệt, Combo 3 Ngăn Đựng Thức Ăn 2 Lớp Bằng Thép Không Gỉ 304",1,2026-05-03,Electronic
3,"giữ nhiệt : 4 tiếng chất_liệu : nhôm , nhựa thiết_kế : đơn_giản cửa_hàng giao 4 hộp nhưng thiếu 1 khuôn nhôm giữ nhiệt , hàng giao chậm","Hộp Đựng Cơm Túi Đựng Cơm Trưa Giữ Nhiệt Văn Phòng Cách Nhiệt, Combo 3 Ngăn Đựng Thức Ăn 2 Lớp Bằng Thép Không Gỉ 304",1,2026-05-01,Electronic
3,cân gì mà 1 phút lên cân nhảy 4 5 số khác nhau,"Cân điện tử sức khỏe gia đình METIS, Cân heo hồng cân người thiết kế hiện đại trọng lượng 180kg dễ dàng sử dụng",1,2026-04-26,Electronic
3,"độ chính_xác : không_thấy chuẩn kết_nối bluetooth : bình_thường thiết_kế : bình_thường sản_phẩm tốt , nên mua và hình_ảnh chỉ mang tính_chất minh họa thôi nhé",Cân Điện Tử METIS Sạc USB Kết Nối Bluetooth Phân Tích Chỉ Số Cơ Thể Trọng Lượng Tối Đa 180kg,1,2026-04-23,Electronic
3,lắp có cái nhựa để giữ hộp đóng chắc_chắn mà nó đã hỏng rồi không_dùng được 1 hộp,"Hộp Đựng Cơm Túi Đựng Cơm Trưa Giữ Nhiệt Văn Phòng Cách Nhiệt, Combo 3 Ngăn Đựng Thức Ăn 2 Lớp Bằng Thép Không Gỉ 304",1,2026-04-23,Electronic
3,"độ chính_xác : cũng được thiết_kế : mong là được lâu giao hàng nhanh , cũng được , sản_phẩm","GÓI BẢO HÀNH ĐIỆN TỬ 1 NĂM cho Cân Tiểu Ly Điện Tử Nhà Bếp 1g-10kg, 0,1g- 5kg METIS Độ Chính Xác Cao",1,2026-04-22,Electronic
3,"giữ nhiệt : được chất_liệu : được thiết_kế : được giao hàng nhanh , hộp cảm_ơn chắc_chắn , giá_thành phù_hợp","Hộp Đựng Cơm Túi Đựng Cơm Trưa Giữ Nhiệt Văn Phòng Cách Nhiệt, Combo 3 Ngăn Đựng Thức Ăn 2 Lớp Bằng Thép Không Gỉ 304",1,2026-04-21,Electronic
3,"giữ nhiệt : bình_thường chất_liệu : không_ổn thiết_kế : bình_thường mình thấy nó hình_như không_phải_inox , quay trong lò_vi sóng hơi sợ , hay bị tụt vỏ hộp ra ngoài","Hộp Đựng Cơm Túi Đựng Cơm Trưa Giữ Nhiệt Văn Phòng Cách Nhiệt, Combo 3 Ngăn Đựng Thức Ăn 2 Lớp Bằng Thép Không Gỉ 304",1,2026-04-19,Electronic
3,tiếng ồn : ồn lắm mấy mom ơi,Máy Sấy Tóc Ion Âm 5in1 METIS Không Cánh Quạt 3 Tốc Độ Công Suất 2200W 2 Chiều Tặng Kèm Đầu Sấy,1,2026-04-18,Electronic
3,trầy nhiều,"Cân Tiểu Ly Điện Tử Nhà Bếp 1g-10kg, 0,1g- 5kg METIS Độ Chính Xác Cao, Chất Liệu Hợp Kim Thép Bền Bỉ Tặng Kèm 2 pin",1,2026-04-18,Electronic
3,"độ chính_xác : cân cùng 1 khoảng thời_gian nhưng số cân lại không_giống nhau kết_nối bluetooth : chưa_sử_dụng thật_sự là mua để theo_dõi cân nặng nhưng_mà cân mỗi lần 1 kiểu như này nên thấy không_ổn lắm , có_khi chênh nhau 0,5 kg",Cân Điện Tử METIS Sạc USB Kết Nối Bluetooth Phân Tích Chỉ Số Cơ Thể Trọng Lượng Tối Đa 180kg,1,2026-04-15,Electronic
3,pin nhanh hết,GÓI BẢO HÀNH ĐIỆN TỬ 1 NĂM cho Quạt cầm tay mini tích điện METIS gió mạnh 16000 vòng/phút có dây đeo,1,2026-04-14,Electronic
3,sản_phẩm được,Cân Điện Tử METIS Sạc USB Kết Nối Bluetooth Phân Tích Chỉ Số Cơ Thể Trọng Lượng Tối Đa 180kg,1,2026-04-11,Electronic
3,độ bền : chưa_biết vì mới dùng lần đầu tốc_độ đun : được thiết_kế : mỏng lắm hàng giao thì nhanh đấy nhưng thiết_kế cái chỗ cắm điện_đĩa cắm điện hơi mỏng nhựa mỏng không_biết có bền hay không,"Ấm đun siêu tốc, Bình đun nước thủy tinh siêu tốc 2.5L, inox không gỉ dung tích 1.8L METIS tay cầm chống nóng",1,2026-04-10,Electronic
3,lỏng_lẻo không_chắc_chắn,"Cân Tiểu Ly Điện Tử Nhà Bếp 1g-10kg, 0,1g- 5kg METIS Độ Chính Xác Cao, Chất Liệu Hợp Kim Thép Bền Bỉ Tặng Kèm 2 pin",1,2026-04-10,Electronic
3,hàng đúng như mô_tả nhưng không_có_hướng_dẫn cài điện_áp trên điện_thoại nên chẳng_khác_gì cân không_bình_thường .,GÓI BẢO HÀNH ĐIỆN TỬ 1 NĂM cho Cân Điện Tử METIS Sạc USB Kết Nối Bluetooth Phân Tích Chỉ Số Cơ Thể,1,2026-04-09,Electronic
3,độ chính_xác : tạm thiết_kế : bình_thường,GÓI BẢO HÀNH ĐIỆN TỬ 1 NĂM cho Cân Điện Tử METIS Sạc USB Kết Nối Bluetooth Phân Tích Chỉ Số Cơ Thể,1,2026-04-09,Electronic
3,độ chính_xác : tạm nha chất_liệu : nhựa thiết_kế : bình_thường cửa_hàng giao tới hàng còn nguyên_vẹn mà không_biết sao cái mặt hiện_số có khúc phía dưới bị đen nên khó nhìn với tháo miếng xanh ra bề_mặt nó có mấy vết gì đấy không_làm sạch được,"Cân Tiểu Ly Điện Tử Nhà Bếp 1g-10kg, 0,1g- 5kg METIS Độ Chính Xác Cao, Chất Liệu Hợp Kim Thép Bền Bỉ Tặng Kèm 2 pin",1,2026-04-09,Electronic
3,thiếu thìa dĩa,"GÓI BẢO HÀNH ĐIỆN TỬ 1 NĂM cho Cân Tiểu Ly Điện Tử Nhà Bếp 1g-10kg, 0,1g- 5kg METIS Độ Chính Xác Cao",1,2026-04-09,Electronic
3,hơi nhỏ không_đủ 1 người nam ăn,"Hộp Đựng Cơm Túi Đựng Cơm Trưa Giữ Nhiệt Văn Phòng Cách Nhiệt, Combo 3 Ngăn Đựng Thức Ăn 2 Lớp Bằng Thép Không Gỉ 304",1,2026-04-08,Electronic
3,"sản_phẩm không_phải_inox 304 , chỉ là sắt mạ crom .","Hộp Đựng Cơm Túi Đựng Cơm Trưa Giữ Nhiệt Văn Phòng Cách Nhiệt, Combo 3 Ngăn Đựng Thức Ăn 2 Lớp Bằng Thép Không Gỉ 304",1,2026-04-07,Electronic
3,"chất_liệu : inox mỏng , mức giá như_vậy hơi cao .","Hộp Đựng Cơm Túi Đựng Cơm Trưa Giữ Nhiệt Văn Phòng Cách Nhiệt, Combo 3 Ngăn Đựng Thức Ăn 2 Lớp Bằng Thép Không Gỉ 304",1,2026-04-06,Electronic
3,giữ nhiệt : chưa_dùng nên chưa_biết nhưng tôi nghĩ không_giữ được quá lâu chất_liệu : hình_như không_phải_304 nhìn khá mỏng_manh với nhỉ thiết_kế : nhỏ gọn dễ cầm đi nhỏ hơn tôi tưởng cái túi đựng bên ngoài nhìn nó mỏng không_được_chắc chắc có 1 hộp tôi nhận được bị phồng phồng lên sao á,"Hộp Đựng Cơm Túi Đựng Cơm Trưa Giữ Nhiệt Văn Phòng Cách Nhiệt, Combo 3 Ngăn Đựng Thức Ăn 2 Lớp Bằng Thép Không Gỉ 304",1,2026-04-04,Electronic
3,độ chính_xác : không_biết thiết_kế : không_thấy có luôn á,"GÓI BẢO HÀNH ĐIỆN TỬ 1 NĂM cho Cân Tiểu Ly Điện Tử Nhà Bếp 1g-10kg, 0,1g- 5kg METIS Độ Chính Xác Cao",1,2026-04-02,Electronic
3,"chất_lượng tạm ổn . dùng được vài lần là miếng ron ở nắp rớt ra , đựng đồ nước bị tràn ra ngoài .","Hộp Đựng Cơm Túi Đựng Cơm Trưa Giữ Nhiệt Văn Phòng Cách Nhiệt, Combo 3 Ngăn Đựng Thức Ăn 2 Lớp Bằng Thép Không Gỉ 304",1,2026-04-02,Electronic
3,"độ chính_xác : bình_thường thiết_kế : khá đẹp tuy là cửa_hàng có bọc chống sốc nhưng_mà đến tay mình không_xi_nhê mấy cùng ở Hà_Nội , đến tay mình thì sản_phẩm bị mẻ 1 góc không_đáng_kể nhưng làm mình bị thủy tinh_đâm vào tay 3 phát :",Cân Điện Tử METIS Sạc USB Kết Nối Bluetooth Phân Tích Chỉ Số Cơ Thể Trọng Lượng Tối Đa 180kg,1,2026-04-01,Electronic
3,giữ nhiệt : không_giữ được,"Hộp Đựng Cơm Túi Đựng Cơm Trưa Giữ Nhiệt Văn Phòng Cách Nhiệt, Combo 3 Ngăn Đựng Thức Ăn 2 Lớp Bằng Thép Không Gỉ 304",1,2026-03-31,Electronic
3,"độ chính_xác : không_ổn mấy kết_nối bluetooth : chưa_thử thiết_kế : ổn số trên cân nó nhảy tùm_lum . ban_đầu cân ra 45,6 ký , nhảy xuống lên cân lại là 46,3 ký . cân lại lần nữa thì lại là 45,8 ký_trợn mắt",Cân Điện Tử METIS Sạc USB Kết Nối Bluetooth Phân Tích Chỉ Số Cơ Thể Trọng Lượng Tối Đa 180kg,1,2026-03-30,Electronic
3,giao sai màu,Cân Điện Tử METIS Sạc USB Kết Nối Bluetooth Phân Tích Chỉ Số Cơ Thể Trọng Lượng Tối Đa 180kg,1,2026-03-27,Electronic
3,độ bền : mới sử_dụng nên chưa_biết tốc_độ đun : ổn thiết_kế : phù_hợp giá tiền dung_tích chỉ khoảng 2 lít,"Ấm đun siêu tốc, Bình đun nước thủy tinh siêu tốc 2.5L, inox không gỉ dung tích 1.8L METIS tay cầm chống nóng",1,2026-03-25,Electronic
3,"giữ nhiệt : được tầm 3 tiếng cơm ấm chất_liệu : chất_liệu không_phải_inox 304 bị rỉ_bộ sản_phẩm thiết_kế : thiết_kế rời nhựa và inox bất_tiện dùng tầm 2 tuần bị rỉ sét , nên mua đồ chất_lượng cho an_toàn nhé mọi người , không_phải_inox 304","Hộp Đựng Cơm Túi Đựng Cơm Trưa Giữ Nhiệt Văn Phòng Cách Nhiệt, Combo 3 Ngăn Đựng Thức Ăn 2 Lớp Bằng Thép Không Gỉ 304",1,2026-03-24,Electronic
3,đặt màu đen giao trắng,Cân Điện Tử METIS Sạc USB Kết Nối Bluetooth Phân Tích Chỉ Số Cơ Thể Trọng Lượng Tối Đa 180kg,1,2026-03-23,Electronic
3,cân dùng thấy nó cứ hay bị lệch cân cảm_giác không_chuẩn mỗi lần lên lại hiện_cân khác nhau mà vẫn bước lên_xuống thôi mấy lần sau nó mới hiện giống nhau mà được_cái cửa_hàng giao nhanh đóng_gói được nên cũng được,Cân Điện Tử METIS Sạc USB Kết Nối Bluetooth Phân Tích Chỉ Số Cơ Thể Trọng Lượng Tối Đa 180kg,1,2026-03-22,Electronic
3,"hộp nát , tên hàng một đằng giao hàng một nẻo",Máy Sấy Tóc Ion Âm 5in1 METIS Không Cánh Quạt 3 Tốc Độ Công Suất 2200W 2 Chiều Tặng Kèm Đầu Sấy,1,2026-03-20,Electronic
3,"độ chính_xác : tôi thấy cân không_chuẩn cho lắm , cân hay nhảy_số thiết_kế : thiết_kế nhỏ_nhắn , đơn_giản , nhiều màu_sắc cân hay nhảy còn về phần bảo_hành thì tôi không_rõ cho lắm",GÓI BẢO HÀNH ĐIỆN TỬ 1 NĂM cho Cân Điện Tử METIS Sạc USB Kết Nối Bluetooth Phân Tích Chỉ Số Cơ Thể,1,2026-03-20,Electronic
3,"độ chính_xác : tôi thấy cân không_chuẩn_xác cho lắm kết_nối bluetooth : cân không_phải_loại kết_nối với bluetooth thiết_kế : thiết_kế nhỏ gọn , màu_sắc sặc_sỡ tôi đặt cân về nhà nên cũng chưa_cân thử nhưng nghe người_thân review thì cân không_chuẩn_xác lắm đâu , số hay nhảy_linh_tinh lắm mà giá khi mua cũng không_rẻ nữa",Cân Điện Tử METIS Sạc USB Kết Nối Bluetooth Phân Tích Chỉ Số Cơ Thể Trọng Lượng Tối Đa 180kg,1,2026-03-20,Electronic
3,"hàng mỏng , ọp_ẹp , chắc tiền nào của ấy","Ấm đun siêu tốc, Bình đun nước thủy tinh siêu tốc 2.5L, inox không gỉ dung tích 1.8L METIS tay cầm chống nóng",1,2026-03-19,Electronic
3,"độ chính_xác : 60 thiết_kế : được mỏng_manh nhẹ hều , cảm_giác không_chính_xác , không_thể theo_dõi sức khỏe",GÓI BẢO HÀNH ĐIỆN TỬ 1 NĂM cho Cân Điện Tử METIS Sạc USB Kết Nối Bluetooth Phân Tích Chỉ Số Cơ Thể,1,2026-03-17,Electronic
3,"độ chính_xác : 60 kết_nối bluetooth : được thiết_kế : được cân mỏng_dính , cảm_giác không_chính_xác , mấy chỉ_số chắc toàn tính bừa . giá rẻ , mua dùng tham_khảo thôi , không_có_thể theo_dõi sức khỏe đâu",Cân Điện Tử METIS Sạc USB Kết Nối Bluetooth Phân Tích Chỉ Số Cơ Thể Trọng Lượng Tối Đa 180kg,1,2026-03-17,Electronic
3,giữ nhiệt : không_biết chất_liệu : nhựa thiết_kế : được mình cảm_thấy nó không_được_xịn lắm mà không_biết có cho lò_vi sóng quay được không ? cái bát bên trong là inox nhưng_mà mỏng_dính . không_biết phải inox xịn không,"Hộp Đựng Cơm Túi Đựng Cơm Trưa Giữ Nhiệt Văn Phòng Cách Nhiệt, Combo 3 Ngăn Đựng Thức Ăn 2 Lớp Bằng Thép Không Gỉ 304",1,2026-03-16,Electronic
3,"độ chính_xác : tạm chất_liệu : ọp_ẹp thiết_kế : bình_thường hàng giao nhanh , nhưng nút bấm bị lỗi như hình . thôi để dùng luôn chứ giao hàng đi giao hàng lại mất_công .","Cân Tiểu Ly Điện Tử Nhà Bếp 1g-10kg, 0,1g- 5kg METIS Độ Chính Xác Cao, Chất Liệu Hợp Kim Thép Bền Bỉ Tặng Kèm 2 pin",1,2026-03-15,Electronic
3,chất_lượng : sản_phẩm mới nhận đẹp mà dùng được 1 tuần sắt bên trong xỉn màu,"Hộp Đựng Cơm Túi Đựng Cơm Trưa Giữ Nhiệt Văn Phòng Cách Nhiệt, Combo 3 Ngăn Đựng Thức Ăn 2 Lớp Bằng Thép Không Gỉ 304",1,2026-03-15,Electronic
3,"độ chính_xác : độ_chính_xác không_ổn_định hơi có vấn_đề ở việc cân . ví_dụ : mình cần đong 1 viên cà_phê ở ngưỡng 6,2_gr , tuy_nhiên khi cho cà_phê vào ở đặt lên cân nó báo 5,8_gr , cho thêm 1 ít nó vẫn báo 5,8_gr , lại cho tiếp 1 ít thì nó lại nhảy lên 6,5_gr . bỏ bớt đi thì nó vẫn giữ ở 6,5_gr , bỏ bớt lần nữa nó lại nhảy về 5,8_gr . bực_đáo để .","Cân Tiểu Ly Điện Tử Nhà Bếp 1g-10kg, 0,1g- 5kg METIS Độ Chính Xác Cao, Chất Liệu Hợp Kim Thép Bền Bỉ Tặng Kèm 2 pin",1,2026-03-14,Electronic
3,"chất_lượng : hộp chắc_chắn , nhưng vải dỏm , vừa khui hàng đã thấy rách giữ nhiệt : chưa_sử_dụng","Hộp Đựng Cơm Túi Đựng Cơm Trưa Giữ Nhiệt Văn Phòng Cách Nhiệt, Combo 3 Ngăn Đựng Thức Ăn 2 Lớp Bằng Thép Không Gỉ 304",1,2026-03-14,Electronic
3,"bất_tiện_nha mọi người , mỗi lần rửa là rửa riêng 3 hộp nhựa , 3 nắp , 3 bát đựng đồ_ăn nữa , đồ_ăn có chảy ra ngoài , phải rửa thêm túi đựng , mà dung_tích khá bé , hộp_bự nhất đựng cơm được khoảng 3 vá cơm nếu ép xuống , bất_tiện_nha , cân_nhắc","Hộp Đựng Cơm Túi Đựng Cơm Trưa Giữ Nhiệt Văn Phòng Cách Nhiệt, Combo 3 Ngăn Đựng Thức Ăn 2 Lớp Bằng Thép Không Gỉ 304",1,2026-03-13,Electronic
3,"cảm_giác không_được_chắc_chắn lắm , bước lên mà cứ sợ bể cân à . nên các bạn",Cân Điện Tử METIS Sạc USB Kết Nối Bluetooth Phân Tích Chỉ Số Cơ Thể Trọng Lượng Tối Đa 180kg,1,2026-03-11,Electronic
3,sao cái đầu gắn và màu của máy_sấy không_trùng_màu với nhau nhỉ ? đầu gắn vào màu nhạt hơn nhiều so với thân máy,Máy Sấy Tóc Ion Âm 5in1 METIS Không Cánh Quạt 3 Tốc Độ Công Suất 2200W 2 Chiều Tặng Kèm Đầu Sấy,1,2026-03-10,Electronic
3,không_có_thước dây,Cân Điện Tử METIS Sạc USB Kết Nối Bluetooth Phân Tích Chỉ Số Cơ Thể Trọng Lượng Tối Đa 180kg,1,2026-03-09,Electronic
3,"máy sấy tóc hơi chập_chờn bật phải đợi 1 xíu mới lên gió , gió cũng không_được_to",Máy Sấy Tóc Ion Âm 5in1 METIS Không Cánh Quạt 3 Tốc Độ Công Suất 2200W 2 Chiều Tặng Kèm Đầu Sấy,1,2026-03-07,Electronic
3,"nhiệt_độ : nhiệt_độ lên chậm , khả_năng tạo kiểu : được nhưng phải chải nhiều lần mới tạo nhiệt được chất_liệu : mình chưa_dùng lâu nên chưa_thể đánh_giá được chất_liệu dùng được nhưng nhanh hết pin quá","[THẺ TRÚNG THƯỞNG] Lược Chải Tóc Điện Ion Âm METIS Lược Duỗi Thẳng, Bảo Vệ Tóc Cao Cấp Với 50 Triệu Ion Âm",1,2026-03-06,Electronic
3,bán metis mà giao godwell,Máy Sấy Tóc Ion Âm 5in1 METIS Không Cánh Quạt 3 Tốc Độ Công Suất 2200W 2 Chiều Tặng Kèm Đầu Sấy,1,2026-03-04,Electronic
3,"chất_lượng : hàng Trung_Quốc độ bền : xài tối_đa công_suất dây_điện sẽ nóng lên rất nhanh , giá rẻ nên xài tạm , ai mua thì cân_nhắc",Ổ Cắm Chịu Tải Đa Năng Có 7 Cổng 2 usb Và 1 type c Có Công Tắc Điều Khiển An Toàn Tiện Lợi,1,2026-03-03,Electronic
3,độ bền : độ hoàn_thiện trung_bình tốc_độ đun : nhanh thiết_kế : đơn_giản tầm trung,"Ấm đun siêu tốc, Bình đun nước thủy tinh siêu tốc 2.5L, inox không gỉ dung tích 1.8L METIS tay cầm chống nóng",1,2026-03-03,Electronic
3,chất_lượng : lõi inox không_nên_bỏ lò_vi sóng giữ nhiệt : chưa_thử,"Hộp Đựng Cơm Túi Đựng Cơm Trưa Giữ Nhiệt Văn Phòng Cách Nhiệt, Combo 3 Ngăn Đựng Thức Ăn 2 Lớp Bằng Thép Không Gỉ 304",1,2026-03-03,Electronic
3,"hàng giao về nhìn như cân cũ , ọp_ẹp cân tạm cũng được như mua đồ cũ vậy á_trời chán thật_sự","Cân Tiểu Ly Điện Tử Nhà Bếp 1g-10kg, 0,1g- 5kg METIS Độ Chính Xác Cao, Chất Liệu Hợp Kim Thép Bền Bỉ Tặng Kèm 2 pin",1,2026-03-02,Electronic
3,"nhận hàng xong đun 1 lần thì thấy có 1 lỗ nhỏ ở phần đáy , không_biết là do đâu","Ấm đun siêu tốc, Bình đun nước thủy tinh siêu tốc 2.5L, inox không gỉ dung tích 1.8L METIS tay cầm chống nóng",1,2026-02-27,Electronic
3,"đặt xanh_dương giao_hồng , trẻ nhỏ cần bổ_sung sắt trong chế_độ ăn để giữ cho máu khỏe mạnh .","Ấm đun siêu tốc, Bình đun nước thủy tinh siêu tốc 2.5L, inox không gỉ dung tích 1.8L METIS tay cầm chống nóng",1,2026-02-27,Electronic
3,"độ chính_xác : 7 chất_liệu : 8 thiết_kế : 9 hàng nói_chung chất_lượng tạm ổn , mọi người nên mua và sử_dụng thử","Cân Tiểu Ly Điện Tử Nhà Bếp 1g-10kg, 0,1g- 5kg METIS Độ Chính Xác Cao, Chất Liệu Hợp Kim Thép Bền Bỉ Tặng Kèm 2 pin",1,2026-02-25,Electronic
3,"bề_mặt cân_xước , đóng_gói sơ_xài . dùng một thời_gian rồi mới đánh_giá được chất_lượng cân như_thế_nào .","Cân Tiểu Ly Điện Tử Nhà Bếp 1g-10kg, 0,1g- 5kg METIS Độ Chính Xác Cao, Chất Liệu Hợp Kim Thép Bền Bỉ Tặng Kèm 2 pin",1,2026-02-25,Electronic
3,"sản_phẩm nhìn đẹp , chải vào nếp mỗi tội pin ít quá , sập pin nhanh","[THẺ TRÚNG THƯỞNG] Lược Chải Tóc Điện Ion Âm METIS Lược Duỗi Thẳng, Bảo Vệ Tóc Cao Cấp Với 50 Triệu Ion Âm",1,2026-02-25,Electronic
3,độ chính_xác : tạm kết_nối bluetooth : được thiết_kế : đẹp hình_ảnh và video chỉ mang tính_chất để nhận xu mình thấy cân khá chuẩn nhưng dùng không_được_bền và loại này rất dễ vỡ mua được mấy ngày đã vỡ rồi,Cân Điện Tử METIS Sạc USB Kết Nối Bluetooth Phân Tích Chỉ Số Cơ Thể Trọng Lượng Tối Đa 180kg,1,2026-02-24,Electronic
3,độ chính_xác : mang tính_chất tương_đối kết_nối bluetooth : không_được_thiết_kế : nhìn đẹp cân khá nhẹ kính mỏng_sợ đứng lên gãy mất 88 k 1 cân thì cũng không_rẻ giá_cả bình_thường .,Cân Điện Tử METIS Sạc USB Kết Nối Bluetooth Phân Tích Chỉ Số Cơ Thể Trọng Lượng Tối Đa 180kg,1,2026-02-24,Electronic
3,độ chính_xác : mặc_dù là mới mua pin đầy nhưng tôi cảm_thấy nó không_chính_xác lắm thiết_kế : nhìn đẹp,Cân Điện Tử METIS Sạc USB Kết Nối Bluetooth Phân Tích Chỉ Số Cơ Thể Trọng Lượng Tối Đa 180kg,1,2026-02-22,Electronic
3,công_dụng : cân_đối_tượng sử_dụng : tất_cả đẹp nhưng_mà sứt một cạnh giá tiền hợp_lý dễ mua dễ dùng,Cân Điện Tử METIS Sạc USB Kết Nối Bluetooth Phân Tích Chỉ Số Cơ Thể Trọng Lượng Tối Đa 180kg,1,2026-02-22,Electronic
3,"khó kết_nối bluetooth , cân cũng không_nhạy lắm . mình đứng cả buổi mới sáng đèn",Cân Điện Tử METIS Sạc USB Kết Nối Bluetooth Phân Tích Chỉ Số Cơ Thể Trọng Lượng Tối Đa 180kg,1,2026-02-13,Electronic
3,tốc_độ : 8 10 không_mạnh,Máy Sấy Tóc Ion Âm 5in1 METIS Không Cánh Quạt 3 Tốc Độ Công Suất 2200W 2 Chiều Tặng Kèm Đầu Sấy,1,2026-02-10,Electronic
3,"hàng nhận mở ra hộp_rách và méo , đế nhựa đựng máy_sấy ở trong mỏng_ẹp như tờ giấy và nứt vỡ luôn .",Máy Sấy Tóc Ion Âm 5in1 METIS Không Cánh Quạt 3 Tốc Độ Công Suất 2200W 2 Chiều Tặng Kèm Đầu Sấy,1,2026-02-10,Electronic
3,đặt đen giao hồng,"Ấm đun siêu tốc, Bình đun nước thủy tinh siêu tốc 2.5L, inox không gỉ dung tích 1.8L METIS tay cầm chống nóng",1,2026-02-10,Electronic
3,cân đo ổn . nhưng vỏ nhựa dễ vỡ . vừa nhận hàng đã thấy vỡ vỏ,"Cân Tiểu Ly Điện Tử Nhà Bếp 1g-10kg, 0,1g- 5kg METIS Độ Chính Xác Cao, Chất Liệu Hợp Kim Thép Bền Bỉ Tặng Kèm 2 pin",1,2026-02-10,Electronic
3,"độ chính_xác : mới đầu cân không_ổn_định , nên sẽ không_chính_xác lắm , người đầu_cân , người sau cân số cân y_chang nhau kết_nối bluetooth : chưa_thử thiết_kế : mặt kính mỏng , nhìn không_chắc_chắn , nhưng với giá đó tạm chấp_nhận được",Cân Điện Tử METIS Sạc USB Kết Nối Bluetooth Phân Tích Chỉ Số Cơ Thể Trọng Lượng Tối Đa 180kg,1,2026-02-09,Electronic
3,máy sấy được không_biết có bền không_nhưng cái giá đỡ thì dở_tệ . dán không_dính bị rơi ngay luôn,GÓI BẢO HÀNH ĐIỆN TỬ 1 NĂM cho Máy Sấy Tóc Ion Âm 5in1 METIS Không Cánh Quạt 3 Tốc Độ Công Suất 2200W,1,2026-02-08,Electronic
3,độ chính_xác : được chất_liệu : được bị mất cái lò_xo lắp_pin còn lại được,"Cân Tiểu Ly Điện Tử Nhà Bếp 1g-10kg, 0,1g- 5kg METIS Độ Chính Xác Cao, Chất Liệu Hợp Kim Thép Bền Bỉ Tặng Kèm 2 pin",1,2026-02-05,Electronic
3,sấy nhanh : sấy hơi nhẹ khử mùi : tạm tạm độ bền : chưa_rõ,Máy Sấy Giày Khử Mùi Bằng Tia Cực Tím Thông Minh Có Hiển Thị Nhiệt Độ METIS Combo Làm Khô Tất Đa Năng,1,2026-02-04,Electronic
3,ổn,Máy Sấy Tóc Ion Âm 5in1 METIS Không Cánh Quạt 3 Tốc Độ Công Suất 2200W 2 Chiều Tặng Kèm Đầu Sấy,1,2026-02-03,Electronic
3,độ chính_xác : nó không_chính_xác lắm,"Cân Tiểu Ly Điện Tử Nhà Bếp 1g-10kg, 0,1g- 5kg METIS Độ Chính Xác Cao, Chất Liệu Hợp Kim Thép Bền Bỉ Tặng Kèm 2 pin",1,2026-02-03,Electronic
3,"tạm ổn , không_tốt như quảng_cáo , tạm được , không_hiệu_quả",Cân Điện Tử METIS Sạc USB Kết Nối Bluetooth Phân Tích Chỉ Số Cơ Thể Trọng Lượng Tối Đa 180kg,1,2026-02-02,Electronic
3,sai màu,Cân Điện Tử METIS Sạc USB Kết Nối Bluetooth Phân Tích Chỉ Số Cơ Thể Trọng Lượng Tối Đa 180kg,1,2026-02-01,Electronic
3,hàng_không giống hình,Máy Sấy Giày Khử Mùi Bằng Tia Cực Tím Thông Minh Có Hiển Thị Nhiệt Độ METIS Combo Làm Khô Tất Đa Năng,1,2026-01-31,Electronic
3,mỗi lần đứng lên lại số cân khác nhau . nhấn trả hàng thì người giao hàng_không đến lấy nên lại thôi,Cân Điện Tử METIS Sạc USB Kết Nối Bluetooth Phân Tích Chỉ Số Cơ Thể Trọng Lượng Tối Đa 180kg,1,2026-01-29,Electronic
3,"đúng với mô_tả : nó không_được_chắc_chắn như mình nghĩ , phần hộp cơm khá lỏng_lẻo phần hộp sắt ở trong thì mỏng , thìa sắt đi kèm cũng mỏng và sắc mình phải đổi sang thìa khác . : lần đầu mua không_có_kinh_nghiệm","Hộp Đựng Cơm Túi Đựng Cơm Trưa Giữ Nhiệt Văn Phòng Cách Nhiệt, Combo 3 Ngăn Đựng Thức Ăn 2 Lớp Bằng Thép Không Gỉ 304",1,2026-01-28,Electronic
3,"cân có kết_nối với app nhưng_mà dùng mỗi lần cũng bất_tiện lắm , phải chỉnh_cân về không_mới cân được , tốn đôi ba thời_gian á",Cân Điện Tử METIS Sạc USB Kết Nối Bluetooth Phân Tích Chỉ Số Cơ Thể Trọng Lượng Tối Đa 180kg,1,2026-01-27,Electronic
3,được,"Hộp Đựng Cơm Túi Đựng Cơm Trưa Giữ Nhiệt Văn Phòng Cách Nhiệt, Combo 3 Ngăn Đựng Thức Ăn 2 Lớp Bằng Thép Không Gỉ 304",1,2026-01-25,Electronic
3,không_biết được đổi sản_phẩm không_nhỉ,"GÓI BẢO HÀNH ĐIỆN TỬ 1 NĂM cho Cân Tiểu Ly Điện Tử Nhà Bếp 1g-10kg, 0,1g- 5kg METIS Độ Chính Xác Cao",1,2026-01-25,Electronic
3,cân nó cứ lag_lag kiểu mẹ gì ấy cân cũng không_đúng lắm hay mua rẻ nên vậy nhỉ ?,"Cân Tiểu Ly Điện Tử Nhà Bếp 1g-10kg, 0,1g- 5kg METIS Độ Chính Xác Cao, Chất Liệu Hợp Kim Thép Bền Bỉ Tặng Kèm 2 pin",1,2026-01-25,Electronic
3,"độ chính_xác : . kết_nối bluetooth : . thiết_kế : . cân có chênh_lệch mấy bạn cân thì cộng lên tầm 0,5 kg nhé là được nói_chung ổn mà nhanh hết pin quá",Cân Điện Tử METIS Sạc USB Kết Nối Bluetooth Phân Tích Chỉ Số Cơ Thể Trọng Lượng Tối Đa 180kg,1,2026-01-23,Electronic
3,một điểm_trừ rất lớn là không_có_hướng_dẫn sử_dụng bằng tiếng việt . cầm hộp máy phải loay_hoay mãi mới tìm được chỗ đựng dây_điện và túi_sấy bối_rối,"Máy Sấy Quần Áo Gấp Gọn Treo Tường Sang Trọng Nhỏ Gọn METIS, Combo Làm Khô Đồ Với Công Nghệ Sấy 3D Tiết Kiệm Điện",1,2026-01-22,Electronic
3,"kích_thước 440 ml và 620 ml quá vô_lý , . : , nên sửa lại kích_thước sản_phẩm mô_tả , không_khác nào treo đầu dê bán thịt chó . hàng xinh_ưng , mỗi tội_kích_thước điêu .","Hộp Đựng Cơm Túi Đựng Cơm Trưa Giữ Nhiệt Văn Phòng Cách Nhiệt, Combo 3 Ngăn Đựng Thức Ăn 2 Lớp Bằng Thép Không Gỉ 304",1,2026-01-20,Electronic
3,"tiền nào của nấy thôi_nhen , mặt cân sơn hơi lỗi mà vẫn dán tem mật_khẩu quảng_cáo được , tôi cân_sao không_thấy chuẩn lắm , cân mấy cân đồng_hồ thì 52 kg lên cân của shop còn có 50 kg : ảo quá",Cân Điện Tử METIS Sạc USB Kết Nối Bluetooth Phân Tích Chỉ Số Cơ Thể Trọng Lượng Tối Đa 180kg,1,2026-01-20,Electronic
3,"gói hàng lỏng_lẻo , đồ điện_tử nhỏ nhưng nếu rơi hoặc va_chạm mạnh dễ bị hỏng và cân sai . nên bọc kỹ hơn","Cân Tiểu Ly Điện Tử Nhà Bếp 1g-10kg, 0,1g- 5kg METIS Độ Chính Xác Cao, Chất Liệu Hợp Kim Thép Bền Bỉ Tặng Kèm 2 pin",1,2026-01-18,Electronic
3,"cân có_vẻ không_chuẩn , để chỗ khác nhau lại ra số khác nhau , .",Cân Điện Tử METIS Sạc USB Kết Nối Bluetooth Phân Tích Chỉ Số Cơ Thể Trọng Lượng Tối Đa 180kg,1,2026-01-17,Electronic
3,"cá_nhân hơi thất_vọng về sản_phẩm , inox mỏng nhựa thì như nhựa rẻ_tiền , không_giữ nhiệt được lâu , sau hơn 1 tháng dùng thì mình không_dùng nữa","Hộp Đựng Cơm Túi Đựng Cơm Trưa Giữ Nhiệt Văn Phòng Cách Nhiệt, Combo 3 Ngăn Đựng Thức Ăn 2 Lớp Bằng Thép Không Gỉ 304",1,2026-01-14,Electronic
3,"giao không_đúng hãng , không_chắc_chắn","Hộp Đựng Cơm Túi Đựng Cơm Trưa Giữ Nhiệt Văn Phòng Cách Nhiệt, Combo 3 Ngăn Đựng Thức Ăn 2 Lớp Bằng Thép Không Gỉ 304",1,2026-01-12,Electronic
3,được,Máy Sấy Giày Khử Mùi Bằng Tia Cực Tím Thông Minh Có Hiển Thị Nhiệt Độ METIS Combo Làm Khô Tất Đa Năng,1,2026-01-11,Electronic
3,giao hàng nhanh lúc nhận hàng mình có kiểm_tra thì có hút nam châm nhẹ . mẫu nhận đúng nhưng bên trong lõi dễ bị rỉ_sét . mình xài vài lần có dấu_hiệu rỉ sét ở thành hộp . cái ron chống tràn của nắp cũng dễ bị bung mình mới xài 1 lần đã bị bung ron . lõi và hộp nhựa không_vừa khít hẳn khi lắp vào có lung_lay .,"Hộp Đựng Cơm Túi Đựng Cơm Trưa Giữ Nhiệt Văn Phòng Cách Nhiệt, Combo 3 Ngăn Đựng Thức Ăn 2 Lớp Bằng Thép Không Gỉ 304",1,2026-01-11,Electronic
3,cũng tạm với tầm giá này,Máy Sấy Giày Khử Mùi Bằng Tia Cực Tím Thông Minh Có Hiển Thị Nhiệt Độ METIS Combo Làm Khô Tất Đa Năng,1,2026-01-11,Electronic
3,"giới_thiệu sản_phẩm , tên hàng trên hóa đơn gửi là metis nhưng hàng nhận là godwell . giá treo thì gãy mất phần để treo dây . máy ồn , dùng thấy bình_thường . hình_thức đẹp .",Máy Sấy Tóc Ion Âm 5in1 METIS Không Cánh Quạt 3 Tốc Độ Công Suất 2200W 2 Chiều Tặng Kèm Đầu Sấy,1,2026-01-10,Electronic
3,độ chính_xác : cảm_thấy không_chính_xác,Cân Điện Tử METIS Sạc USB Kết Nối Bluetooth Phân Tích Chỉ Số Cơ Thể Trọng Lượng Tối Đa 180kg,1,2026-01-07,Electronic
3,"hộp đựng sơ_sài , sản_phẩm còn bị va_đập đến_nỗi bị móp vào trong , cũng may sản_phẩm sử_dụng cũng khá được , mong sao phần bị móp ở trên không_bị ảnh_hưởng vào bên trong sản_phẩm :",Máy Sấy Giày Khử Mùi Bằng Tia Cực Tím Thông Minh Có Hiển Thị Nhiệt Độ METIS Combo Làm Khô Tất Đa Năng,1,2026-01-07,Electronic
3,"cân đẹp , tuy_nhiên cân không_chính_xác , ba lần lên cân 3 kết_quả khác nhau , chán khóc nức_nở",Cân Điện Tử METIS Sạc USB Kết Nối Bluetooth Phân Tích Chỉ Số Cơ Thể Trọng Lượng Tối Đa 180kg,1,2026-01-06,Electronic
3,"chất_lượng sản_phẩm : tạm cân xài tạm thôi , cân không_chuẩn_gram , cân bột matcha mà bỏ ra hay thêm vô định_lượng vẫn không_thay_đổi","Cân Tiểu Ly Điện Tử Nhà Bếp 1g-10kg, 0,1g- 5kg METIS Độ Chính Xác Cao, Chất Liệu Hợp Kim Thép Bền Bỉ Tặng Kèm 2 pin",1,2026-01-06,Electronic
3,"chất_lượng sản_phẩm : tạm ổn trong tầm_giá chất_lượng hoàn_thiện sản_phẩm kém , màn_hình gắn lệch , đĩa cân cũng bị lệch . đặt vật cố_định mà số nhảy liên_tục sai_số tầm 0,5 0,8 g","Cân Tiểu Ly Điện Tử Nhà Bếp 1g-10kg, 0,1g- 5kg METIS Độ Chính Xác Cao, Chất Liệu Hợp Kim Thép Bền Bỉ Tặng Kèm 2 pin",2,2026-01-04,Electronic
3,không_thấy gói bảo_hành mai chủ_nhật 4 1 em có làm bánh_dày kẹp chả_nhà làm nóng_hổi khách lên đơn à __70k hộp,"GÓI BẢO HÀNH ĐIỆN TỬ 1 NĂM cho Cân Tiểu Ly Điện Tử Nhà Bếp 1g-10kg, 0,1g- 5kg METIS Độ Chính Xác Cao",1,2026-01-04,Electronic
3,"dùng tạm để ước_lượng , không_chính_xác . số hiển_thị tự_động nhảy lên_xuống .","Cân Tiểu Ly Điện Tử Nhà Bếp 1g-10kg, 0,1g- 5kg METIS Độ Chính Xác Cao, Chất Liệu Hợp Kim Thép Bền Bỉ Tặng Kèm 2 pin",1,2026-01-03,Electronic
3,thiếu dây_sạc .,Cân Điện Tử METIS Sạc USB Kết Nối Bluetooth Phân Tích Chỉ Số Cơ Thể Trọng Lượng Tối Đa 180kg,1,2026-01-01,Electronic
3,"cân dùng được , có app_đo chỉ_số nhưng xem vui thôi , chủ_yếu xem chỉ_số bmi . độ_chính_xác thì không_cao nhưng vậy là ổn rồi . cân lần đầu thì bỏ_qua , đợi lúc rồi lên cân lại là được . sai_số thực_tế là khoảng 5 lạng gì đấy đổ lại .",Cân Điện Tử METIS Sạc USB Kết Nối Bluetooth Phân Tích Chỉ Số Cơ Thể Trọng Lượng Tối Đa 180kg,1,2025-12-31,Electronic
3,"giao hàng nhanh , hộp ngoài khá cứng_cáp inox ở trong khá mỏng không_chắc_chắn tạm ổn","Hộp Đựng Cơm Túi Đựng Cơm Trưa Giữ Nhiệt Văn Phòng Cách Nhiệt, Combo 3 Ngăn Đựng Thức Ăn 2 Lớp Bằng Thép Không Gỉ 304",1,2025-12-30,Electronic
3,"đã nhận được hàng , kiểm_tra độ_chính_xác không_như mong_đợi , 1 g , 2 g thì cân không_nhảy , để 3 g thì cân mới báo 2 g , dùng tạm vậy","Cân Tiểu Ly Điện Tử Nhà Bếp 1g-10kg, 0,1g- 5kg METIS Độ Chính Xác Cao, Chất Liệu Hợp Kim Thép Bền Bỉ Tặng Kèm 2 pin",1,2025-12-25,Electronic
3,"mình nhận cân rồi , nhưng chưa_dùng , nên không_biết như_thế_nào . chỉ thấy mở hộp ra là không_có_phiếu bảo_hành gì hết á . mà lúc mua thì bảo có phiếu bảo_hành","Cân Tiểu Ly Điện Tử Nhà Bếp 1g-10kg, 0,1g- 5kg METIS Độ Chính Xác Cao, Chất Liệu Hợp Kim Thép Bền Bỉ Tặng Kèm 2 pin",1,2025-12-24,Electronic
3,rẻ cân biết ký thôi chứ inbody sai bét luôn nha_lệch rất nhiều,Cân Điện Tử METIS Sạc USB Kết Nối Bluetooth Phân Tích Chỉ Số Cơ Thể Trọng Lượng Tối Đa 180kg,1,2025-12-23,Electronic
3,độ chính_xác : lệch khoảng 1 2 không_kết_nối bluetooth : được thiết_kế : đẹp tiền nào của đấy,Cân Điện Tử METIS Sạc USB Kết Nối Bluetooth Phân Tích Chỉ Số Cơ Thể Trọng Lượng Tối Đa 180kg,1,2025-12-22,Electronic
3,"máy này không_gian chật_hẹp nên gió chỉ sấy được nửa trên không_sấy được nửa dưới chỉ có_thể sấy áo thôi , chứ còn quần_dài thì khô nửa trên ướt nửa dưới , sấy 1 nửa phải lật ngược_lại sấy . còn đồ dày thì chưa_thử nên chưa_biết , thanh nhựa khá mỏng , sợ nặng quá gãy mất , cho tạm 3 sao","Máy Sấy Quần Áo Gấp Gọn Treo Tường Sang Trọng Nhỏ Gọn METIS, Combo Làm Khô Đồ Với Công Nghệ Sấy 3D Tiết Kiệm Điện",1,2025-12-20,Electronic
3,"em muốn học makeup cá_nhân , báo_giá chuẩn giá đừng_up giảm_giá ạ hộp đựng cơm_giữ nhiệt bình_thường","Hộp Đựng Cơm Túi Đựng Cơm Trưa Giữ Nhiệt Văn Phòng Cách Nhiệt, Combo 3 Ngăn Đựng Thức Ăn 2 Lớp Bằng Thép Không Gỉ 304",1,2025-12-17,Electronic
3,đã nhận được hàng đóng_gói cẩn_thận giao hàng nhanh giao hàng được chả_hiểu kiểu gì gói cafe 18 g đặt lên cân được 20 g không_biết là chính_xác hay không_nhỉ,"Cân Tiểu Ly Điện Tử Nhà Bếp 1g-10kg, 0,1g- 5kg METIS Độ Chính Xác Cao, Chất Liệu Hợp Kim Thép Bền Bỉ Tặng Kèm 2 pin",1,2025-12-17,Electronic
3,"chỉ sấy tóc mỏng thôi chứ tóc dày_sấy không_đủ nhiệt nên rất lâu , nói_chung với giá tiền này thì cũng tạm",Máy Sấy Tóc Ion Âm 5in1 METIS Không Cánh Quạt 3 Tốc Độ Công Suất 2200W 2 Chiều Tặng Kèm Đầu Sấy,1,2025-12-16,Electronic
3,"kinh_nghiệm sử_dụng : sấy tóc mẹo : xem hướng_dẫn sử_dụng bao_bì : tương_đối dùng được , sản_phẩm hơi trầy_xước nhẹ , dùng lâu nóng",Máy Sấy Tóc Ion Âm 5in1 METIS Không Cánh Quạt 3 Tốc Độ Công Suất 2200W 2 Chiều Tặng Kèm Đầu Sấy,1,2025-12-16,Electronic
3,"máy này êm nhưng thổi không_mạnh lắm , chỉ có 1 mức_độ nóng vừa , ai nhiều tóc sấy sẽ lâu khô",Máy Sấy Tóc Ion Âm 5in1 METIS Không Cánh Quạt 3 Tốc Độ Công Suất 2200W 2 Chiều Tặng Kèm Đầu Sấy,1,2025-12-15,Electronic
3,"cân lúc lên lúc xuống buồn_cười lắm , nhưng_mà chỉ mấy ngày cân 1 lần có_khi nó đúng",Cân Điện Tử METIS Sạc USB Kết Nối Bluetooth Phân Tích Chỉ Số Cơ Thể Trọng Lượng Tối Đa 180kg,1,2025-12-15,Electronic
3,chưa_biết chất_lượng như nào nhưng đóng hàng_không cẩn_thận,Máy Sấy Giày Khử Mùi Bằng Tia Cực Tím Thông Minh Có Hiển Thị Nhiệt Độ METIS Combo Làm Khô Tất Đa Năng,1,2025-12-15,Electronic
3,"ấm_ức không_khóc , vật_lộn với cuộc_sống không_khóc . ốm_đau vẫn một_mình , bất_lực khi bị bỏ_rơi không_khóc . vậy mà trên đường đi về tình_cờ nghe bài nhạc lại khóc_nấc đến mệt_thiếp đi . chúng_ta không_khóc vì những chuyện lớn , mà_lại bật khóc vì những chuyện nhỏ_nhặt . thật_ra chỉ bởi_vì chúng_ta đã chịu_đựng thấm_mệt rồi . ! rơi nước_mắt",Cân Điện Tử METIS Sạc USB Kết Nối Bluetooth Phân Tích Chỉ Số Cơ Thể Trọng Lượng Tối Đa 180kg,1,2025-12-14,Electronic
3,"tốc_độ gió mạnh , ít tiếng ồn , hộp có vết nước thấm_ướt , máy_sấy thấy hơi cũ , và có bụi . thực_ra công_suất 1500 w chứ không_phải_2200 w như cửa_hàng để trên bài đăng .",Máy Sấy Tóc Ion Âm 5in1 METIS Không Cánh Quạt 3 Tốc Độ Công Suất 2200W 2 Chiều Tặng Kèm Đầu Sấy,1,2025-12-14,Electronic
3,"tài_khoản chính của quý khách sắp hết . để nhận được 20.000 đ vào tài_khoản km3 sử_dụng các dịch_vụ thoại tin nhắn trong nước , quý_khách vui_lòng soạn_y gửi 9363 . phí dịch_vụ : 3.000 đ . số tiền đã ứng và phí sẽ bị trừ khi quý khách nạp tiền . trân_trọng cảm_ơn !","Cân Tiểu Ly Điện Tử Nhà Bếp 1g-10kg, 0,1g- 5kg METIS Độ Chính Xác Cao, Chất Liệu Hợp Kim Thép Bền Bỉ Tặng Kèm 2 pin",1,2025-12-14,Electronic
3,không_đúng công_suất,GÓI BẢO HÀNH ĐIỆN TỬ 1 NĂM cho Máy Sấy Tóc Ion Âm 5in1 METIS Không Cánh Quạt 3 Tốc Độ Công Suất 2200W 2 Chiều,1,2025-12-12,Electronic
3,lâu hcm cần gấp nam extra nhí job sữa ngày_mai job sữa bên em ngày_mai quay tại thủ_đức cần tìm gấp 1 bé trai extra : cao 1 m45 1 m50 nặng khoảng 40 45 kg phụ_huynh đăng_kí cho bé vui_lòng gửi hồ_sơ qua inbox em ạ . em cảm_ơn mọi người ạ .,"Cân Tiểu Ly Điện Tử Nhà Bếp 1g-10kg, 0,1g- 5kg METIS Độ Chính Xác Cao, Chất Liệu Hợp Kim Thép Bền Bỉ Tặng Kèm 2 pin",1,2025-12-11,Electronic
3,"ngoại_hình thì xinh , mà bên trong nó lỏng_lẻo điên luôn á . tưởng nó dính cái vỏ với inox với nhau ai_ngờ nó tách riêng hoàn_toàn , nói_chung tầm giá 120 k mua được nhưng nhận thua_đồ ngoài chợ","Hộp Đựng Cơm Túi Đựng Cơm Trưa Giữ Nhiệt Văn Phòng Cách Nhiệt, Combo 3 Ngăn Đựng Thức Ăn 2 Lớp Bằng Thép Không Gỉ 304",1,2025-12-09,Electronic
3,"cân kiểu gì á_số nhảy tùm_lum không_ấn_định số được , cân_hơi ọp_ẹp , chỗ nhét pin_lỏng lâu_lâu không_bật lên được","Cân Tiểu Ly Điện Tử Nhà Bếp 1g-10kg, 0,1g- 5kg METIS Độ Chính Xác Cao, Chất Liệu Hợp Kim Thép Bền Bỉ Tặng Kèm 2 pin",1,2025-12-06,Electronic
3,"chất_lượng sản_phẩm : không_tốt nhảy_số , không_đúng .","Cân Tiểu Ly Điện Tử Nhà Bếp 1g-10kg, 0,1g- 5kg METIS Độ Chính Xác Cao, Chất Liệu Hợp Kim Thép Bền Bỉ Tặng Kèm 2 pin",1,2025-12-05,Electronic
3,đã nhận được hàng đánh_giá 3 sao cho sản_phẩm tốc_độ giao hàng cho hai sao,"Cân Tiểu Ly Điện Tử Nhà Bếp 1g-10kg, 0,1g- 5kg METIS Độ Chính Xác Cao, Chất Liệu Hợp Kim Thép Bền Bỉ Tặng Kèm 2 pin",1,2025-12-04,Electronic
3,bao_bì : đẹp_nha mới mua nên chưa_biết có được không_nhưng kiểm_tra thử thì thấy_lực gió ổn,Máy Sấy Tóc Ion Âm 5in1 METIS Không Cánh Quạt 3 Tốc Độ Công Suất 2200W 2 Chiều Tặng Kèm Đầu Sấy,1,2025-12-02,Electronic
3,cân xài khá được nhưng sạc của cân cửa_hàng gửi thì bị hư :,Cân Điện Tử METIS Sạc USB Kết Nối Bluetooth Phân Tích Chỉ Số Cơ Thể Trọng Lượng Tối Đa 180kg,1,2025-11-30,Electronic
3,chất_lượng ổn,Máy Sấy Giày Khử Mùi Bằng Tia Cực Tím Thông Minh Có Hiển Thị Nhiệt Độ METIS Combo Làm Khô Tất Đa Năng,1,2025-11-28,Electronic
3,tặng kèm_đũa mà đũa bị gỉ sắt,"Hộp Đựng Cơm Túi Đựng Cơm Trưa Giữ Nhiệt Văn Phòng Cách Nhiệt, Combo 3 Ngăn Đựng Thức Ăn 2 Lớp Bằng Thép Không Gỉ 304",1,2025-11-27,Electronic
3,"sấy lâu , mỗi lần sấy không_được_nhiều","Máy Sấy Quần Áo Gấp Gọn Treo Tường Sang Trọng Nhỏ Gọn METIS, Combo Làm Khô Đồ Với Công Nghệ Sấy 3D Tiết Kiệm Điện",1,2025-11-27,Electronic
3,cân_xước nhiều chỗ quá,"Cân Tiểu Ly Điện Tử Nhà Bếp 1g-10kg, 0,1g- 5kg METIS Độ Chính Xác Cao, Chất Liệu Hợp Kim Thép Bền Bỉ Tặng Kèm 2 pin",1,2025-11-26,Electronic
3,"mình thấy sản_phẩm này cân sai nhé !_cân lúc này lúc kia , không_đúng .",Cân Điện Tử METIS Sạc USB Kết Nối Bluetooth Phân Tích Chỉ Số Cơ Thể Trọng Lượng Tối Đa 180kg,1,2025-11-24,Electronic
3,bị vỡ một vết nhỏ ở góc nha,Cân Điện Tử METIS Sạc USB Kết Nối Bluetooth Phân Tích Chỉ Số Cơ Thể Trọng Lượng Tối Đa 180kg,1,2025-11-23,Electronic
3,giao hàng bị bể nắp,"Cân Tiểu Ly Điện Tử Nhà Bếp 1g-10kg, 0,1g- 5kg METIS Độ Chính Xác Cao, Chất Liệu Hợp Kim Thép Bền Bỉ Tặng Kèm 2 pin",1,2025-11-22,Electronic
3,mình mới nhận hàng 10 phút trước . hàng chắc_chắn đã qua sử_dụng .,"Cân Tiểu Ly Điện Tử Nhà Bếp 1g-10kg, 0,1g- 5kg METIS Độ Chính Xác Cao, Chất Liệu Hợp Kim Thép Bền Bỉ Tặng Kèm 2 pin",1,2025-11-22,Electronic
3,chất_lượng sản_phẩm : tạm ổn cân khối_lượng nhỏ trong phạm_vi của cân không_được_cân không_hiển_thị khối_lượng . cân không_chuẩn hay bị sai_số . tạm ổn trong tầm giá,"Cân Tiểu Ly Điện Tử Nhà Bếp 1g-10kg, 0,1g- 5kg METIS Độ Chính Xác Cao, Chất Liệu Hợp Kim Thép Bền Bỉ Tặng Kèm 2 pin",1,2025-11-22,Electronic
3,mỗi lần mình đứng lên cân là một_số khác nhau không_biết có phải do cân bị lỗi không,Cân Điện Tử METIS Sạc USB Kết Nối Bluetooth Phân Tích Chỉ Số Cơ Thể Trọng Lượng Tối Đa 180kg,1,2025-11-21,Electronic
3,"mình mở_sấy 1 tí là nghe mùi cháy khét của máy , không_biết có ai giống mình không_ạ . hay hiện_tượng như_vậy là bình_thường hả mọi người .",Máy Sấy Tóc Ion Âm 5in1 METIS Không Cánh Quạt 3 Tốc Độ Công Suất 2200W 2 Chiều Tặng Kèm Đầu Sấy,1,2025-11-20,Electronic
3,xước ngang xước dọc,"Cân Tiểu Ly Điện Tử Nhà Bếp 1g-10kg, 0,1g- 5kg METIS Độ Chính Xác Cao, Chất Liệu Hợp Kim Thép Bền Bỉ Tặng Kèm 2 pin",1,2025-11-18,Electronic
3,mình không_thấy cái thẻ bảo_hành nào ở trong hộp hàng mình không_nhận được thẻ bảo_hành không_biết là sợ có tự bảo_hành không,GÓI DỊCH VỤ BẢO HÀNH ĐIỆN TỬ 1 NĂM cho Máy Sấy Tóc Ion Âm 5in1 METIS Không Cánh Quạt 3 Tốc Độ Công Suất 2200W 2 Chiều,1,2025-11-18,Electronic
3,"hàng bị bể gãy , còn dán cũng không_kỹ luôn , chưa_sử_dụng mà mới mở hộp ra thấy như_vậy là rồi",Máy Sấy Giày Khử Mùi Bằng Tia Cực Tím Thông Minh Có Hiển Thị Nhiệt Độ METIS Combo Làm Khô Tất Đa Năng,1,2025-11-17,Electronic
3,"hiện đang chờ cửa_hàng xử_lý , gần hết hạn đánh_giá nên viết trước , xem xử_lý thế_nào đánh_giá dịch_vụ sau","Lược Chải Tóc Điện Ion Âm METIS Lược Duỗi Thẳng, Bảo Vệ Tóc Cao Cấp Với 50 Triệu Ion Âm",1,2025-11-17,Electronic
3,công_dụng : cân sử_dụng được dễ sử_dụng,Cân Điện Tử METIS Sạc USB Kết Nối Bluetooth Phân Tích Chỉ Số Cơ Thể Trọng Lượng Tối Đa 180kg,1,2025-11-16,Electronic
3,mặt cân bị bong keo dính,"Cân Tiểu Ly Điện Tử Nhà Bếp 1g-10kg, 0,1g- 5kg METIS Độ Chính Xác Cao, Chất Liệu Hợp Kim Thép Bền Bỉ Tặng Kèm 2 pin",1,2025-11-14,Electronic
3,"mới nhận hàng đã thấy xước rồi , chê ở khâu đóng_gói đồ điện_tử mà nhận hàng bẹp lép . không_biết dùng được bao_lâu cười_ra_nước_mắt","Cân Tiểu Ly Điện Tử Nhà Bếp 1g-10kg, 0,1g- 5kg METIS Độ Chính Xác Cao, Chất Liệu Hợp Kim Thép Bền Bỉ Tặng Kèm 2 pin",1,2025-11-14,Electronic
3,chất_lượng : thìa hơi mỏng,"Hộp Đựng Cơm Túi Đựng Cơm Trưa Giữ Nhiệt Văn Phòng Cách Nhiệt, Combo 3 Ngăn Đựng Thức Ăn 2 Lớp Bằng Thép Không Gỉ 304",1,2025-11-14,Electronic
3,"chất_lượng sản_phẩm chưa_thể đánh_giá , phải dùng thời_gian mới biết",GÓI DỊCH VỤ BẢO HÀNH ĐIỆN TỬ 1 NĂM cho Máy Sấy Tóc Ion Âm 5in1 METIS Không Cánh Quạt 3 Tốc Độ Công Suất 2200W 2 Chiều,1,2025-11-14,Electronic
3,hơi hỏng,Cân Điện Tử METIS Sạc USB Kết Nối Bluetooth Phân Tích Chỉ Số Cơ Thể Trọng Lượng Tối Đa 180kg,1,2025-11-13,Electronic
3,"cân được , mà không_biết do cửa_hàng hay do vận_chuyển mà bị bể ngoài sau 1 đường","Cân Tiểu Ly Điện Tử Nhà Bếp 1g-10kg, 0,1g- 5kg METIS Độ Chính Xác Cao, Chất Liệu Hợp Kim Thép Bền Bỉ Tặng Kèm 2 pin",1,2025-11-13,Electronic
3,"cân này sạc pin_hơi bất_tiện hơn pin_viên , cân không_chính_xác lắm , nhảy tùm_lum hết",Cân Điện Tử METIS Sạc USB Kết Nối Bluetooth Phân Tích Chỉ Số Cơ Thể Trọng Lượng Tối Đa 180kg,1,2025-11-12,Electronic
3,"cửa_hàng giao đúng mẫu mà , giao hàng đúng thời_gian sẽ ủng_hộ cửa_hàng lần sau nhé đánh_giá tạm ổn đồ điện_tử cũng hên xui",Cân Điện Tử METIS Sạc USB Kết Nối Bluetooth Phân Tích Chỉ Số Cơ Thể Trọng Lượng Tối Đa 180kg,1,2025-11-11,Electronic
3,"có mượt hơn nhưng không_ăn_thua , nhanh xù lại","Lược Chải Tóc Điện Ion Âm METIS Lược Duỗi Thẳng, Bảo Vệ Tóc Cao Cấp Với 50 Triệu Ion Âm",1,2025-11-10,Electronic
3,"tui thấy dùng cũng được , đóng_gói hàng hơi lỏng_lẻo , lúc giao tới là hộp móp tùm lum",Máy Sấy Giày Khử Mùi Bằng Tia Cực Tím Thông Minh Có Hiển Thị Nhiệt Độ METIS Combo Làm Khô Tất Đa Năng,1,2025-11-10,Electronic
3,"bị gỉ_nha mấy bạn , mình mới dùng 1 thời_gian ngắn vẫn bị . cũng không_giữ nhiệt nốt_nha , nói_chung tiền nào của đó thôi","Hộp Đựng Cơm Túi Đựng Cơm Trưa Giữ Nhiệt Văn Phòng Cách Nhiệt, Combo 3 Ngăn Đựng Thức Ăn 2 Lớp Bằng Thép Không Gỉ 304",1,2025-11-10,Electronic
3,không_chính_xác . 1 vật cân lại mấy lần thì bị lệch 1 2 số,"Cân Tiểu Ly Điện Tử Nhà Bếp 1g-10kg, 0,1g- 5kg METIS Độ Chính Xác Cao, Chất Liệu Hợp Kim Thép Bền Bỉ Tặng Kèm 2 pin",1,2025-11-09,Electronic
3,hêhhdbdjdjidjdndnfmdkdhevebdjifidnrbf,GÓI DỊCH VỤ BẢO HÀNH ĐIỆN TỬ 1 NĂM cho Máy Sấy Giày Khử Mùi Bằng Tia Cực Tím Thông Minh Có Hiển Thị Nhiệt Độ METIS,1,2025-11-09,Electronic
3,số nhảy lung_tung,"Cân Tiểu Ly Điện Tử Nhà Bếp 1g-10kg, 0,1g- 5kg METIS Độ Chính Xác Cao, Chất Liệu Hợp Kim Thép Bền Bỉ Tặng Kèm 2 pin",1,2025-11-09,Electronic
3,cân chưa_được chính_xác . cân 1 thời_điểm mà có_khi lệch 7-8_lạng . có_khi lệch 1-3_lạng . có_khi không_lệch . cân nhanh . cân thế_này thì sao kiểm_tra sức_khỏe với cân các con vật gì nhỏ_nhỏ sao mà đúng được nhỉ,Cân Điện Tử METIS Sạc USB Kết Nối Bluetooth Phân Tích Chỉ Số Cơ Thể Trọng Lượng Tối Đa 180kg,1,2025-11-08,Electronic
3,mình thấy nó ồn quá nhỉ,Máy Sấy Tóc Ion Âm 5in1 METIS Không Cánh Quạt 3 Tốc Độ Công Suất 2200W 2 Chiều Tặng Kèm Đầu Sấy,1,2025-11-07,Electronic
3,"độ bền : chưa_rõ tóc mềm_mượt : không_nhiều thiết_lập nhiệt_độ : nhiều chế_độ nóng nhận được hàng mua thử xem sao , vì tóc ngắn cần làm cho không_vểnh tóc kiểm_tra thử thì nhiệt_độ nóng nhưng không_phỏng_tay , lược_chải vô_tóc thì bình_thường , chứ không_vô_nếp liền nha . làm nhiều lần mới được à . tạm ổn so với giá tiền cầm_tiện để mang đi ra ngoài","GÓI DỊCH VỤ BẢO HÀNH ĐIỆN TỬ 1 NĂM cho Lược Chải Tóc Điện Ion Âm METIS Lược Duỗi Thẳng, Bảo Vệ Tóc",1,2025-11-06,Electronic
3,"nhiệt_độ : nhiệt_độ nóng nhưng không_phỏng_tay khả_năng tạo kiểu : tạm chất_liệu : chắc tay nhận được hàng mua thử xem sao , vì tóc ngắn cần làm cho không_vểnh tóc kiểm_tra thử thì nhiệt_độ nóng nhưng không_phỏng_tay , lược_chải vô_tóc thì bình_thường , chứ không_vô_nếp liền nha . làm nhiều lần mới được à . tạm ổn so với giá tiền cầm_tiện để mang đi ra ngoài","Lược Chải Tóc Điện Ion Âm METIS Lược Duỗi Thẳng, Bảo Vệ Tóc Cao Cấp Với 50 Triệu Ion Âm",1,2025-11-06,Electronic
3,"giao hàng quá cẩu_thả , mặt cân bị lệch , mặt sau thì không_có_nắp che pin .","Cân Tiểu Ly Điện Tử Nhà Bếp 1g-10kg, 0,1g- 5kg METIS Độ Chính Xác Cao, Chất Liệu Hợp Kim Thép Bền Bỉ Tặng Kèm 2 pin",1,2025-11-06,Electronic
3,"cân_bằng nhựa giòn dễ bể , cảm_giác như đồ_chơi trẻ_con , nhìn tạm tạm","Cân Tiểu Ly Điện Tử Nhà Bếp 1g-10kg, 0,1g- 5kg METIS Độ Chính Xác Cao, Chất Liệu Hợp Kim Thép Bền Bỉ Tặng Kèm 2 pin",1,2025-11-03,Electronic
3,đũa muỗng mua về chưa_xài đã bị gỉ sét hộp đựng cũng không_chắc_chắn cần coi lại trước khi giao tới tay khách_hàng,"Hộp Đựng Cơm Túi Đựng Cơm Trưa Giữ Nhiệt Văn Phòng Cách Nhiệt, Combo 3 Ngăn Đựng Thức Ăn 2 Lớp Bằng Thép Không Gỉ 304",1,2025-11-01,Electronic
3,cân sai,GÓI DỊCH VỤ BẢO HÀNH ĐIỆN TỬ 1 NĂM cho Cân Điện Tử METIS Sạc USB Kết Nối Bluetooth Phân Tích Chỉ Số Cơ Thể,1,2025-11-01,Electronic
3,nút bấm không_nhạy,"Máy Sấy Quần Áo Gấp Gọn Treo Tường Sang Trọng Nhỏ Gọn METIS, Combo Làm Khô Đồ Với Công Nghệ Sấy 3D Tiết Kiệm Điện",1,2025-10-31,Electronic
3,chất_lượng sản_phẩm : chưa_trải_nghiệm lâu nên chưa_biết đúng với mô_tả : đúng với mô_tả sản_phẩm được đóng_gói sơ_sài,"Cân Tiểu Ly Điện Tử Nhà Bếp 1g-10kg, 0,1g- 5kg METIS Độ Chính Xác Cao, Chất Liệu Hợp Kim Thép Bền Bỉ Tặng Kèm 2 pin",1,2025-10-31,Electronic
3,đúng với mô_tả : máy_sấy di_động chất_lượng sản_phẩm : tạm ổn tính_năng nổi_bật : mang đi du_lịch hình_ảnh mang tính_chất minh_họa .,"Máy Sấy Quần Áo Gấp Gọn Treo Tường Sang Trọng Nhỏ Gọn METIS, Combo Làm Khô Đồ Với Công Nghệ Sấy 3D Tiết Kiệm Điện",1,2025-10-29,Electronic
3,cân không_chuẩn lắm nhảy linh_tinh không_biết có phải do vấn_đề gì không_hay do cân cười_ra_nước_mắt,"Cân Tiểu Ly Điện Tử Nhà Bếp 1g-10kg, 0,1g- 5kg METIS Độ Chính Xác Cao, Chất Liệu Hợp Kim Thép Bền Bỉ Tặng Kèm 2 pin",1,2025-10-29,Electronic
3,"cửa_hàng đóng_gói sơ_sài , sản_phẩm có nhiều vết trầy_xước như hàng đã qua sử_dụng",Máy Sấy Tóc Ion Âm 5in1 METIS Không Cánh Quạt 3 Tốc Độ Công Suất 2200W 2 Chiều Tặng Kèm Đầu Sấy,1,2025-10-28,Electronic
3,nói_chung cân_chơi . không_chính_xác,Cân Điện Tử METIS Sạc USB Kết Nối Bluetooth Phân Tích Chỉ Số Cơ Thể Trọng Lượng Tối Đa 180kg,1,2025-10-27,Electronic
3,ấm ấm chắc cỡ 50 độ là cùng,"Lược Chải Tóc Điện Ion Âm METIS Lược Duỗi Thẳng, Bảo Vệ Tóc Cao Cấp Với 50 Triệu Ion Âm",1,2025-10-24,Electronic
3,dây quá ngắn,Máy Sấy Tóc Ion Âm 5in1 METIS Không Cánh Quạt 3 Tốc Độ Công Suất 2200W 2 Chiều Tặng Kèm Đầu Sấy,1,2025-10-23,Electronic
3,không_thấy phiếu bảo_hành trong kiện hàng . chỉ có tờ hướng_dẫn sử_dụng bằng tiếng nước_ngoài,GÓI DỊCH VỤ BẢO HÀNH ĐIỆN TỬ 1 NĂM cho Máy Sấy Quần Áo Gấp Gọn Treo Tường Sang Trọng Nhỏ Gọn METIS,1,2025-10-21,Electronic
3,hình_ảnh video không_liên_quan nên mình xin_lỗi vì sự bất_tiện này nhưng mình sẽ đánh_giá sao đúng với chất_lượng sản_phẩm mình nhận được nha_cân thì y_hình nhưng nhắn_tin không_trả_lời cũng không_thấy có tờ bảo_hành gì hết,Cân Điện Tử METIS Sạc USB Kết Nối Bluetooth Phân Tích Chỉ Số Cơ Thể Trọng Lượng Tối Đa 180kg,1,2025-10-21,Electronic
3,"cân mới mua đã ngất rồi . trước đó có 1 lần còn bị loạn bảng điện_tử , số giật như điên_dại không_có_cách nào tắt được . nó giật 1 đêm thì tự hết pin xong rồi sạc từ đầu lên thì bình_thường . nay là ngất_hẳn rồi đen xì màn",Cân Điện Tử METIS Sạc USB Kết Nối Bluetooth Phân Tích Chỉ Số Cơ Thể Trọng Lượng Tối Đa 180kg,1,2025-10-17,Electronic
3,"đúng với mô_tả : không_hộp bên ngoài bị bé , chất_lượng không_ổn lắm , giá quá cao so với chất_lượng","Hộp Đựng Cơm Túi Đựng Cơm Trưa Giữ Nhiệt Văn Phòng Cách Nhiệt, Combo 3 Ngăn Đựng Thức Ăn 2 Lớp Bằng Thép Không Gỉ 304",1,2025-10-16,Electronic
3,"dùng được 1 ngày thì thấy ok , sang ngày hôm sau không_biết hết pin hay gì mà số nó nhảy tùm_lum không_cân được","Cân Tiểu Ly Điện Tử Nhà Bếp 1g-10kg, 0,1g- 5kg METIS Độ Chính Xác Cao, Chất Liệu Hợp Kim Thép Bền Bỉ Tặng Kèm 2 pin",1,2025-10-16,Electronic
3,"đối_tượng sử_dụng : người_lớn cân thì được , đóng_gói cẩn_thận , nhưng_mà cái bảng điện_tử nó lại bị lệch sang 1 bên , với đứng lên nó cứ kêu ọp_ẹp , nghe như không_chắc_chắn lắm .",Cân Điện Tử METIS Sạc USB Kết Nối Bluetooth Phân Tích Chỉ Số Cơ Thể Trọng Lượng Tối Đa 180kg,1,2025-10-15,Electronic
3,thân nặng tay nhưng hơi ọp_ẹp không_chắc_chắn . trên thân không_thấy in dán thương_hiệu gì cả . sách hướng_dẫn đọc thì vẫn không_biết sử_dụng thế_nào . để tăng nhiệt_độ mọi người ấn ở góc trên hoặc bên dưới để tăng nhiệt_độ . tăng lên 200 độ thì xài tạm được chứ 160 thì ấm_ấm như mấy chục độ . cũng tạm tạm mua chơi chơi thôi chứ cũng chẳng_có_tác_dụng lắm . không_thấy có cáp_sạc . nói_chung hàng gia_công chất_lượng bình_dân đặt gia_công lắp_ráp hàng rẻ_tiền,"Lược Chải Tóc Điện Ion Âm METIS Lược Duỗi Thẳng, Bảo Vệ Tóc Cao Cấp Với 50 Triệu Ion Âm",1,2025-10-15,Electronic
3,"cân hiển_thị mờ 1 góc , không_rõ hết số và chế_độ cân .","Cân Tiểu Ly Điện Tử Nhà Bếp 1g-10kg, 0,1g- 5kg METIS Độ Chính Xác Cao, Chất Liệu Hợp Kim Thép Bền Bỉ Tặng Kèm 2 pin",1,2025-10-15,Electronic
3,chưa_sử_dụng dịch_vụ này .,"GÓI DỊCH VỤ BẢO HÀNH ĐIỆN TỬ 1 NĂM cho Cân Tiểu Ly Điện Tử Nhà Bếp 1g-10kg, 0,1g- 5kg METIS Độ Chính Xác Cao",1,2025-10-13,Electronic
3,"đóng_gói ẩu , hàng tới tay mình là cái hộp móp muốn nát luôn . không_có_bọc chống sốc hay gì hết , được mỗi cái hộp carton bên ngoài . vì là đồ điện nên mình sợ va_đập mạnh rồi mưa_gió nước thấm vào , nhưng may là máy vẫn xài được . đóng_gói xứng_đáng với giá tiền",Máy Sấy Tóc Ion Âm 5in1 METIS Không Cánh Quạt 3 Tốc Độ Công Suất 2200W 2 Chiều Tặng Kèm Đầu Sấy,1,2025-10-13,Electronic
3,không_như mong_đợi,"Bộ Tua Vít Đa Năng METIS, Mini Gồm 24 Đầu Nhỏ Sửa Điện Thoại, Mở Laptop, Mắt Kính, Đồng Hồ",1,2025-10-11,Electronic
3,sản_phẩm bộ sản_phẩm 5 quyển sách ehon cho bé đúng như hình_ảnh nhưng mùi hơi hắc,"Cân Tiểu Ly Điện Tử Nhà Bếp 1g-10kg, 0,1g- 5kg METIS Độ Chính Xác Cao, Chất Liệu Hợp Kim Thép Bền Bỉ Tặng Kèm 2 pin",1,2025-10-09,Electronic
3,không_thấy gói bảo_hành,"GÓI DỊCH VỤ BẢO HÀNH ĐIỆN TỬ 1 NĂM cho Cân Tiểu Ly Điện Tử Nhà Bếp 1g-10kg, 0,1g- 5kg METIS Độ Chính Xác Cao",1,2025-10-09,Electronic
3,"cân sai_số , phải cân 3 4 lần mới chuẩn , đóng_gói cẩn_thận , tạm ổn","Cân Tiểu Ly Điện Tử Nhà Bếp 1g-10kg, 0,1g- 5kg METIS Độ Chính Xác Cao, Chất Liệu Hợp Kim Thép Bền Bỉ Tặng Kèm 2 pin",1,2025-10-09,Electronic
3,không_được_chính_xác lắm 2 lần cho ra kết_quả khác nhau,"Cân Tiểu Ly Điện Tử Nhà Bếp 1g-10kg, 0,1g- 5kg METIS Độ Chính Xác Cao, Chất Liệu Hợp Kim Thép Bền Bỉ Tặng Kèm 2 pin",1,2025-10-08,Electronic
3,cân hơi khó dùng cửa_hàng ơi,Cân Điện Tử METIS Sạc USB Kết Nối Bluetooth Phân Tích Chỉ Số Cơ Thể Trọng Lượng Tối Đa 180kg,1,2025-10-08,Electronic
3,đặt_hàng màu xanh lá . nhận hàng lại là màu đen,Máy Sấy Tóc Ion Âm 5in1 METIS Không Cánh Quạt 3 Tốc Độ Công Suất 2200W 2 Chiều Tặng Kèm Đầu Sấy,1,2025-10-03,Electronic
3,không_thấy tấm thẻ bảo_hành nào suy_nghĩ,GÓI DỊCH VỤ BẢO HÀNH ĐIỆN TỬ 1 NĂM cho Cân Điện Tử METIS Sạc USB Kết Nối Bluetooth Phân Tích Chỉ Số Cơ Thể,1,2025-10-03,Electronic
3,"thấy bình_thường à , khử mùi không_được_mấy còn lại thì được , mới sử_dụng nên không_biết có bền không_đợi xài vài lần nữa xem như_thế_nào",Máy Sấy Giày Khử Mùi Bằng Tia Cực Tím Thông Minh Có Hiển Thị Nhiệt Độ METIS Combo Làm Khô Tất Đa Năng,1,2025-10-02,Electronic
3,chập_chờn không_nên_mua,"Cân Tiểu Ly Điện Tử Nhà Bếp 1g-10kg, 0,1g- 5kg METIS Độ Chính Xác Cao, Chất Liệu Hợp Kim Thép Bền Bỉ Tặng Kèm 2 pin",1,2025-10-02,Electronic
3,"hộp cơm hơi nhẹ , không_giữ đồ_ăn nóng_lâu được","Hộp Đựng Cơm Túi Đựng Cơm Trưa Giữ Nhiệt Văn Phòng Cách Nhiệt, Combo 3 Ngăn Đựng Thức Ăn 2 Lớp Bằng Thép Không Gỉ 304",1,2025-09-27,Electronic
3,"mình vừa nhận , chưa_xài chưa_biết như_thế_nào .","Cân Tiểu Ly Điện Tử Nhà Bếp 1g-10kg, 0,1g- 5kg METIS Độ Chính Xác Cao, Chất Liệu Hợp Kim Thép Bền Bỉ Tặng Kèm 2 pin",1,2025-09-24,Electronic
3,mua về mở điện_thoại mà không_có_đầu vít nào vừa thôi_kệ để vặn thứ khác,"Bộ Tua Vít Đa Năng METIS, Mini Gồm 24 Đầu Nhỏ Sửa Điện Thoại, Mở Laptop, Mắt Kính, Đồng Hồ",1,2025-09-24,Electronic
3,tiếng rất ồn,Máy Sấy Tóc Ion Âm 5in1 METIS Không Cánh Quạt 3 Tốc Độ Công Suất 2200W 2 Chiều Tặng Kèm Đầu Sấy,1,2025-09-24,Electronic
3,"bản_thân sản_phẩm thì tốt . nhiệt_độ tuyệt_vời và cài_đặt tuyệt_vời . đường may có_thể tốt hơn . tuy_nhiên , họ không_bao_gồm giá treo tường điều này hơi kỳ_lạ . và họ không_thể cung_cấp cho tôi thông_số kỹ_thuật cho giá treo , chỉ_bảo tôi đi mua từ một cửa_hàng khác .","Máy Sấy Quần Áo Gấp Gọn Treo Tường Sang Trọng Nhỏ Gọn METIS, Combo Làm Khô Đồ Với Công Nghệ Sấy 3D Tiết Kiệm Điện",1,2025-09-23,Electronic
3,"mình bị thất_vọng ý ạ , cân nó bị lệch cái khung số cân hiển_thị ấy . mình bận không_kiểm được hàng mà nhận ngay cái lỗi :",Cân Điện Tử METIS Sạc USB Kết Nối Bluetooth Phân Tích Chỉ Số Cơ Thể Trọng Lượng Tối Đa 180kg,1,2025-09-23,Electronic
3,"cân không_quá nhạy và chính_xác , sai_số trong khoảng 1 kg . chỉ phù_hợp nếu không_có_mục_đích ghi lại số_liệu chính_xác 100 % cho việc theo_dõi sức khỏe . còn dùng bình_thường để xem cân nặng tương_đối thì được . mọi khía_cạnh khác thì đều ổn .",Cân Điện Tử METIS Sạc USB Kết Nối Bluetooth Phân Tích Chỉ Số Cơ Thể Trọng Lượng Tối Đa 180kg,1,2025-09-22,Electronic
3,hộp cơm bị dơ với bị lệch nên xài tạm tạm đi thôi đại_đại đi đóng nắp không_chặt lắm,"Hộp Đựng Cơm Túi Đựng Cơm Trưa Giữ Nhiệt Văn Phòng Cách Nhiệt, Combo 3 Ngăn Đựng Thức Ăn 2 Lớp Bằng Thép Không Gỉ 304",1,2025-09-22,Electronic
3,"gói cước d2 của quý_khách đã bị hủy . cước data sẽ tính theo dung_lượng sử_dụng thực_tế : 75 đ 50 kb . để tiết_kiệm chi_phí , vui_lòng đăng_ký gói max70 bằng cách soạn max70 gửi 88 70.000 đ tháng 9 gb . cskh 18001091","Ghế Công Thái Học METIS Chỉnh Dáng Ngồi Đúng Dùng Cho Nam Nữ, Trẻ Em, Chống Cong Vẹo Cột Sống",1,2025-09-22,Electronic
3,"hơi tốn tiền : cân mỗi ngày cân 1 cân nặng khác nhau . chênh 1 2 lạng thôi chứ chênh cả 1 kg thì cũng chịu rồi . bọc hàng sơ_sài nữa , có 1 lớp chống sốc bên ngoài . mở ra thì bị mẻ 1 góc . nhưng mua rẻ có 100 k thì đành chịu vậy",Cân Điện Tử METIS Sạc USB Kết Nối Bluetooth Phân Tích Chỉ Số Cơ Thể Trọng Lượng Tối Đa 180kg,1,2025-09-21,Electronic
3,"sao thấy mỏng_manh quá không , dùng hơi sợ sợ","Ấm Siêu Tốc 2,5L, Ấm Đun Nước METIS Công Suất Cao 1500W Tự Ngắt Điện Khi Sôi, 2 Lớp Cách Nhiệt Chống Bỏng",1,2025-09-20,Electronic
3,tạm thôi,"Hộp Đựng Cơm Túi Đựng Cơm Trưa Giữ Nhiệt Văn Phòng Cách Nhiệt, Combo 3 Ngăn Đựng Thức Ăn 2 Lớp Bằng Thép Không Gỉ 304",1,2025-09-19,Electronic
3,cân báo 27 thông_số nhưng không_đủ,Cân Điện Tử METIS Sạc USB Kết Nối Bluetooth Phân Tích Chỉ Số Cơ Thể Trọng Lượng Tối Đa 180kg,1,2025-09-17,Electronic
3,thấy ghi là có dây đo eo nhưng mở ra lại không_có,Cân Điện Tử METIS Sạc USB Kết Nối Bluetooth Phân Tích Chỉ Số Cơ Thể Trọng Lượng Tối Đa 180kg,1,2025-09-16,Electronic
3,giao sản_phẩm bị cấn ngay mặt kính báo số cân . xu xu,"Cân Tiểu Ly Điện Tử Nhà Bếp 1g-10kg, 0,1g- 5kg METIS Độ Chính Xác Cao, Chất Liệu Hợp Kim Thép Bền Bỉ Tặng Kèm 2 pin",1,2025-09-16,Electronic
3,chê đúng 1 điểm là pin_xài rất chán . vừa cắm vừa xài cũng không_được_luôn . mỗi cái tiện à nghẹn_ngào,"Lược Chải Tóc Điện Ion Âm METIS Lược Duỗi Thẳng, Bảo Vệ Tóc Cao Cấp Với 50 Triệu Ion Âm",1,2025-09-15,Electronic
3,sản_phẩm đúng giá tiền rẻ thì tất_nhiên không_xịn cảm_giác inox không_được_là inox 304 hơi chê inox này,"Hộp Đựng Cơm Túi Đựng Cơm Trưa Giữ Nhiệt Văn Phòng Cách Nhiệt, Combo 3 Ngăn Đựng Thức Ăn 2 Lớp Bằng Thép Không Gỉ 304",1,2025-09-15,Electronic
3,"công_dụng : cân_đối_tượng sử_dụng : mọi người cân_đo có_vẻ chính_xác tùy thời_điểm , có người đúng , người xài ấy , mà giờ chả_rõ lúc_nào đúng sai nữa , giá vậy không_đòi_hỏi nhiều","Cân điện tử sức khỏe gia đình METIS, Cân heo hồng cân người thiết kế hiện đại trọng lượng 180kg dễ dàng sử dụng",1,2025-09-15,Electronic
3,nói tặng ốp quạt rồi ốp đâu,"Quạt cầm tay mini tích điện METIS gió mạnh 16000 vòng/phút có dây đeo 4000mAh, màn hình LED hiển thị, type-C",1,2025-09-13,Electronic
3,"cân nút bấm bị cứng , mỗi lần cần sử_dụng phải ấn thiệt mạnh nút phím mới lên nguồn","Cân Tiểu Ly Điện Tử Nhà Bếp 1g-10kg, 0,1g- 5kg METIS Độ Chính Xác Cao, Chất Liệu Hợp Kim Thép Bền Bỉ Tặng Kèm 2 pin",1,2025-09-11,Electronic
3,"đóng_gói cẩn_thận , giao hàng nhanh , lược dùng nhanh hết pin dù đã sạc đầy trước khi dùng","Lược Chải Tóc Điện Ion Âm METIS Lược Duỗi Thẳng, Bảo Vệ Tóc Cao Cấp Với 50 Triệu Ion Âm",1,2025-09-10,Electronic
3,đúng với mô_tả : đẹp chất_lượng sản_phẩm : ổ cắm bị lỏng,Ổ Cắm Chịu Tải Đa Năng Có 7 Cổng 2 usb Và 1 type c Có Công Tắc Điều Khiển An Toàn Tiện Lợi,2,2025-09-10,Electronic
3,cân nhảy_số khác nhau liên_tục,Cân Điện Tử METIS Sạc USB Kết Nối Bluetooth Phân Tích Chỉ Số Cơ Thể Trọng Lượng Tối Đa 180kg,1,2025-09-09,Electronic
3,túi đựng bên ngoài có mùi nên mọi người nhớ giặt_giũ thật sạch_sẽ trước khi sử_dụng nhé ! đồ_đạc bên trong đầy_đủ sạch_đẹp lắm nhưng có thêm hướng_dẫn sử_dụng đi cùng thì tốt ạ,"Hộp Đựng Cơm Túi Đựng Cơm Trưa Giữ Nhiệt Văn Phòng Cách Nhiệt, Combo 3 Ngăn Đựng Thức Ăn 2 Lớp Bằng Thép Không Gỉ 304",1,2025-09-08,Electronic
3,"cân rất dễ lỗi_nha , với giá này thì cũng không_mong_đợi gì hơn nhưng_mà cũng được cũng ổn_áp",Cân Điện Tử METIS Sạc USB Kết Nối Bluetooth Phân Tích Chỉ Số Cơ Thể Trọng Lượng Tối Đa 180kg,1,2025-09-08,Electronic
3,hơi cũ,"Cân Tiểu Ly Điện Tử Nhà Bếp 1g-10kg, 0,1g- 5kg METIS Độ Chính Xác Cao, Chất Liệu Hợp Kim Thép Bền Bỉ Tặng Kèm 2 pin",1,2025-09-07,Electronic
3,"tính_năng nổi_bật : thổi gió có hơi ấm sản_phẩm tương_ứng với giá tiền . máy có thổi hơi ấm nóng ra . nút_vặn có hơi ngược_xíu , số hiện nhiệt_độ chỉ là sticker chứ không_phải_màn_hình . tia cực tím thì mình thấy giống đèn hơn . nhưng chắc có_thể phơi_vớ hoặc các thứ linh_tinh , còn giày mình nghĩ sẽ mất nhiều thời_gian .",Máy Sấy Giày Khử Mùi Bằng Tia Cực Tím Thông Minh Có Hiển Thị Nhiệt Độ METIS Combo Làm Khô Tất Đa Năng,1,2025-09-06,Electronic
3,gió không_mạnh so với công_suất tuyên_bố . đánh_giá hơi cùi,Máy Sấy Tóc Ion Âm 5in1 METIS Không Cánh Quạt 3 Tốc Độ Công Suất 2200W 2 Chiều Tặng Kèm Đầu Sấy,1,2025-09-05,Electronic
3,chưa_bảo_hành chưa_biết,GÓI DỊCH VỤ BẢO HÀNH ĐIỆN TỬ 1 NĂM cho Cân Điện Tử METIS Sạc USB Kết Nối Bluetooth Phân Tích Chỉ Số Cơ Thể,1,2025-09-05,Electronic
3,"hình_thức được nhưng cân không_chuẩn lắm , 3 lần lên cân đứng 3 số_liệu khác nhau . hàng giao nhanh .",Cân Điện Tử METIS Sạc USB Kết Nối Bluetooth Phân Tích Chỉ Số Cơ Thể Trọng Lượng Tối Đa 180kg,1,2025-09-05,Electronic
3,"giá rẻ nhưng hơi yếu , đứng lên dễ bị lật , dễ vỡ , đóng_gói cẩn_thận",Cân Điện Tử METIS Sạc USB Kết Nối Bluetooth Phân Tích Chỉ Số Cơ Thể Trọng Lượng Tối Đa 180kg,1,2025-08-28,Electronic
3,hình_ảnh chỉ mang tính_chất minh_họa . nhưng cân không_được_chuẩn lắm . hay bị nhảy số,Cân Điện Tử METIS Sạc USB Kết Nối Bluetooth Phân Tích Chỉ Số Cơ Thể Trọng Lượng Tối Đa 180kg,1,2025-08-28,Electronic
3,túi đựng cơm thủng 1 lỗ lớn,"Hộp Đựng Cơm Túi Đựng Cơm Trưa Giữ Nhiệt Văn Phòng Cách Nhiệt, Combo 3 Ngăn Đựng Thức Ăn 2 Lớp Bằng Thép Không Gỉ 304",1,2025-08-27,Electronic
3,cửa_hàng giao sai màu rồi ạ,Cân Điện Tử METIS Sạc USB Kết Nối Bluetooth Phân Tích Chỉ Số Cơ Thể Trọng Lượng Tối Đa 180kg,1,2025-08-24,Electronic
3,chất_lượng sản_phẩm : không_đúng với mô_tả : không_má ơi mới đựng lần xong rửa cất tuần sau lấy ra sắt gỉ hết cực_kỳ ghét_nha . bực_bội vô_cùng,"Hộp Đựng Cơm Túi Đựng Cơm Trưa Giữ Nhiệt Văn Phòng Cách Nhiệt, Combo 3 Ngăn Đựng Thức Ăn 2 Lớp Bằng Thép Không Gỉ 304",1,2025-08-23,Electronic
3,không_như mô_tả ban_đầu,Áo Mưa Trong Suốt 1 Đầu METIS Bảo Vệ Toàn Diện Áo Mưa Người Lớn Và Trẻ Em Chống Trượt An Toàn Cho Mẹ Và Bé,1,2025-08-22,Electronic
3,cân không_chính_xác cho lắm,Cân Điện Tử METIS Sạc USB Kết Nối Bluetooth Phân Tích Chỉ Số Cơ Thể Trọng Lượng Tối Đa 180kg,1,2025-08-21,Electronic
3,tốt,Cân Điện Tử METIS Sạc USB Kết Nối Bluetooth Phân Tích Chỉ Số Cơ Thể Trọng Lượng Tối Đa 180kg,1,2025-08-21,Electronic
3,cân không_biết đúng không_mỗi lần cân là số khác nhau nên cũng hoang_mang,Cân Điện Tử METIS Sạc USB Kết Nối Bluetooth Phân Tích Chỉ Số Cơ Thể Trọng Lượng Tối Đa 180kg,1,2025-08-20,Electronic
3,"nhỏ hơn mình nghĩ rất nhiều , hơi lỏng_lẻo , khi hâm thức_ăn trong lò nướng còn bị xẹt lửa","Hộp Đựng Cơm Túi Đựng Cơm Trưa Giữ Nhiệt Văn Phòng Cách Nhiệt, Combo 3 Ngăn Đựng Thức Ăn 2 Lớp Bằng Thép Không Gỉ 304",1,2025-08-20,Electronic
3,"đối_tượng sử_dụng : con_người để tặng dây_đo mà không_thấy , tạm cân không_chuẩn lắm , lúc này lúc kia",Cân Điện Tử METIS Sạc USB Kết Nối Bluetooth Phân Tích Chỉ Số Cơ Thể Trọng Lượng Tối Đa 180kg,1,2025-08-18,Electronic
3,nhiệt chỉ giữ được khoảng 12 giờ,"Hộp Đựng Cơm Túi Đựng Cơm Trưa Giữ Nhiệt Văn Phòng Cách Nhiệt, Combo 3 Ngăn Đựng Thức Ăn 2 Lớp Bằng Thép Không Gỉ 304",1,2025-08-18,Electronic
3,không_được_chuẩn cho lắm !_kết_nối ứng_dụng tương_đối khó,Cân Điện Tử METIS Sạc USB Kết Nối Bluetooth Phân Tích Chỉ Số Cơ Thể Trọng Lượng Tối Đa 180kg,1,2025-08-16,Electronic
3,"tô trầy_xước gỉ sét nhiều , 2 tô nhỏ thì có bọc đàng_hoàng , tô lớn chẳng_bọc nên trầy gỉ sét","Hộp Đựng Cơm Túi Đựng Cơm Trưa Giữ Nhiệt Văn Phòng Cách Nhiệt, Combo 3 Ngăn Đựng Thức Ăn 2 Lớp Bằng Thép Không Gỉ 304",1,2025-08-13,Electronic
3,"hộp bình_thường , không_giữ nhiệt_nổi , inox hơi méo , đồ nóng hay bị nắp hút chặt hộp :","Hộp Đựng Cơm Túi Đựng Cơm Trưa Giữ Nhiệt Văn Phòng Cách Nhiệt, Combo 3 Ngăn Đựng Thức Ăn 2 Lớp Bằng Thép Không Gỉ 304",1,2025-08-12,Electronic
3,trên cái cân lòi lên sợi dây_mạch điện mình thấy ghi tặng kèm dây mà nhận chỉ thấy cân thôi . hơi thất_vọng,Cân Điện Tử METIS Sạc USB Kết Nối Bluetooth Phân Tích Chỉ Số Cơ Thể Trọng Lượng Tối Đa 180kg,1,2025-08-11,Electronic
3,"ngoại hình_ổn , nhưng thời_gian không_đúng , mở quạt mức 50 chạy trong vòng 1 h tốn 20 . xài tạm chống cháy thì được , không_phù_hợp với giá tiền","Quạt Tích Điện Điều Hòa METIS Kẹp Quần Áo Đa Năng Mini Pin 10000mAh Nhiều Mức Độ Gió Mang Đi Du Lịch Phượt, Làm Việc",3,2025-08-11,Electronic
3,công_dụng : cân_đối_tượng sử_dụng : mọi lứa tuổi cân không_chính_xác gì cả . mỗi lần mình lên cân lại hiện số cân chênh_lệch khác nhau . cân rất nhiều lần mà không_lần nào trùng_số cân cả . một trải_nghiệm mua hàng_không được tốt lắm hơi buồn,Cân Điện Tử METIS Sạc USB Kết Nối Bluetooth Phân Tích Chỉ Số Cơ Thể Trọng Lượng Tối Đa 180kg,1,2025-08-10,Electronic
3,không_kết_nối được với điện_thoại,Cân Điện Tử METIS Sạc USB Kết Nối Bluetooth Phân Tích Chỉ Số Cơ Thể Trọng Lượng Tối Đa 180kg,1,2025-08-10,Electronic
3,đối_tượng sử_dụng : mọi người công_dụng : cân mới cân không_hiểu cách nhảy_số . lúc này lúc kia kết_bạn như_thế_nào . sợ bị pin_ảo nên báo số cân sai,Cân Điện Tử METIS Sạc USB Kết Nối Bluetooth Phân Tích Chỉ Số Cơ Thể Trọng Lượng Tối Đa 180kg,1,2025-08-09,Electronic
3,công_dụng : tăm chỉ nha_khoa mùi hương : không_biết hình_ảnh chỉ mang tính_chất_minh họa cười,Tăm chỉ nha khoa hộp METIS Tăm chỉ vệ sinh răng miện,1,2025-08-08,Electronic
3,chất_lượng sản_phẩm : tạm dùng được với mức giá chất_lượng đúng với mức giá 10 k cảm_ơn cửa_hàng,"Bộ Tua Vít Đa Năng METIS, Mini Gồm 24 Đầu Nhỏ Sửa Điện Thoại, Mở Laptop, Mắt Kính, Đồng Hồ",1,2025-08-08,Electronic
3,inox không_được_như mong_đợi,"Hộp Đựng Cơm Túi Đựng Cơm Trưa Giữ Nhiệt Văn Phòng Cách Nhiệt, Combo 3 Ngăn Đựng Thức Ăn 2 Lớp Bằng Thép Không Gỉ 304",1,2025-08-01,Electronic
3,chất_lượng sus304 không_tốt . bị gỉ,"Hộp Đựng Cơm Túi Đựng Cơm Trưa Giữ Nhiệt Văn Phòng Cách Nhiệt, Combo 3 Ngăn Đựng Thức Ăn 2 Lớp Bằng Thép Không Gỉ 304",1,2025-07-30,Electronic
3,đầu lược bị cứng nên tóc chải không_được_thẳng,"Lược Chải Tóc Điện Ion Âm METIS Lược Duỗi Thẳng, Bảo Vệ Tóc Cao Cấp Với 50 Triệu Ion Âm",1,2025-07-28,Electronic
3,"100 k không_biết là rẻ hay đắt nhưng tốn nhiều pin , dùng 2 tuần đã phải thay pin","Cân Tiểu Ly Điện Tử Nhà Bếp 1g-10kg, 0,1g- 5kg METIS Độ Chính Xác Cao, Chất Liệu Hợp Kim Thép Bền Bỉ Tặng Kèm 2 pin",1,2025-07-22,Electronic
3,"ngăn inox mỏng chất_lượng tạm , mới sử_dụng 2 3 lần mà có dấu_hiệu bị gỉ khuyến_cáo nên rửa ngay và hạn_chế sử_dụng đựng đồ mặn nhiều như thịt kho cá kho .","Hộp Đựng Cơm Túi Đựng Cơm Trưa Giữ Nhiệt Văn Phòng Cách Nhiệt, Combo 3 Ngăn Đựng Thức Ăn 2 Lớp Bằng Thép Không Gỉ 304",1,2025-07-21,Electronic
3,công_dụng : đo trọng_lượng cơ_thể đối_tượng sử_dụng : mọi người cân_xài ổn_nha mọi người nhưng đôi_khi không_được_chuẩn ạ,Cân Điện Tử METIS Sạc USB Kết Nối Bluetooth Phân Tích Chỉ Số Cơ Thể Trọng Lượng Tối Đa 180kg,1,2025-07-19,Electronic
3,mình mua 204 k máy_ổn nhưng nghe mùi nhựa nồng_nặc khi mình mở máy ra sấy_ý không_ưng về vấn_đề này không_biết là có bị ảnh_hưởng gì khi ngửi mùi này không_nhưng không_ưng lắm,Máy Sấy Tóc Ion Âm 5in1 METIS Không Cánh Quạt 3 Tốc Độ Công Suất 2200W 2 Chiều Tặng Kèm Đầu Sấy,2,2025-07-19,Electronic
3,mong_chờ hàng về mà mở ra bị bóp_méo hết cười_ra_nước_mắt cười_ra_nước_mắt,"Hộp Đựng Cơm Túi Đựng Cơm Trưa Giữ Nhiệt Văn Phòng Cách Nhiệt, Combo 3 Ngăn Đựng Thức Ăn 2 Lớp Bằng Thép Không Gỉ 304",1,2025-07-18,Electronic
3,đúng với mô_tả : đúng chất_lượng sản_phẩm : ổn giữ ấm cũng được nhưng_mà kiểu nắp nó khó mở quá cứ bị dính phần thân,"Hộp Đựng Cơm Túi Đựng Cơm Trưa Giữ Nhiệt Văn Phòng Cách Nhiệt, Combo 3 Ngăn Đựng Thức Ăn 2 Lớp Bằng Thép Không Gỉ 304",1,2025-07-18,Electronic
3,"cân ảo , cân 3 lần ra 3 số khác nhau , chênh tới cả 1 cân",Cân Điện Tử METIS Sạc USB Kết Nối Bluetooth Phân Tích Chỉ Số Cơ Thể Trọng Lượng Tối Đa 180kg,1,2025-07-17,Electronic
3,"nút bấm bị bong , ọp_ẹp kiểu như hàng_mã ấy","Lược Chải Tóc Điện Ion Âm METIS Lược Duỗi Thẳng, Bảo Vệ Tóc Cao Cấp Với 50 Triệu Ion Âm",1,2025-07-16,Electronic
3,buồn vì không_có_dây sạc,Cân Điện Tử METIS Sạc USB Kết Nối Bluetooth Phân Tích Chỉ Số Cơ Thể Trọng Lượng Tối Đa 180kg,1,2025-07-16,Electronic
3,"cân không_chuẩn lắm , bị nhảy_số nữa nhẹ_nhõm",Cân Điện Tử METIS Sạc USB Kết Nối Bluetooth Phân Tích Chỉ Số Cơ Thể Trọng Lượng Tối Đa 180kg,1,2025-07-15,Electronic
3,hộp xinh dễ_thương nhưng hơi nhỏ với giữ ấm không_lâu quá 2 tiếng,"Hộp Đựng Cơm Túi Đựng Cơm Trưa Giữ Nhiệt Văn Phòng Cách Nhiệt, Combo 3 Ngăn Đựng Thức Ăn 2 Lớp Bằng Thép Không Gỉ 304",1,2025-07-14,Electronic
3,đúng với mô_tả : đúng chất_lượng sản_phẩm : được hơi nhỏ nhưng bảo_hành như không_bảo_hành chán nhưng giao hàng nhanh,"Hộp Đựng Cơm Túi Đựng Cơm Trưa Giữ Nhiệt Văn Phòng Cách Nhiệt, Combo 3 Ngăn Đựng Thức Ăn 2 Lớp Bằng Thép Không Gỉ 304",1,2025-07-13,Electronic
3,"giao hàng nhanh , sản_phẩm giống_hình chất_lượng đi_đôi với giá tiền ạ , nhôm hay inox bên trong sử_dụng lâu không_biết do nhiệt hay như_thế_nào thì thấy nó có sự tróc_nhẹ bên trong ,","Hộp Đựng Cơm Túi Đựng Cơm Trưa Giữ Nhiệt Văn Phòng Cách Nhiệt, Combo 3 Ngăn Đựng Thức Ăn 2 Lớp Bằng Thép Không Gỉ 304",1,2025-07-13,Electronic
3,giao thiếu hàng,"Hộp Đựng Cơm Túi Đựng Cơm Trưa Giữ Nhiệt Văn Phòng Cách Nhiệt, Combo 3 Ngăn Đựng Thức Ăn 2 Lớp Bằng Thép Không Gỉ 304",1,2025-07-11,Electronic
3,tạm tạm thôi ạ,Cân Điện Tử METIS Sạc USB Kết Nối Bluetooth Phân Tích Chỉ Số Cơ Thể Trọng Lượng Tối Đa 180kg,1,2025-07-09,Electronic
3,"mỏng_manh , cảm_giác không_an_toàn ! mỗi lần cân thì đều có sai_số",Cân Điện Tử METIS Sạc USB Kết Nối Bluetooth Phân Tích Chỉ Số Cơ Thể Trọng Lượng Tối Đa 180kg,1,2025-07-09,Electronic
3,sấy rất lâu trong khi đó được 5 cái khăn,"Máy Sấy Quần Áo Gấp Gọn Treo Tường Sang Trọng Nhỏ Gọn METIS, Combo Làm Khô Đồ Với Công Nghệ Sấy 3D Tiết Kiệm Điện",1,2025-07-07,Electronic
3,cái đế và sạc nam_châm thật vô_dụng . nay người ta toàn dùng type c cho tiện . vậy_mà đẻ thêm sạc nam_châm vô_pin cũng lâu mà_lại bán mắc tiền nhất . mình đọc không_kỹ mà mua loại mắc nhất nên bị nhầm .,"Lược Chải Tóc Điện Ion Âm METIS Lược Duỗi Thẳng, Bảo Vệ Tóc Cao Cấp Với 50 Triệu Ion Âm",1,2025-07-06,Electronic
3,"không_được_tốt lắm , mở mức ii và bộ sản_phẩm chế_độ 4 giờ nhưng quần_áo còn ẩm , phần dưới cùng không_khô được , mở 2 lần rất tốn thời_gian và tốn điện dù mình phơi có 4 5 cái áo và quần","Máy Sấy Quần Áo Gấp Gọn Treo Tường Sang Trọng Nhỏ Gọn METIS, Combo Làm Khô Đồ Với Công Nghệ Sấy 3D Tiết Kiệm Điện",1,2025-07-06,Electronic
3,"tôi dùng cân vẫn lệch nhé mọi người lúc lệch 5 lạng , lúc 1,2 kg sang nhà hàng_xóm cân mới biết , tôi đi cân 2 nhà hàng_xóm khác nhau bằng cân to là 82,6 kg về cân_điện_tử 81,4 kg , nên không_chuẩn đâu_nhé",Cân Điện Tử METIS Sạc USB Kết Nối Bluetooth Phân Tích Chỉ Số Cơ Thể Trọng Lượng Tối Đa 180kg,1,2025-07-06,Electronic
3,"cân này thì tạm được , đôi_khi tự_nhảy lung_tung",Cân Điện Tử METIS Sạc USB Kết Nối Bluetooth Phân Tích Chỉ Số Cơ Thể Trọng Lượng Tối Đa 180kg,1,2025-07-05,Electronic
3,giao_lộn màu,Cân Điện Tử METIS Sạc USB Kết Nối Bluetooth Phân Tích Chỉ Số Cơ Thể Trọng Lượng Tối Đa 180kg,1,2025-07-04,Electronic
3,không_như mong_đợi kiểu nó nhựa nhựa_sao ấy,"Cân Tiểu Ly Điện Tử Nhà Bếp 1g-10kg, 0,1g- 5kg METIS Độ Chính Xác Cao, Chất Liệu Hợp Kim Thép Bền Bỉ Tặng Kèm 2 pin",1,2025-07-03,Electronic
3,"sản_phẩm bị hỏng nhưng_mà sau đó shop đã hỗ_trợ giao lại cho mình cái mới , thấy cũng được nhé","Máy Sấy Quần Áo Gấp Gọn Treo Tường Sang Trọng Nhỏ Gọn METIS, Combo Làm Khô Đồ Với Công Nghệ Sấy 3D Tiết Kiệm Điện",1,2025-07-01,Electronic
3,cân không_đúng,Cân Điện Tử METIS Sạc USB Kết Nối Bluetooth Phân Tích Chỉ Số Cơ Thể Trọng Lượng Tối Đa 180kg,1,2025-06-27,Electronic
3,"mẹo : tạm được , không_như mong_đợi","Máy sấy tóc ion âm 2 chiều nóng lạnh METIS, công suất 2200W không cánh quạt, nhanh khô, bảo vệ tóc",1,2025-06-26,Electronic
3,"chất_lượng sản_phẩm : hàng bé tẹo , xem quảng_cáo cân được từ 1 10 kg mà thực_tế chỉ được 3 kg","Cân Tiểu Ly Điện Tử Nhà Bếp 1g-10kg, 0,1g- 5kg METIS Độ Chính Xác Cao, Chất Liệu Hợp Kim Thép Bền Bỉ Tặng Kèm 2 pin",1,2025-06-24,Electronic
3,sản_phẩm kém chất_lượng tệ,Máy Sấy Tóc Ion Âm 5in1 METIS Không Cánh Quạt 3 Tốc Độ Công Suất 2200W 2 Chiều Tặng Kèm Đầu Sấy,1,2025-06-24,Electronic
3,"hàng đúng mô_tả , chất_liệu cũng được , mua nhiều lần rồi , được lắm nhé","Ấm Siêu Tốc 2,5L, Ấm Đun Nước METIS Công Suất Cao 1500W Tự Ngắt Điện Khi Sôi, 2 Lớp Cách Nhiệt Chống Bỏng",1,2025-06-22,Electronic
3,"sấy 120 phút có mùi khét , nói_chung xài tốt","Máy Sấy Quần Áo Gấp Gọn Treo Tường Sang Trọng Nhỏ Gọn METIS, Combo Làm Khô Đồ Với Công Nghệ Sấy 3D Tiết Kiệm Điện",1,2025-06-19,Electronic
3,"đem cơm tiện_lợi , cơ_mà không_giữ nhiệt được mình nấu xong 8 h 12 h mình ăn trưa cơ_mà không_được_ấm luôn ấy","Hộp Đựng Cơm Túi Đựng Cơm Trưa Giữ Nhiệt Văn Phòng Cách Nhiệt, Combo 3 Ngăn Đựng Thức Ăn 2 Lớp Bằng Thép Không Gỉ 304",1,2025-06-19,Electronic
3,mình thấy cái cân này nó dùng hơi chập_chờn nha mọi người ơi mọi người nên tìm_hiểu trước khi mua,Cân Điện Tử METIS Sạc USB Kết Nối Bluetooth Phân Tích Chỉ Số Cơ Thể Trọng Lượng Tối Đa 180kg,1,2025-06-18,Electronic
3,"mình thấy cân khá yếu_ớt , không_được_cứng_cáp cho lắm . cân 1 2 lần thì thấy được","Cân Tiểu Ly Điện Tử Nhà Bếp 1g-10kg, 0,1g- 5kg METIS Độ Chính Xác Cao, Chất Liệu Hợp Kim Thép Bền Bỉ Tặng Kèm 2 pin",1,2025-06-18,Electronic
3,hư nút điều_khiển trên máy,"Máy Sấy Quần Áo Gấp Gọn Treo Tường Sang Trọng Nhỏ Gọn METIS, Combo Làm Khô Đồ Với Công Nghệ Sấy 3D Tiết Kiệm Điện",1,2025-06-15,Electronic
3,bị trầy và nó có dính màu lên sản_phẩm . với sấy ở nhiệt_độ cao mình ngửi thấy mùi hơi khét với mùi nhựa nhựa ấy . hy_vọng lần sau sẽ nhận được sản_phẩm tốt hơn ạ,Máy Sấy Tóc Ion Âm 5in1 METIS Không Cánh Quạt 3 Tốc Độ Công Suất 2200W 2 Chiều Tặng Kèm Đầu Sấy,1,2025-06-13,Electronic
3,hàng bị móp_méo nhìn không_chắc_chắn,"Kệ để đồ nhà tắm dán tường hình chữ nhật, Kệ nhà tắm đựng đồ đa năng chất liệu thép không gỉ kèm miếng dán",1,2025-06-12,Electronic
3,sau khi dùng được 22 ngày kể từ ngày đặt_hàng . hộp kim_loại bên trong bị gỉ sét .,"Hộp Đựng Cơm Túi Đựng Cơm Trưa Giữ Nhiệt Văn Phòng Cách Nhiệt, Combo 3 Ngăn Đựng Thức Ăn 2 Lớp Bằng Thép Không Gỉ 304",1,2025-06-12,Electronic
3,mẹo : để lâu cho nó nóng bao_bì : đẹp kinh_nghiệm sử_dụng : dùng lúc thích tóc thẳng cá_nhân mình thấy dùng cái này cũng khá ổn_áp mỗi tội rất nhanh hết pin chưa_đến 30 phút như trên ảnh mặc_dù đã sạc đầy,"Lược Chải Tóc Điện Ion Âm METIS Lược Duỗi Thẳng, Bảo Vệ Tóc Cao Cấp Với 50 Triệu Ion Âm",1,2025-06-09,Electronic
3,"cân không_chuẩn , nhảy_linh_tinh lắm",Cân Điện Tử METIS Sạc USB Kết Nối Bluetooth Phân Tích Chỉ Số Cơ Thể Trọng Lượng Tối Đa 180kg,1,2025-06-07,Electronic
3,"cân đẹp , nhưng cân không_đúng số ký tối cân 70 kg sáng cân 59 hồi 61 kg không_biết sao luôn",Cân Điện Tử METIS Sạc USB Kết Nối Bluetooth Phân Tích Chỉ Số Cơ Thể Trọng Lượng Tối Đa 180kg,1,2025-06-06,Electronic
3,không_khô nổi_đồ dù sấy 2 giờ,"Máy Sấy Quần Áo Gấp Gọn Treo Tường Sang Trọng Nhỏ Gọn METIS, Combo Làm Khô Đồ Với Công Nghệ Sấy 3D Tiết Kiệm Điện",1,2025-06-05,Electronic
3,giao hàng bị dơ nhiều chỗ ở túi_xách,"Hộp Đựng Cơm Túi Đựng Cơm Trưa Giữ Nhiệt Văn Phòng Cách Nhiệt, Combo 3 Ngăn Đựng Thức Ăn 2 Lớp Bằng Thép Không Gỉ 304",1,2025-06-02,Electronic
3,"đúng với mô_tả : đúng tính_năng nổi_bật : sấy quần_áo chất_lượng sản_phẩm : sản_phẩm bị lỗi móc treo , chỉ còn 1 bên có ngàm giữ","Máy Sấy Quần Áo Gấp Gọn Treo Tường Sang Trọng Nhỏ Gọn METIS, Combo Làm Khô Đồ Với Công Nghệ Sấy 3D Tiết Kiệm Điện",1,2025-05-30,Electronic
3,khui ra rất lộn_xộn và dơ như đồ cũ,"Máy Hút Bụi Cầm Tay Không Dây METIS Nhật Bản 8 Đầu Hút, Máy Hút Bụi Ô Tô, Giường Nệm, Lông Chó Mèo Đa Năng",1,2025-05-29,Electronic
3,"hộp cũng đẹp nhưng_mà dễ gỉ sét mua chưa_được 2 tuần đã gỉ rồi , cũng không_giữ nhiệt lắm đâu","Hộp Đựng Cơm Túi Đựng Cơm Trưa Giữ Nhiệt Văn Phòng Cách Nhiệt, Combo 3 Ngăn Đựng Thức Ăn 2 Lớp Bằng Thép Không Gỉ 304",1,2025-05-29,Electronic
3,đặt màu xanh giao màu đỏ,"Ấm Siêu Tốc 2,5L, Ấm Đun Nước METIS Công Suất Cao 1500W Tự Ngắt Điện Khi Sôi, 2 Lớp Cách Nhiệt Chống Bỏng",1,2025-05-28,Electronic
3,hàng giao bị trầy với vết đen nhiều hộp lỏng_lẻo,"Hộp Đựng Cơm Túi Đựng Cơm Trưa Giữ Nhiệt Văn Phòng Cách Nhiệt, Combo 3 Ngăn Đựng Thức Ăn 2 Lớp Bằng Thép Không Gỉ 304",1,2025-05-28,Electronic
3,chất_lượng sản_phẩm : rẻ nhưng không_bền lắm thay đến lần thứ 5 rồi dùng được tầm vài tháng là hỏng,"Cân Tiểu Ly Điện Tử Nhà Bếp 1g-10kg, 0,1g- 5kg METIS Độ Chính Xác Cao, Chất Liệu Hợp Kim Thép Bền Bỉ Tặng Kèm 2 pin",1,2025-05-27,Electronic
3,"đã đọc đánh_giá và thấy 1 số người bảo_pin không_dùng được lâu , vẫn liều mua và thật_sự là số nhọ . lược chỉ dùng được khoảng 15 20 phút là hết điện mặc_dù sạc thì phải tầm hơn 1 tiếng mới đầy pin . hiệu_quả duỗi_tóc thì khá thấp , ảnh là mình đã sử_dụng kem duỗi_tóc tại nhà xong dùng lược_chải , mà tóc cũng chỉ hơi thẳng hơn so với tự_nhiên . nói_chung ai mua trải_nghiệm thì cứ mua chứ tính ứng_dụng không_cao","Lược Chải Tóc Điện Ion Âm METIS Lược Duỗi Thẳng, Bảo Vệ Tóc Cao Cấp Với 50 Triệu Ion Âm",1,2025-05-24,Electronic
3,"giao hàng nhanh , cân không_chính_xác lắm , xê_dịch 1 2 kg . hình_ảnh minh_họa",Cân Điện Tử METIS Sạc USB Kết Nối Bluetooth Phân Tích Chỉ Số Cơ Thể Trọng Lượng Tối Đa 180kg,1,2025-05-24,Electronic
3,cân đo kỳ_nha : mát mát,Cân Điện Tử METIS Sạc USB Kết Nối Bluetooth Phân Tích Chỉ Số Cơ Thể Trọng Lượng Tối Đa 180kg,2,2025-05-22,Electronic
3,"chất_lượng sản_phẩm : không_tốt lắm đúng với mô_tả : đúng bên vận_chuyển làm bể hàng nên nhắn_tin cửa_hàng hỗ_trợ . xem hình để biết nó bể như nào nha . nhưng_mà cân_xài lạ lắm , mặc_dù tôi để nó ở bề_mặt_phẳng nhưng chỉ_số nó cứ nhảy liên_tục không_cố_định là bao_nhiêu gam hết hơi mỉm cười","Cân Tiểu Ly Điện Tử Nhà Bếp 1g-10kg, 0,1g- 5kg METIS Độ Chính Xác Cao, Chất Liệu Hợp Kim Thép Bền Bỉ Tặng Kèm 2 pin",1,2025-05-21,Electronic
3,tính_năng nổi_bật : màu đỏ đúng với mô_tả : được chất_lượng sản_phẩm : cũng ổn_áp trong tầm giá hàng màu đỏ không_thích_lắm nên cho 3 sao nhé,"Ấm Siêu Tốc 2,5L, Ấm Đun Nước METIS Công Suất Cao 1500W Tự Ngắt Điện Khi Sôi, 2 Lớp Cách Nhiệt Chống Bỏng",1,2025-05-20,Electronic
3,"thấy cân không_chuẩn_xác lắm , sai chỉ_số mỗi lần đo 1 kiểu",Cân Điện Tử METIS Sạc USB Kết Nối Bluetooth Phân Tích Chỉ Số Cơ Thể Trọng Lượng Tối Đa 180kg,1,2025-05-17,Electronic
3,"cân cầm nhẹ_tay , nhưng khi cân lên lúc thì 45,6 , lúc thì 44,75 kg , . không_biết số nào là đúng trong khi cân cùng một thời_điểm chứ không_phải_khác thời_điểm .",Cân Điện Tử METIS Sạc USB Kết Nối Bluetooth Phân Tích Chỉ Số Cơ Thể Trọng Lượng Tối Đa 180kg,1,2025-05-16,Electronic
3,"lược sạc và lên nhiệt_độ cũng nhanh , không_lo bị phỏng khi chải_tóc . mình dùng thấy cũng được thôi , tóc có hơi thẳng tí","Lược Chải Tóc Điện Ion Âm METIS Lược Duỗi Thẳng, Bảo Vệ Tóc Cao Cấp Với 50 Triệu Ion Âm",1,2025-05-15,Electronic
3,mát nhưng sạc thì lâu đầy và nhanh hết pin,"Quạt cầm tay mini tích điện METIS gió mạnh 16000 vòng/phút có dây đeo pin 4000mAh, màn hình LED hiển thị, type-C",1,2025-05-15,Electronic
3,"cân cảm_giác dễ vỡ lắm , không_biết dùng lâu có vỡ không . chứ mình thấy mỏng , tiếng gõ vào cân nữa . mong là dùng được lâu",Cân Điện Tử METIS Sạc USB Kết Nối Bluetooth Phân Tích Chỉ Số Cơ Thể Trọng Lượng Tối Đa 180kg,1,2025-05-15,Electronic
3,"cân không_biết chính_xác không , lệch ký của ngày_trước và ngày sau cả ký",Cân Điện Tử METIS Sạc USB Kết Nối Bluetooth Phân Tích Chỉ Số Cơ Thể Trọng Lượng Tối Đa 180kg,1,2025-05-14,Electronic
3,"đối_tượng sử_dụng : trẻ_em và người_lớn công_dụng : kiểm_tra cân nặng cân giống mô_tả , tuy_nhiên độ_chính_xác chưa_cao , lần đầu và lần sau lên cân khác nhau",Cân Điện Tử METIS Sạc USB Kết Nối Bluetooth Phân Tích Chỉ Số Cơ Thể Trọng Lượng Tối Đa 180kg,1,2025-05-09,Electronic
3,"đúng với mô_tả : đúng với mô_tả chất_lượng sản_phẩm : chất_lượng sản_phẩm tốt tiền nào của đó , lòng inox đựng đồ_ăn mỏng_dánh , thua cả cà_mèn inox mua ngoài chợ che_miệng_cười","Hộp Đựng Cơm Túi Đựng Cơm Trưa Giữ Nhiệt Văn Phòng Cách Nhiệt, Combo 3 Ngăn Đựng Thức Ăn 2 Lớp Bằng Thép Không Gỉ 304",1,2025-05-07,Electronic
3,"hình_ảnh minh_họa tuy_nhiên : thực_sự mà nói giá hộp cơm ở đây cao hơn những cửa_hàng khác . nhưng chất_lượng không_chênh_lệch mấy . vì canh khi để vào hộp , lỡ nghiêng vẫn bị chảy đổ rất nhiều . đồ_ăn nóng chính_xác 2 tiếng . dây ron cố_định nắp hộp mới dùng 2 lần rửa đã bị rơi ra ngoài rất khó gắn lại . thật_sự thì_có thất_vọng .","Hộp Đựng Cơm Túi Đựng Cơm Trưa Giữ Nhiệt Văn Phòng Cách Nhiệt, Combo 3 Ngăn Đựng Thức Ăn 2 Lớp Bằng Thép Không Gỉ 304",1,2025-05-06,Electronic
3,đối_tượng sử_dụng : mọi người cân_điện_tử . cân giá rẻ nhưng hình_như cân không_chính_xác . chênh_lệch 1 2 cân . mình nghĩ nó không_làm đúng chức_năng nên cho 3 sao thôi .,Cân Điện Tử METIS Sạc USB Kết Nối Bluetooth Phân Tích Chỉ Số Cơ Thể Trọng Lượng Tối Đa 180kg,1,2025-05-05,Electronic
3,đối_tượng sử_dụng : được công_dụng : cười nói về độ_chính_xác thì cân này chỉ được 7 điểm thôi . chỉ đúng trên không_chứ trên lạng thì không_đúng . mình mua về để cân bé sơ_sinh thì thấy không_chính_xác đâu_nha_mọi_người . mình bế bé trên tay rồi trừ đi cân nặng của mình thì thấy không_chính_xác .,Cân Điện Tử METIS Sạc USB Kết Nối Bluetooth Phân Tích Chỉ Số Cơ Thể Trọng Lượng Tối Đa 180kg,1,2025-05-04,Electronic
3,"cân mỗi lúc cân một_số khác nhau , chưa_kể là không_kết_nối bluetooth được nữa",Cân Điện Tử METIS Sạc USB Kết Nối Bluetooth Phân Tích Chỉ Số Cơ Thể Trọng Lượng Tối Đa 180kg,1,2025-05-01,Electronic
3,đúng với mô_tả : chất_liệu vải dễ dơ chất_lượng sản_phẩm : tạm để khoảng trống ở dưới hộp chi nhiều vậy cửa_hàng ? được phần nửa cái hộp,"Hộp Đựng Cơm Túi Đựng Cơm Trưa Giữ Nhiệt Văn Phòng Cách Nhiệt, Combo 3 Ngăn Đựng Thức Ăn 2 Lớp Bằng Thép Không Gỉ 304",1,2025-04-26,Electronic
3,đối_tượng sử_dụng : tất_cả công_dụng : cân không_chuẩn . người 70 kg mà lên cân còn 59 kg cười_ra_nước_mắt . bé 22 kg lại còn 19 kg . chênh_lệch quá nhiều cười_ra_nước_mắt,Cân Điện Tử METIS Sạc USB Kết Nối Bluetooth Phân Tích Chỉ Số Cơ Thể Trọng Lượng Tối Đa 180kg,1,2025-04-21,Electronic
3,cân không_chuẩn mỗi lần lên là nhảy một_số . bụng sống ở biển thuộc chủ bhnb nó không_biết làm thế à_thế thôi em thôi,Cân Điện Tử METIS Sạc USB Kết Nối Bluetooth Phân Tích Chỉ Số Cơ Thể Trọng Lượng Tối Đa 180kg,1,2025-04-20,Electronic
3,bao_bì : được kinh_nghiệm sử_dụng : nhanh hết pin_mẹo : không_nên_mua phí tiền,"Lược Chải Tóc Điện Ion Âm METIS Lược Duỗi Thẳng, Bảo Vệ Tóc Cao Cấp Với 50 Triệu Ion Âm",1,2025-04-19,Electronic
3,"rất lâu_nóng , và không_ăn_thua gì . chải xong vẫn y_xì không_thấy khác gì luôn","Lược Chải Tóc Điện Ion Âm METIS Lược Duỗi Thẳng, Bảo Vệ Tóc Cao Cấp Với 50 Triệu Ion Âm",1,2025-04-18,Electronic
3,"cũng ổn , đo hai lần thì ra hai số khác nhau t . t",Cân Điện Tử METIS Sạc USB Kết Nối Bluetooth Phân Tích Chỉ Số Cơ Thể Trọng Lượng Tối Đa 180kg,1,2025-04-18,Electronic
3,đối_tượng sử_dụng : mọi người công_dụng : kiểm_tra cân nặng hàng nhận bị bể 1 góc nhỏ giao hàng hơi lâu,Cân Điện Tử METIS Sạc USB Kết Nối Bluetooth Phân Tích Chỉ Số Cơ Thể Trọng Lượng Tối Đa 180kg,1,2025-04-11,Electronic
3,cân không_chuẩn,Cân Điện Tử METIS Sạc USB Kết Nối Bluetooth Phân Tích Chỉ Số Cơ Thể Trọng Lượng Tối Đa 180kg,1,2025-04-08,Electronic
3,tính_năng nổi_bật : xay được tỏi không_xay được ớt chất_lượng sản_phẩm : bình_thường,Máy xay tỏi ớt mini cầm tay METIS máy say tỏi 250ml sử dụng cổng sạc usb đa năng tiện lợi,1,2025-03-27,Electronic
3,giá cao hơn ghế cùng loại,"Ghế Công Thái Học METIS Chỉnh Dáng Ngồi Đúng Dùng Cho Nam Nữ, Trẻ Em, Chống Cong Vẹo Cột Sống",1,2025-03-25,Electronic
3,"hộp hơi móp_méo , như được ai đó mở ra xài vậy á , máy hút hết bụi nhưng tóc thì hơi yếu_bụi thì 90 còn tóc cỡ 70 , thích_hợp hút mấy chỗ nhỏ và thời_gian ngắn thôi","Máy Hút Bụi Cầm Tay Không Dây METIS Nhật Bản 8 Đầu Hút, Máy Hút Bụi Ô Tô, Giường Nệm, Lông Chó Mèo",1,2025-03-05,Electronic
3,"hút và thổi cũng mạnh , mà cái chỉ_số để sạc và sử_dụng là 2 giờ . trong khi đó về sử_dụng mở và tắt khi cần chỉ được 15 phút tối_đa","Máy Hút Bụi Cầm Tay Không Dây METIS Nhật Bản 8 Đầu Hút, Máy Hút Bụi Ô Tô, Giường Nệm, Lông Chó Mèo",1,2025-02-07,Electronic
3,cân không_chính_xác,Cân Điện Tử METIS Sạc USB Kết Nối Bluetooth Phân Tích Chỉ Số Cơ Thể Trọng Lượng Tối Đa 180kg,1,2025-02-05,Electronic
3,cũng tạm,"Lược Chải Tóc Điện Ion Âm METIS Lược Duỗi Thẳng, Bảo Vệ Tóc Cao Cấp Với 50 Triệu Ion Âm",1,2025-01-29,Electronic
3,"đầy_đủ bộ_phận nhưng máy_yếu sạc lâu mà dùng 1 lúc là yếu rồi , lực_hút cũng yếu không_sạch được bụi nhỏ","Máy Hút Bụi Cầm Tay Không Dây METIS Nhật Bản 8 Đầu Hút, Máy Hút Bụi Ô Tô, Giường Nệm, Lông Chó Mèo",1,2025-01-24,Electronic
3,"thổi mạnh , hút yếu xìu","Máy Hút Bụi Cầm Tay Không Dây METIS Nhật Bản 8 Đầu Hút, Máy Hút Bụi Ô Tô, Giường Nệm, Lông Chó Mèo",1,2025-01-15,Electronic
3,nhanh hết pin . chắc cỡ 10 phút khóc_nức_nở chải cỡ nào cũng không_được_thẳng với đẹp như clip . chỉ hơi hơi thôi trầm_ngâm,"Lược Chải Tóc Điện Ion Âm METIS Lược Duỗi Thẳng, Bảo Vệ Tóc Cao Cấp Với 50 Triệu Ion Âm",1,2025-01-14,Electronic
3,má ơi nứt :,Cân Điện Tử METIS Sạc USB Kết Nối Bluetooth Phân Tích Chỉ Số Cơ Thể Trọng Lượng Tối Đa 180kg,1,2025-01-14,Electronic
3,bình chưa_tới 2 lít nữa,"Ấm Siêu Tốc GUGKOO 2,5L, Ấm Đun Nước METIS Công Suất Cao 1500W Tự Ngắt Điện Khi Sôi, 2 Lớp Cách Nhiệt Chống Bỏng",1,2025-01-13,Electronic
3,"máy kêu ồn_cực_kì , hút thì hút nhẹ thôi không_mạnh , mọi người nên cân_nhắc khi mua","Máy Hút Bụi Cầm Tay Không Dây METIS Nhật Bản 8 Đầu Hút, Máy Hút Bụi Ô Tô, Giường Nệm, Lông Chó Mèo",1,2025-01-11,Electronic
3,"mình thấy chẳng_có_công_dụng gì cả , chải mãi không_thẳng tóc , tưởng mua này tiện mang đi chải_tóc nhưng giờ mua về lại chả_dùng được gì haiz","Lược Chải Tóc Điện Ion Âm METIS Lược Duỗi Thẳng, Bảo Vệ Tóc Cao Cấp Với 50 Triệu Ion Âm",2,2025-01-07,Electronic
3,"vải mỏng xấu , không_nên_mua",Khăn Tắm Bông Cao Cấp Hàn Quốc Khổ Rộng 140x70cm KT09,1,2025-01-07,Electronic
3,cảm_thấy không_ổn lắm hiện_tại thì xài được mà cầm không_chắc tay sợ không_bền,"Ấm Siêu Tốc GUGKOO 2,5L, Ấm Đun Nước METIS Công Suất Cao 1500W Tự Ngắt Điện Khi Sôi, 2 Lớp Cách Nhiệt Chống Bỏng",1,2024-12-28,Electronic
3,tạm ổn mới xài thì bung chỉ anh đi lên nhà anh có gì đâu_mà bán hàng online không_có_gì gọi lại em nhé em cảm_ơn có đã nói với em,"Ca nấu mì siêu tốc METIS dung tích 1L8, nồi lẩu điện mini cầm tay nhanh sôi tiện lợi - CM00",1,2024-12-17,Electronic
3,giao hàng trễ,"Lược Chải Tóc Điện Ion Âm METIS Lược Duỗi Thẳng, Bảo Vệ Tóc Cao Cấp Với 50 Triệu Ion Âm",1,2024-12-16,Electronic
3,bị rỉ nước,"Ấm Siêu Tốc GUGKOO 2,5L, Ấm Đun Nước METIS Công Suất Cao 1500W Tự Ngắt Điện Khi Sôi, 2 Lớp Cách Nhiệt Chống Bỏng",1,2024-12-12,Electronic
3,"sạc 1 lần , chải được 2 lần là hết pin dù mình tóc ngắn","Lược Chải Tóc Điện Ion Âm METIS Lược Duỗi Thẳng, Bảo Vệ Tóc Cao Cấp Với 50 Triệu Ion Âm",1,2024-12-08,Electronic
3,"máy vỏ hộp màu đen , máy màu hồng . cân có sai_số khoảng 0.3 kg trong các lần cân . bluetooth tìm thấy nhưng không_kết_nối được . kết_nối bluetooth bằng phần_mềm và trực_tiếp đều không_được . giao hàng nhanh , gói hàng cẩn_thận . tạm ổn trong tầm giá .",Cân Điện Tử METIS Sạc USB Kết Nối Bluetooth Phân Tích Chỉ Số Cơ Thể Trọng Lượng Tối Đa 180kg,1,2024-12-07,Electronic
3,"chải được 2 lần thì hết pin , sạc lâu mà hết pin nhanh vô_cảm","Lược Chải Tóc Điện Ion Âm METIS Lược Duỗi Thẳng, Bảo Vệ Tóc Cao Cấp Với 50 Triệu Ion Âm",1,2024-11-29,Electronic
3,"bao_bì mẫu_mã : hộp cũ , ố màu vàng hộp bị móp_méo , ố vàng , hình_như giao hàng cũ , thêm nữa rất mau hết pin , mới sạc đầy xài được chút_xíu là tuột còn có 2 cục pin .","Lược Chải Tóc Điện Ion Âm METIS Lược Duỗi Thẳng, Bảo Vệ Tóc Cao Cấp Với 50 Triệu Ion Âm",2,2024-11-26,Electronic
3,đối_tượng sử_dụng : bình_thường .,"Chậu Gội Đầu Tại Nhà - Thau Gội Đầu Chăm Sóc Người Già, Bà Bầu, Trẻ Nhỏ Có Đệm Lót Đỡ Cổ Silicone Siêu Mềm Tiện Dụng",1,2024-11-26,Electronic
3,không_thấy thẳng mặt_cười,"Lược Chải Tóc Điện Ion Âm METIS Lược Duỗi Thẳng, Bảo Vệ Tóc Cao Cấp Với 50 Triệu Ion Âm",1,2024-11-21,Electronic
3,công_dụng : nhanh hết pin lắm mọi_người chưa_chải xong cái đầu đã hết pin khóc_nức_nở khóc_nức_nở,"Lược Chải Tóc Điện Ion Âm METIS Lược Duỗi Thẳng, Bảo Vệ Tóc Cao Cấp Với 50 Triệu Ion Âm",1,2024-11-15,Electronic
3,"giao hàng nhanh . máy lúc mới mua về hút rất được nha , lực hút mạnh nhưng kêu hơi to . không_hiểu sao xài được 1 tuần thì cứ mở máy lên hút được 1 xíu là máy tự_dưng kêu to hơn và không_hút được nữa","Máy Hút Bụi Cầm Tay Không Dây METIS Nhật Bản 8 Đầu Hút, Máy Hút Bụi Ô Tô, Giường Nệm, Lông Chó Mèo",1,2024-11-08,Electronic
3,sản_phẩm tạm được chất_lượng độ bền_chờ thời_gian đánh_giá đánh_giá,Máy cạo râu nam đa năng METIS 4in1 với 3 lưới kép hàng cao cấp IP X7 kháng nước hiện đại,1,2024-09-25,Electronic
3,"đúng với mô_tả : đúng chất_lượng sản_phẩm : chưa_sử_dụng chưa_biết nam mà cửa_hàng giao màu cam , không_thích_trong hình thì trùm hết xe , còn ở ngoài thì không_vừa",Áo Mưa Trong Suốt 1 Đầu METIS Bảo Vệ Toàn Diện Áo Mưa Người Lớn Và Trẻ Em Chống Trượt An Toàn Cho Mẹ Và Bé,1,2024-09-13,Electronic
3,"tính_năng nổi_bật : cũng được bật phun sương_mát , nhưng đặt quạt_vuông giao quạt_tròn , với hình_như là sản_phẩm nhái , thấy quạt có nút gì chính giữa nữa mà hàng nhận không_có ?",Quạt điều hoà phun sương mini quạt hơi nước METIS để bàn 3 chế độ gió dung tích bình chứa nước 600ml,1,2024-09-11,Electronic
3,trên video để có 2 chế_độ gió mà nhận về chỉ 1 chế_độ gió thôi .,"Quạt Tích Điện METIS Pin 10 Cell Dùng Liên Tục 8H, Quạt Để Bàn Tích Điện 2 Cấp Độ Gió Siêu Mát Bảo Hành 12 Tháng",1,2024-09-08,Electronic
3,"cân xài cũng được nhưng lúc cân_số cứ nhảy_loạn , cảm_giác cân không_đúng lắm :",Cân Điện Tử METIS Sạc USB Kết Nối Bluetooth Phân Tích Chỉ Số Cơ Thể Trọng Lượng Tối Đa 180kg,1,2024-09-08,Electronic
3,"khá thất_vọng do không_có_chỗ để điều_chỉnh cân nặng , cân nặng trên cân bị lệch 7 kg so_meo với cân nặng thực_tế của mình , phí tiền .",Cân Điện Tử METIS Sạc USB Kết Nối Bluetooth Phân Tích Chỉ Số Cơ Thể Trọng Lượng Tối Đa 180kg,1,2024-09-05,Electronic
3,đối_tượng sử_dụng : tất_cả công_dụng : cân dưới 180 kg . cân nhẹ . mặt kính khoảng 5 mm . lên cân luôn có cảm_giác sắp gãy . :,Cân Điện Tử METIS Sạc USB Kết Nối Bluetooth Phân Tích Chỉ Số Cơ Thể Trọng Lượng Tối Đa 180kg,1,2024-09-01,Electronic
3,sản_phẩm không_đúng như mô_tả,"Quạt Tích Điện METIS Pin 10 Cell Dùng Liên Tục 8H, Quạt Để Bàn Tích Điện 2 Cấp Độ Gió Siêu Mát Bảo Hành 12 Tháng",1,2024-08-31,Electronic
3,đã nhận được hàng rồi đó . hàng cũng bình_thường . màn_hình mau_tắt lắm . chút_xíu là phải bật lên mới cân được,Cân Điện Tử METIS Sạc USB Kết Nối Bluetooth Phân Tích Chỉ Số Cơ Thể Trọng Lượng Tối Đa 180kg,1,2024-08-30,Electronic
3,"chất_lượng sản_phẩm : không_giao hàng nhanh giá rẻ nhanh hết pin không_được_sáng lắm tiền nào của nấy thôi ạ ,","Đèn học chống cận METIS, đèn bàn học tích điện có nút cảm ứng 3 chế độ ánh sáng bảo vệ mắt, thiết thế gấp gọn tiện lợi",1,2024-08-27,Electronic
3,"chất_lượng sản_phẩm : bình_thường tính_năng nổi_bật : không_có_máy mau nóng mùi nhựa_tốc đánh_yếu được cái lượt mua ảo , 98 k mua mà có 233 lượt đánh_giá cười_tươi . giá rẻ","Máy Đánh Trứng Cầm Tay METIS 7 Tốc Độ + Tặng Kèm 4 Đầu Đánh Trứng Cao Cấp, Hoạt Động Êm Ái",1,2024-08-25,Electronic
3,cân không_chính_xác,Cân Điện Tử METIS Sạc USB Kết Nối Bluetooth Phân Tích Chỉ Số Cơ Thể Trọng Lượng Tối Đa 180kg,1,2024-08-25,Electronic
3,chất_lượng sản_phẩm : hàng rẻ_tiền đúng với mô_tả : đúng tính_năng nổi_bật : dùng được lúc máy nóng ran máy rẻ_tiền nên không_có_gì bất_ngờ khi dùng được tí máy nóng_ran . đến khi bột sánh lại thì vừa đánh vừa sợ cháy máy vì có mùi khen khét cười_rạng_rỡ cười_rạng_rỡ hình_ảnh mang tính_chất nhận xu thôi cười,"Máy Đánh Trứng Cầm Tay METIS 7 Tốc Độ + Tặng Kèm 4 Đầu Đánh Trứng Cao Cấp, Hoạt Động Êm Ái",1,2024-08-24,Electronic
3,"chất_lượng sản_phẩm : bình_thường đèn bé hơn so với tưởng_tượng , tôi không_được_tặng sticker trợn_mắt . đóng_gói cũng được . hết","Đèn học chống cận METIS, đèn bàn học tích điện có nút cảm ứng 3 chế độ ánh sáng bảo vệ mắt, thiết thế gấp gọn tiện lợi",1,2024-08-21,Electronic
3,chán ghê mình cứ tưởng cân màu đen mà giao màu hồng oải chè nên trừ,Cân Điện Tử METIS Sạc USB Kết Nối Bluetooth Phân Tích Chỉ Số Cơ Thể Trọng Lượng Tối Đa 180kg,1,2024-08-21,Electronic
3,đúng với mô_tả : giao không_đúng màu quạt nhìn cũ_bụi không_giống đồ mới gì cả,Quạt tích điện mini. Quạt kẹp bàn METIS thiết kế nhỏ gọn dung lượng pin 7000mAh làm mát 360 độ,1,2024-08-20,Electronic
3,"tính_năng nổi_bật : máy chạy tốt , được chất_lượng sản_phẩm : tuy_nhiên đánh 1 lúc máy nóng và phải nghỉ để đánh tiếp đúng với mô_tả : đúng với hình_ảnh","Máy Đánh Trứng Cầm Tay METIS 7 Tốc Độ + Tặng Kèm 4 Đầu Đánh Trứng Cao Cấp, Hoạt Động Êm Ái",1,2024-08-20,Electronic
3,quạt không_mạnh như mô_tả,Quạt Tích Điện Điều Hòa METIS Kẹp Quần Áo Kiêm Sạc Dự Phòng Pin 6000MAH Sử Dụng Lên Tới 6H,1,2024-08-11,Electronic
3,công_dụng : cân_đối_tượng sử_dụng : mọi người chỉ cân không_kết_nối với điện_thoại được,Cân Điện Tử METIS Sạc USB Kết Nối Bluetooth Phân Tích Chỉ Số Cơ Thể Trọng Lượng Tối Đa 180kg,1,2024-08-02,Electronic
3,tính_năng nổi_bật : không_có_gì nổi_bật đúng với mô_tả : tạm chất_lượng sản_phẩm : không_mát lắm mua về làm cái sạc dự_phòng thì được chứ quạt thì không_hiệu_quả lắm nhé anh_em,Quạt Tích Điện Điều Hòa METIS Kẹp Quần Áo Kiêm Sạc Dự Phòng Pin 6000MAH Sử Dụng Lên Tới 6H,1,2024-07-31,Electronic
3,không_kết_nối được với điện_thoại,Cân Điện Tử METIS Sạc USB Kết Nối Bluetooth Phân Tích Chỉ Số Cơ Thể Trọng Lượng Tối Đa 180kg,1,2024-07-31,Electronic
3,"ảnh thì 60 g , hàng giao thì 20 g .","Keo Dán Đa Năng Siêu Dính METIS, Siêu Bền Dán Đa Năng Dán Mọi Chất Liệu, Chống Nước KSD01",1,2024-07-25,Electronic
3,nghe mùi nhựa hôi . máy nhanh nóng . bật tầm 10 giây là máy nóng_ran .,"Máy Đánh Trứng Cầm Tay METIS 7 Tốc Độ + Tặng Kèm 4 Đầu Đánh Trứng Cao Cấp, Hoạt Động Êm Ái",1,2024-07-25,Electronic
3,keo chán,"Keo Dán Đa Năng Siêu Dính METIS, Siêu Bền Dán Đa Năng Dán Mọi Chất Liệu, Chống Nước KSD01",1,2024-07-24,Electronic
3,bình_thường . nhanh hết điện,Quạt đeo cổ METIS cao cấp 3 tốc độ gió thiết kế màn hình led sử dụng liên tục lên đến 18h,1,2024-07-11,Electronic
3,chất_lượng sản_phẩm : tạm ổn đúng với mô_tả : đúng tính_năng nổi_bật : không_quạt chạy không_được_như quảng_cáo . yếu,Quạt Tích Điện Điều Hòa METIS Kẹp Quần Áo Kiêm Sạc Dự Phòng Pin 6000MAH Sử Dụng Lên Tới 6H,1,2024-07-11,Electronic
3,chạy hơi_yếu không_mát mấy,Quạt Tích Điện Điều Hòa METIS Kẹp Quần Áo Kiêm Sạc Dự Phòng Pin 6000MAH Sử Dụng Lên Tới 6H,1,2024-07-09,Electronic
3,gửi sai màu,Quạt đeo cổ METIS cao cấp 3 tốc độ gió thiết kế màn hình led sử dụng liên tục lên đến 18h,1,2024-07-08,Electronic
3,"gió hơi yếu , dùng chống khét thôi",Quạt Tích Điện Điều Hòa METIS Kẹp Quần Áo Kiêm Sạc Dự Phòng Pin 6000MAH Sử Dụng Lên Tới 6H,2,2024-07-05,Electronic
3,"cây chổi nhìn có_vẻ yếu . chốt cắm bàn_chải vào cây quá mỏng . tiền nào của nấy . giao_hàng nhiệt_tình , trách_nhiệm .","Chổi Chà Sàn Nhà Tắm 2 in 1 Thiết Kế Đầu Gạt Gước, Cây Chà Sàn Thông Minh Xoay 120 Độ Quét Nhà Sạch",1,2024-07-01,Electronic
3,"quạt thì được , nhìn hơi mỏng_manh tại vì rẻ , quạt_nhẹ và bên ngoài hơi nhỏ mát ít do công_suất nhỏ . giao đúng như mô_tả . cho 3 sao vì giao cái ổ_điện không_giống mô_tả hàng giả , kém chất_lượng mình đã trả hàng cái ổ điện",Quạt mini tích điện để bàn METIS động cơ không tiếng ồn 2 chế độ gió xoay 210 độ pin dùng 2-5h,1,2024-06-30,Electronic
3,"cắt những cái khác như giấy , vải thì khá được . chưa_cắt gà nên chưa_biết nhưng thấy không_khả_quan lắm . cắt phần thịt thì may_ra được",Kéo cắt nhật SK5 METIS cắt gà đa năng và cắt đồ dùng chất liệu thép không gỉ siêu bền,1,2024-06-27,Electronic
3,"chào bạn ! bạn có đăng_ký học_học kỳ_hè năm_học 2023 24 . nhưng đến thời_hạn 18 06 2024 , trường chưa_nhận được chuyển_khoản học_phí của bạn . bạn kiểm_tra học_phí tại student.uef.edu . việt_nam và hoàn_thành ngay học_phí theo quy_định bạn nhé . bạn vui_lòng bỏ_qua tin nhắn nếu đã hoàn_thành học_phí học kỳ_hè . tt.hthv 02854221375","Nồi lẩu điện mini METIS họa tiết Vịt vàng dễ thương, Ca nấu mì đa năng đường kính 18cm nhỏ gọn, tiện lợi mang theo",1,2024-06-25,Electronic
3,"lược chải hơi khó , khi chải 1 tay cầm tóc kéo ra , 1 tay cầm_lược mới chải được , nóng_lâu , chải cũng bị rụng_tóc như chải_lược thường , dây_điện ngắn , không_có_xoay dây như mô_tả . chải tóc xong cũng hơi thẳng , không_thẳng như video , hay máy duỗi tóc .","Lược Điện Chải Tóc Tạo Kiểu, Máy Uốn, Duỗi, Làm Thẳng Tóc 5 Cấp Độ Nhiệt, Làm Nóng Nhanh Tích Hợp Ion Âm Bảo Vệ Tóc LD01",1,2024-06-25,Electronic
3,chất_lượng sản_phẩm : đóng_gói kỹ đẹp mát nhưng dây sạc cũ như hàng từng dùng rồi cắm sạc không_vào rút ra cắm lại thì thụt_lỗ cắm vào không_cắm được nữa không_biết mọi người như nào chứ em thấy hàng khá tệ mặc_dù mát,Quạt đeo cổ METIS cao cấp 3 tốc độ gió thiết kế màn hình led sử dụng liên tục lên đến 18h,1,2024-06-24,Electronic
3,chậu khá nhỏ . lỗ thoát nước hơi cao không_xả hết được nước khi gội,"Chậu Gội Đầu Tại Nhà - Thau Gội Đầu Chăm Sóc Người Già, Bà Bầu, Trẻ Nhỏ Có Đệm Lót Đỡ Cổ Silicone Siêu Mềm Tiện Dụng",1,2024-06-24,Electronic
3,kéo mới mà trầy_xước rồi bị rỉ sét là sao vậy cửa_hàng đóng_gói không_kỹ kéo mà để quấn băng keo sơ_sài thất_vọng,Kéo cắt nhật SK5 METIS cắt gà đa năng và cắt đồ dùng chất liệu thép không gỉ siêu bền,1,2024-06-19,Electronic
3,hút bụi có tạm được lực hút hơi yếu,"Máy hút bụi mini cầm tay METIS không dây lực hút siêu mạnh 6000MPA nhỏ gọn, pin sạc tiện lợi công suất 60w",1,2024-06-19,Electronic
3,không_che_phủ hết phía sau . phía sau chỉ che được đến thắt_lưng . không_giống như hình .,"Áo Mưa Che Phủ Toàn Thân Nửa Trước Trong Suốt Cho Mẹ Và Bé, Vải Dù Siêu Nhẹ Có Kính Chắn Bảo Vệ AM03",1,2024-06-17,Electronic
3,các gờ trong các ô lỗ_sắc lắm chạm vào đứt cả tay luôn ấy,"Ghế Công Thái Học METIS Chỉnh Dáng Ngồi Đúng Dùng Cho Nam Nữ, Trẻ Em, Chống Cong Vẹo Cột Sống",1,2024-06-15,Electronic
3,"máy hơi không_chắc_chắn lắm , xay tỏi ớt số_lượng nhỏ thì được , mình lấy thử xay thịt thì đã cháy luôn máy từ lần thứ 3 dùng cười_gượng",Máy xay tỏi ớt mini cầm tay METIS máy say tỏi 250ml sử dụng cổng sạc usb đa năng tiện lợi,1,2024-06-14,Electronic
3,tính_năng nổi_bật : về sử_dụng nó đọng nước ở dưới đáy,Quạt điều hòa phun sương mini METIS dung tích 500ml Quạt hơi nước 2 tốc độ gió chế độ phun nước,1,2024-06-13,Electronic
3,nóng chậm và không_nóng nhiều dù mức cao nhất nên không_thẳng lắm và hơi mất thời_gian,"Lược Điện Chải Tóc Tạo Kiểu, Máy Uốn, Duỗi, Làm Thẳng Tóc 5 Cấp Độ Nhiệt, Làm Nóng Nhanh Tích Hợp Ion Âm Bảo Vệ Tóc LD01",2,2024-06-12,Electronic
3,3 thớt này trông điêu_điêu . sờ nó cứ vụn vụn ấy . thái chắc còn ra vụn nữa,"Set bộ 3 thớt lúa mạch kháng khuẩn METIS chất liệu nhựa cao cấp, an toàn chống ẩm mốc, chống trượt TLM01",1,2024-06-12,Electronic
3,"quạt sạc 1 lần sử_dụng được tầm 2 tiếng thôi ạ . cứ chạy được tầm đó là tắt , bật lại thì được tầm 10 phút là lại tắt","Quạt mini, Quạt kẹp bàn tích điện METIS, dung lượng pin lớn 7500 mAh, xoay 360 độ làm mát không khí",1,2024-06-12,Electronic
3,"chất_lượng sản_phẩm : 4 10 đúng với mô_tả : 9 10 tính_năng nổi_bật : lực hút mạnh_ảnh và video mang tính_chất minh_họa , tôi xài được 3 lần máy nó cạch_phát xong dừng không_hoạt_động được nữa làm kiểu gì cũng không_lên . hút mạnh nhanh nóng , sạc pin đầy nhanh nhưng dễ hết pin","Máy hút bụi mini cầm tay METIS không dây lực hút siêu mạnh 6000MPA nhỏ gọn, pin sạc tiện lợi công suất 60w",1,2024-06-11,Electronic
3,"nhỏ hơn so với xe tôi rất nhiều luôn á . không_phủ được hết chân , mưa to vẫn bị ướt","Áo Mưa Che Phủ Toàn Thân Nửa Trước Trong Suốt Cho Mẹ Và Bé, Vải Dù Siêu Nhẹ Có Kính Chắn Bảo Vệ AM03",1,2024-06-11,Electronic
3,"chất_lượng sản_phẩm : ổn với giá tiền đúng với mô_tả : đúng tính_năng nổi_bật : hút nhanh mình thấy máy chỉ hút tốt trên bề_mặt_phẳng , nếu hút ga giường thì phải căng ra hút mới được , máy nhẹ hơn mình nghĩ",Máy hút bụi cầm tay mini không dây METIS hút bụi giường nệm ô tô  lực hút 25.000PA công suất 120W,1,2024-06-08,Electronic
3,"đóng_gói hàng cẩn_thận nhưng khâu chọn hàng lại không_kỹ vì hàng bể nứt , cong vênh","Bàn chải vệ sinh khe hở góc hẹp đa năng, chổi cọ vệ sinh khe nhà tắm,cửa nhà bếp nhỏ gọn tiện lợi BCK01",1,2024-05-31,Electronic
3,không_có_ống thoát nước,"Chậu Gội Đầu Tại Nhà - Thau Gội Đầu Chăm Sóc Người Già, Bà Bầu, Trẻ Nhỏ Có Đệm Lót Đỡ Cổ Silicone Siêu Mềm Tiện Dụng",1,2024-05-29,Electronic
3,"thấy sản_phẩm ngoài không_giống với ảnh minh_họa lắm , mút khá mỏng nên ngồi khá ê_mông","Ghế Công Thái Học METIS Chỉnh Dáng Ngồi Đúng Dùng Cho Nam Nữ, Trẻ Em, Chống Cong Vẹo Cột Sống",1,2024-05-23,Electronic
3,chất_lượng sản_phẩm : không_được_đúng với mô_tả : kinh_doanh khác với hình_ảnh . ảnh là trùm kín chân và xe_máy nhưng đây chỉ che được nửa thôi . đằng sau cũng ngắn nữa .,"Áo Mưa Che Phủ Toàn Thân Nửa Trước Trong Suốt Cho Mẹ Và Bé, Vải Dù Siêu Nhẹ Có Kính Chắn Bảo Vệ AM03",1,2024-05-23,Electronic
2,"giữ nhiệt : không_giữ nhiệt lắm chất_liệu : sử_dụng 1 thời_gian là rỉ sét nha trời ăn bệnh chết luôn má ơi , giữ nhiệt_kém , mà thứ làm tôi thất_vọng là inox 304 mà_lại rỉ sét sử_dụng cũng mới_đây thôi á chưa_được 1 tháng","Hộp Đựng Cơm Túi Đựng Cơm Trưa Giữ Nhiệt Văn Phòng Cách Nhiệt, Combo 3 Ngăn Đựng Thức Ăn 2 Lớp Bằng Thép Không Gỉ 304",1,2026-05-03,Electronic
2,"tránh ảnh_hưởng sức_khỏe thì không_nên_mua , thấy lượt mua nhiều nên mua theo nhưng bị gỉ sét sau 2 lần rửa","Hộp Đựng Cơm Túi Đựng Cơm Trưa Giữ Nhiệt Văn Phòng Cách Nhiệt, Combo 3 Ngăn Đựng Thức Ăn 2 Lớp Bằng Thép Không Gỉ 304",1,2026-05-03,Electronic
2,giữ nhiệt : giữ nhiệt chất_liệu : inox nhưng_mà dễ bị gỉ sét thiết_kế : nhỏ giá rẻ nên dùng cũng tạm mình dùng cũng chưa_bao_lâu nhưng_mà thấy bị gỉ sét rồi mọi người có_thể tham_khảo những cái mắc hơn nhưng chất_lượng hơn nha,"Hộp Đựng Cơm Túi Đựng Cơm Trưa Giữ Nhiệt Văn Phòng Cách Nhiệt, Combo 3 Ngăn Đựng Thức Ăn 2 Lớp Bằng Thép Không Gỉ 304",1,2026-05-03,Electronic
2,"không_phải_inox , xài lần đầu đã thấy bị oxy hóa , bị gỉ sét","Hộp Đựng Cơm Túi Đựng Cơm Trưa Giữ Nhiệt Văn Phòng Cách Nhiệt, Combo 3 Ngăn Đựng Thức Ăn 2 Lớp Bằng Thép Không Gỉ 304",1,2026-04-28,Electronic
2,"mới xài ít_lâu thấy một vấn_đề , lần 1 cân và lần 2,3_chênh nhau gần 1 ký lận , app dễ tải",Cân Điện Tử METIS Sạc USB Kết Nối Bluetooth Phân Tích Chỉ Số Cơ Thể Trọng Lượng Tối Đa 180kg,1,2026-04-26,Electronic
2,mắc rất ít tóc và đã bị cháy máy ở lần sấy thứ 2 trong khi trước đấy mình dùng rất rất nhiều loại máy_sấy truyền_thống có bị mắc nhiều tóc hơn nhưng gỡ tóc ra máy vẫn không_vấn_đề gì . giờ chuyển sang dùng thử loại này thì bị như_vậy . máy có sấy nóng và lạnh nhưng chỉ có 1 tốc_độ sấy . tiếng sấy thì to nhưng thực_chất chả_sấy khô tóc được mấy .,Máy Sấy Tóc Ion Âm 5in1 METIS Không Cánh Quạt 3 Tốc Độ Công Suất 2200W 2 Chiều Tặng Kèm Đầu Sấy,1,2026-04-25,Electronic
2,độ chính_xác : không_chính_xác,Cân Điện Tử METIS Sạc USB Kết Nối Bluetooth Phân Tích Chỉ Số Cơ Thể Trọng Lượng Tối Đa 180kg,1,2026-04-25,Electronic
2,giữ nhiệt : giữ nhiệt_ổn chất_liệu : mới dùng được 2-3 lần bị gỉ sét thiết_kế : thiết_kế đẹp_mắt nhỏ gọn mọi người cân_nhắc trước khi mua nha inox dởm mới dùng được 2 lần đã bị gỉ sét trong khi mình mua 2 lần 2 bộ thì đều bị gỉ_bộ sản_phẩm như nhau . không_hài_lòng,"Hộp Đựng Cơm Túi Đựng Cơm Trưa Giữ Nhiệt Văn Phòng Cách Nhiệt, Combo 3 Ngăn Đựng Thức Ăn 2 Lớp Bằng Thép Không Gỉ 304",1,2026-04-20,Electronic
2,không_biết cái này để làm_gì luôn,"GÓI BẢO HÀNH ĐIỆN TỬ 1 NĂM cho Cân Tiểu Ly Điện Tử Nhà Bếp 1g-10kg, 0,1g- 5kg METIS Độ Chính Xác Cao",1,2026-04-17,Electronic
2,"mẫu_mã đẹp chưa_sử_dụng nên không_biết có giữ nóng lâu không , có_điều để là inox 304 mà hút cỡ này","Hộp Đựng Cơm Túi Đựng Cơm Trưa Giữ Nhiệt Văn Phòng Cách Nhiệt, Combo 3 Ngăn Đựng Thức Ăn 2 Lớp Bằng Thép Không Gỉ 304",1,2026-04-17,Electronic
2,"trong văn_hóa dân_gian và tâm_linh , nằm_mơ thấy con bướm thường mang nhiều ý_nghĩa tích_cực , biểu_tượng cho sự thay_đổi , đổi_mới hoặc những tín_hiệu về tình_cảm . tùy vào đặc_điểm của con bướm trong giấc mơ mà ý_nghĩa có_thể khác nhau :","GÓI BẢO HÀNH ĐIỆN TỬ 1 NĂM cho Cân Tiểu Ly Điện Tử Nhà Bếp 1g-10kg, 0,1g- 5kg METIS Độ Chính Xác Cao",1,2026-04-09,Electronic
2,chất_lượng không_ổn chút nào không_chính_xác không_nên_mua,"Cân Tiểu Ly Điện Tử Nhà Bếp 1g-10kg, 0,1g- 5kg METIS Độ Chính Xác Cao, Chất Liệu Hợp Kim Thép Bền Bỉ Tặng Kèm 2 pin",1,2026-04-09,Electronic
2,hàng móp méo,"Hộp Đựng Cơm Túi Đựng Cơm Trưa Giữ Nhiệt Văn Phòng Cách Nhiệt, Combo 3 Ngăn Đựng Thức Ăn 2 Lớp Bằng Thép Không Gỉ 304",1,2026-04-07,Electronic
2,sản_phẩm sử_dụng ổn_định và chưa_thấy lỗi ấm mẫu_mã đẹp_mắt cầm_chắc,"Ấm đun siêu tốc, Bình đun nước thủy tinh siêu tốc 2.5L, inox không gỉ dung tích 1.8L METIS tay cầm chống nóng",1,2026-04-04,Electronic
2,"áo , a_quốc_hiệu là cộng hòa áo , b là một quốc_gia nội_lục nằm tại trung_âu . áo_giáp với séc và đức về phía bắc , hungary và slovakia về phía đông , slovenia và ý về phía nam , và thụy_sĩ và liechtenstein về phía tây . lãnh_thổ của áo có diện_tích 83.879 km2 32.386_dặm vuông anh . địa_hình áo có rất nhiều núi , nằm trong dãy anpơ chỉ 32 của quốc_gia nằm dưới 500 m 1.640_ft , và điểm cao nhất là 3.798 m 12.461_ft . áo bao_gồm chín bang bundesländer . thủ_đô và thành_phố lớn nhất của áo là viên . phần_lớn dân_số nói phương_ngữ bayern của tiếng đức làm tiếng bản_địa , 11 và tiếng đức trong dạng tiêu_chuẩn",Cân Điện Tử METIS Sạc USB Kết Nối Bluetooth Phân Tích Chỉ Số Cơ Thể Trọng Lượng Tối Đa 180kg,1,2026-04-03,Electronic
2,"độ bền : chưa_rõ tốc_độ đun : tùy theo dung_tích thiết_kế : gọn tầm giá này thì nhiều lựa_chọn , anh_em nên kiểm_tra hàng quay video . bên trong inox rất mỏng và bị tróc , đóng_gói sơ_xài , thất_vọng","Ấm đun siêu tốc, Bình đun nước thủy tinh siêu tốc 2.5L, inox không gỉ dung tích 1.8L METIS tay cầm chống nóng",1,2026-03-31,Electronic
2,cho 2 sao vì đặt màu hồng giao màu đen,"Ấm đun siêu tốc, Bình đun nước thủy tinh siêu tốc 2.5L, inox không gỉ dung tích 1.8L METIS tay cầm chống nóng",1,2026-03-30,Electronic
2,"độ chính_xác : không_chính_xác lắm cân lúc này lúc kia lắm cân cùng 1 lúc mà 2 chỉ_số khác nhau , cân không_chắc_chắn nữa bước lên chỉ sợ bể , không_như cân cũ của mình mặt kính dày hơn",Cân Điện Tử METIS Sạc USB Kết Nối Bluetooth Phân Tích Chỉ Số Cơ Thể Trọng Lượng Tối Đa 180kg,1,2026-03-24,Electronic
2,chất_liệu : đã bị gỉ sét sau khi dùng được 4 ngày,"Hộp Đựng Cơm Túi Đựng Cơm Trưa Giữ Nhiệt Văn Phòng Cách Nhiệt, Combo 3 Ngăn Đựng Thức Ăn 2 Lớp Bằng Thép Không Gỉ 304",1,2026-03-20,Electronic
2,độ chính_xác : sai nhiều chán_cân này cân_ảo lắm nha không_chính_xác đâu_haizz dùng chán mua về vứt đấy chứ cân gì nữa,Cân Điện Tử METIS Sạc USB Kết Nối Bluetooth Phân Tích Chỉ Số Cơ Thể Trọng Lượng Tối Đa 180kg,1,2026-03-17,Electronic
2,"tui từng ép mình uống giấm táo theo trend . và nói thiệt_chua tới mức muốn bỏ_cuộc luôn khóc nức_nở uống xong là ám_ảnh nguyên ngày . cho tới khi tui đổi qua giấm lựu_ủa alo ?_sao không_ai review rần_rần cái này sớm hơn vậy trời ? đỏ mặt rượu vang_vị chua_ngọt nhẹ , thơm mùi lựu_dễ uống hơn giấm táo cả khúc rượu_vang pha đá uống mát như nước trái_cây rượu vang uống đều thấy bụng nhẹ hơn , đỡ đầy hơi hẳn . rượu vang da nhìn tươi hơn trộm_vía nha nhẹ_nhõm bà nào uống giấm_táo không_nổi , thử qua giấm lựu_đi . ngon hơn . dễ uống hơn . đỡ ám_ảnh hơn nhiều . tán_thành tán_thành",Cân Điện Tử METIS Sạc USB Kết Nối Bluetooth Phân Tích Chỉ Số Cơ Thể Trọng Lượng Tối Đa 180kg,1,2026-03-11,Electronic
2,chất_lượng : vừa dùng được hai lần đã hoen_ố hết rồi,"Hộp Đựng Cơm Túi Đựng Cơm Trưa Giữ Nhiệt Văn Phòng Cách Nhiệt, Combo 3 Ngăn Đựng Thức Ăn 2 Lớp Bằng Thép Không Gỉ 304",1,2026-03-11,Electronic
2,"chất_lượng sản_phẩm : không_dày , mỏng nhẹ không_đúng thương_hiệu , không_biết dùng được bao_lâu đây","Hộp Đựng Cơm Túi Đựng Cơm Trưa Giữ Nhiệt Văn Phòng Cách Nhiệt, Combo 3 Ngăn Đựng Thức Ăn 2 Lớp Bằng Thép Không Gỉ 304",1,2026-03-09,Electronic
2,chưa_thấy,GÓI BẢO HÀNH ĐIỆN TỬ 1 NĂM cho Máy Sấy Tóc Ion Âm 5in1 METIS Không Cánh Quạt 3 Tốc Độ Công Suất 2200W 2 Chiều,1,2026-03-07,Electronic
2,độ chính_xác : cân chập_chờn,Cân Điện Tử METIS Sạc USB Kết Nối Bluetooth Phân Tích Chỉ Số Cơ Thể Trọng Lượng Tối Đa 180kg,1,2026-03-07,Electronic
2,thiếu muỗng đũa,"Hộp Đựng Cơm Túi Đựng Cơm Trưa Giữ Nhiệt Văn Phòng Cách Nhiệt, Combo 3 Ngăn Đựng Thức Ăn 2 Lớp Bằng Thép Không Gỉ 304",1,2026-03-06,Electronic
2,4 hộp nhưng ngang ngang nhau hộp đựng cơm thì phải sâu hơn và cao hơn đựng được nhiều cơm hơn,"Hộp Đựng Cơm Túi Đựng Cơm Trưa Giữ Nhiệt Văn Phòng Cách Nhiệt, Combo 3 Ngăn Đựng Thức Ăn 2 Lớp Bằng Thép Không Gỉ 304",1,2026-03-05,Electronic
2,độ bền : mong_manh dây quá ngắn,"Ấm đun siêu tốc, Bình đun nước thủy tinh siêu tốc 2.5L, inox không gỉ dung tích 1.8L METIS tay cầm chống nóng",1,2026-03-04,Electronic
2,"hộp inox bên trong mỏng , nắn ọp_ẹp . còn chưa_kiểm_định không_biết phải inox 304 không . hộp dưới đựng cơm hơi bé chỉ đựng được hơn bát cơm , logo dập 304 đáy hộp thì mờ . cửa_hàng trung_tâm thương_mại nhưng mình nghĩ đây không_phải_hàng chính hãng","GÓI BẢO HÀNH ĐIỆN TỬ 1 NĂM cho Cân Tiểu Ly Điện Tử Nhà Bếp 1g-10kg, 0,1g- 5kg METIS Độ Chính Xác Cao, Chất Liệu Hợp Kim",1,2026-03-04,Electronic
2,"độ_chính_xác kém , máy hay chập_giật không_ổn_định sai lên sai xuống","Cân Tiểu Ly Điện Tử Nhà Bếp 1g-10kg, 0,1g- 5kg METIS Độ Chính Xác Cao, Chất Liệu Hợp Kim Thép Bền Bỉ Tặng Kèm 2 pin",1,2026-03-03,Electronic
2,tất_cả đều ổn nhưng_mà thiếu thước dây,GÓI BẢO HÀNH ĐIỆN TỬ 1 NĂM cho Cân Điện Tử METIS Sạc USB Kết Nối Bluetooth Phân Tích Chỉ Số Cơ Thể,1,2026-03-01,Electronic
2,tất_cả đều ổn nhưng thiếu thước_dây và đóng_gói không_kỹ_mặt cười,Cân Điện Tử METIS Sạc USB Kết Nối Bluetooth Phân Tích Chỉ Số Cơ Thể Trọng Lượng Tối Đa 180kg,1,2026-03-01,Electronic
2,khử mùi : khử mùi không_hiệu_quả tạo ra nhiệt_mức vừa_phải . nhưng không_có_gió lưu_thông mấy . nên khử mùi hôi không_hiệu_quả,Máy Sấy Giày Khử Mùi Bằng Tia Cực Tím Thông Minh Có Hiển Thị Nhiệt Độ METIS Combo Làm Khô Tất Đa Năng,1,2026-02-26,Electronic
2,"không_hài_lòng vì đã ghi_chú lấy màu xám vẫn giao màu xanh , hỏi thì shop bảo giao ngẫu_nhiên , thế ghi_chú để làm gì","Ghế Công Thái Học METIS Chỉnh Dáng Ngồi Đúng Dùng Cho Nam Nữ, Trẻ Em, Chống Cong Vẹo Cột Sống",1,2026-02-26,Electronic
2,"đóng_gói kỹ , ấm_đun nước có màu_sắc_đẹp , nhưng bề_ngoài ấm chất_liệu nhựa mỏng , không_tốt , lúc nước sôi_tay cầm không_cách nhiệt_dễ bị bỏng","Ấm đun siêu tốc, Bình đun nước thủy tinh siêu tốc 2.5L, inox không gỉ dung tích 1.8L METIS tay cầm chống nóng",1,2026-02-25,Electronic
2,không_hiểu sao trong mặt gương lại có cọng gì chẳng_biết lấy ra sao,"Cân Tiểu Ly Điện Tử Nhà Bếp 1g-10kg, 0,1g- 5kg METIS Độ Chính Xác Cao, Chất Liệu Hợp Kim Thép Bền Bỉ Tặng Kèm 2 pin",1,2026-02-25,Electronic
2,"cân không_chính_xác , để vật cố_định mà vẫn nhảy_số liên_tục mình thử để 1 viên thuốc trên bao_bì ghi 1 g cân lên tới 2 g mấy ?","Cân Tiểu Ly Điện Tử Nhà Bếp 1g-10kg, 0,1g- 5kg METIS Độ Chính Xác Cao, Chất Liệu Hợp Kim Thép Bền Bỉ Tặng Kèm 2 pin",1,2026-02-24,Electronic
2,chả_nóng_xíu nào,"GÓI BẢO HÀNH ĐIỆN TỬ 1 NĂM cho Lược Chải Tóc Điện Ion Âm METIS Lược Duỗi Thẳng, Bảo Vệ Tóc",1,2026-02-22,Electronic
2,"mỏng , có_thể sẽ bị gỉ , nhưng không_được_phép sử_dụng wechat die eine den den den die chào_bán ra của anh ta dùng thước đánh die chào","GÓI BẢO HÀNH ĐIỆN TỬ 1 NĂM cho Cân Tiểu Ly Điện Tử Nhà Bếp 1g-10kg, 0,1g- 5kg METIS Độ Chính Xác Cao",1,2026-02-19,Electronic
2,"cân đóng_gói kỹ . nhưng cân không_chuẩn , mỗi lần bước lên là 1 số khác nhau",Cân Điện Tử METIS Sạc USB Kết Nối Bluetooth Phân Tích Chỉ Số Cơ Thể Trọng Lượng Tối Đa 180kg,1,2026-02-17,Electronic
2,chất_liệu : không_biết tốc_độ : kém đánh chậm dã_man . ngoặt ngoẹo lắm . thêm mấy chục mua cái máy xịn sò hơn . mình lười trả hàng nên thôi,"Máy đánh trứng không dây pha chế tiện lợi, que tạo bọt cafe mini cầm tay đa năng",1,2026-02-07,Electronic
2,"nay kiểm_tra lại đánh_giá không_biết gói bảo_hành là gì , tưởng đi cùng đơn hàng là được cười_ra_nước_mắt hi_vọng cân không_lỗi hỏng","GÓI BẢO HÀNH ĐIỆN TỬ 1 NĂM cho Cân Tiểu Ly Điện Tử Nhà Bếp 1g-10kg, 0,1g- 5kg METIS Độ Chính Xác Cao",1,2026-02-02,Electronic
2,chưa_kiểm_tra nên không_rõ như_thế_nào . nhưng nhìn cái hộp không_có_lớp nilon xong lại bị bẩn và móp méo,"Lược Chải Tóc Điện Ion Âm METIS Lược Duỗi Thẳng, Bảo Vệ Tóc Cao Cấp Với 50 Triệu Ion Âm",1,2026-01-30,Electronic
2,túi rách,"GÓI BẢO HÀNH ĐIỆN TỬ 1 NĂM cho Cân Tiểu Ly Điện Tử Nhà Bếp 1g-10kg, 0,1g- 5kg METIS Độ Chính Xác Cao",1,2026-01-26,Electronic
2,túi bị rách,"Hộp Đựng Cơm Túi Đựng Cơm Trưa Giữ Nhiệt Văn Phòng Cách Nhiệt, Combo 3 Ngăn Đựng Thức Ăn 2 Lớp Bằng Thép Không Gỉ 304",1,2026-01-26,Electronic
2,chẳng_có_bảo_hành ở đâu_mỗi máy và 1 tờ giấy chẳng_biết tiếng gì nhún_vai,"GÓI BẢO HÀNH ĐIỆN TỬ 1 NĂM cho Cân Tiểu Ly Điện Tử Nhà Bếp 1g-10kg, 0,1g- 5kg METIS Độ Chính Xác Cao",1,2026-01-26,Electronic
2,tôi mua hộp cơm chứ không_phải_là_túi đựng tôi muốn trả lại hàng hoặc đổi hàng cho tôi,"Hộp Đựng Cơm Túi Đựng Cơm Trưa Giữ Nhiệt Văn Phòng Cách Nhiệt, Combo 3 Ngăn Đựng Thức Ăn 2 Lớp Bằng Thép Không Gỉ 304",1,2026-01-24,Electronic
2,đóng_gói sơ_xài nghẹn_ngào,Máy Sấy Tóc Ion Âm 5in1 METIS Không Cánh Quạt 3 Tốc Độ Công Suất 2200W 2 Chiều Tặng Kèm Đầu Sấy,1,2026-01-14,Electronic
2,"ước_tính 200 g cơm rang tôm rau củ dùng mỡ lợn sẽ khoảng : kim_cương xanh thành_phần calo ước_tính cơm trắng chín 200 g : 260 kcal tôm 30 40 g : 30 40 kcal rau củ cà_rốt , đậu , ngô 30 g : 10 15 kcal mỡ lợn 1 thìa canh 10 g : 90 kcal kim_cương cam tổng_cộng : khoảng 390 410 kcal chỉ sang phải nếu cho nhiều mỡ hơn 2 thìa thì có_thể lên 480 500 kcal . nếu rang ít mỡ , tôm nhiều hơn thì calo vẫn xoay quanh 400 kcal . nếu bạn muốn , mình có_thể tính kỹ theo lượng mỡ bạn hay dùng hoặc so với cơm_rang dầu ăn cho bạn dễ chọn nha .","Cân Tiểu Ly Điện Tử Nhà Bếp 1g-10kg, 0,1g- 5kg METIS Độ Chính Xác Cao, Chất Liệu Hợp Kim Thép Bền Bỉ Tặng Kèm 2 pin",1,2026-01-12,Electronic
2,không_có_sạc và dây đo,Cân Điện Tử METIS Sạc USB Kết Nối Bluetooth Phân Tích Chỉ Số Cơ Thể Trọng Lượng Tối Đa 180kg,1,2026-01-11,Electronic
2,"cân bị móp , méo và tróc sơn ngay phần góc của cân , khá thất_vọng",Cân Điện Tử METIS Sạc USB Kết Nối Bluetooth Phân Tích Chỉ Số Cơ Thể Trọng Lượng Tối Đa 180kg,1,2026-01-08,Electronic
2,"độ chính_xác : không_nha kết_nối bluetooth : được thiết_kế : đẹp mà dễ bể sạc đầy , cân 3 lần ra 3 số ký khác nhau : vãi luôn . đang giảm cân mua cân này về cân ảo_lòi : lạy",Cân Điện Tử METIS Sạc USB Kết Nối Bluetooth Phân Tích Chỉ Số Cơ Thể Trọng Lượng Tối Đa 180kg,1,2026-01-06,Electronic
2,sản_phẩm mở ra đẹp shop đóng hàng cẩn_thận chưa_dùng nên không_biết tốt không,"Lược Chải Tóc Điện Ion Âm METIS Lược Duỗi Thẳng, Bảo Vệ Tóc Cao Cấp Với 50 Triệu Ion Âm",1,2026-01-01,Electronic
2,vừa dán vào tưởng quay lưng nghe cái bịch nhìn lại thấy em nó nằm dưới đất vứt luôn !,Miếng Dán Tường Treo và Cố Định Ổ Cắm Điện Đa Năng,1,2025-12-31,Electronic
2,cân không_chính_xác,"Cân Tiểu Ly Điện Tử Nhà Bếp 1g-10kg, 0,1g- 5kg METIS Độ Chính Xác Cao, Chất Liệu Hợp Kim Thép Bền Bỉ Tặng Kèm 2 pin",1,2025-12-30,Electronic
2,"bề_mặt cân bị trầy rất nhiều , có chỗ xước bong cả lớp vỏ . nhựa gia_công chưa_hoàn_thiện .","Cân Tiểu Ly Điện Tử Nhà Bếp 1g-10kg, 0,1g- 5kg METIS Độ Chính Xác Cao, Chất Liệu Hợp Kim Thép Bền Bỉ Tặng Kèm 2 pin",1,2025-12-24,Electronic
2,"hàng xài được 1 lần rồi hư , quá chán .","Cân Tiểu Ly Điện Tử Nhà Bếp 1g-10kg, 0,1g- 5kg METIS Độ Chính Xác Cao, Chất Liệu Hợp Kim Thép Bền Bỉ Tặng Kèm 2 pin",1,2025-12-19,Electronic
2,cân không_chuẩn . mỗi lần cân lệch cả 1 kg . lúc số nọ lúc số kia,Cân Điện Tử METIS Sạc USB Kết Nối Bluetooth Phân Tích Chỉ Số Cơ Thể Trọng Lượng Tối Đa 180kg,1,2025-12-17,Electronic
2,thấy cân không_chính_xác gói cà_phê 18 g mà cân được 20 g thì thấy không_chuẩn,"GÓI BẢO HÀNH ĐIỆN TỬ 1 NĂM cho Cân Tiểu Ly Điện Tử Nhà Bếp 1g-10kg, 0,1g- 5kg METIS Độ Chính Xác Cao",1,2025-12-17,Electronic
2,"sản_phẩm giao nhanh , đúng số_lượng , hình_ảnh chỉ mang tính_chất minh_họa . khử mùi ổn , không_lưu_thơm , dùng được 1 tuần thì hỏng mất rồi",Máy Sấy Giày Khử Mùi Bằng Tia Cực Tím Thông Minh Có Hiển Thị Nhiệt Độ METIS Combo Làm Khô Tất Đa Năng,1,2025-12-14,Electronic
2,máy sấy dùng 1 lúc bị chảy nhựa rồi shop có chính_sách đổi lại không ?,Máy Sấy Tóc Ion Âm 5in1 METIS Không Cánh Quạt 3 Tốc Độ Công Suất 2200W 2 Chiều Tặng Kèm Đầu Sấy,1,2025-12-02,Electronic
2,"có làm cong được tóc , nhưng hết pin quá nhanh , tóc tôi ít , dài hơn vai 4 cm mà chưa_kịp chải đã hết pin rồi","Lược Chải Tóc Điện Ion Âm METIS Lược Duỗi Thẳng, Bảo Vệ Tóc Cao Cấp Với 50 Triệu Ion Âm",1,2025-12-02,Electronic
2,bình_thường,"Cân Tiểu Ly Điện Tử Nhà Bếp 1g-10kg, 0,1g- 5kg METIS Độ Chính Xác Cao, Chất Liệu Hợp Kim Thép Bền Bỉ Tặng Kèm 2 pin",1,2025-12-02,Electronic
2,nfnf,GÓI BẢO HÀNH ĐIỆN TỬ 1 NĂM cho Máy Sấy Tóc Ion Âm 5in1 METIS Không Cánh Quạt 3 Tốc Độ Công Suất 2200W 2 Chiều,1,2025-11-29,Electronic
2,không_có_giấy bảo_hành hay gì hết trơn_á .,GÓI BẢO HÀNH ĐIỆN TỬ 1 NĂM cho Cân Điện Tử METIS Sạc USB Kết Nối Bluetooth Phân Tích Chỉ Số Cơ Thể,1,2025-11-27,Electronic
2,"công_dụng : cân không_cân giao nhanh , nhảy_loạn hết cả lên , cân không_đúng , không_đúng với chất_lượng .",Cân Điện Tử METIS Sạc USB Kết Nối Bluetooth Phân Tích Chỉ Số Cơ Thể Trọng Lượng Tối Đa 180kg,1,2025-11-27,Electronic
2,mỗi lần đứng lên là ra 1 số khác nhau . số không_phản_ánh chính_xác,Cân Điện Tử METIS Sạc USB Kết Nối Bluetooth Phân Tích Chỉ Số Cơ Thể Trọng Lượng Tối Đa 180kg,1,2025-11-26,Electronic
2,đúng với mô_tả : hbsjs chất_lượng sản_phẩm : shs shj,"GÓI BẢO HÀNH ĐIỆN TỬ 1 NĂM cho Cân Tiểu Ly Điện Tử Nhà Bếp 1g-10kg, 0,1g- 5kg METIS Độ Chính Xác Cao",1,2025-11-25,Electronic
2,"thật_sự thất_vọng , mặt cân thì xước nhìn cũ cũ","Cân Tiểu Ly Điện Tử Nhà Bếp 1g-10kg, 0,1g- 5kg METIS Độ Chính Xác Cao, Chất Liệu Hợp Kim Thép Bền Bỉ Tặng Kèm 2 pin",1,2025-11-21,Electronic
2,không_hài_lòng,"Cân Tiểu Ly Điện Tử Nhà Bếp 1g-10kg, 0,1g- 5kg METIS Độ Chính Xác Cao, Chất Liệu Hợp Kim Thép Bền Bỉ Tặng Kèm 2 pin",1,2025-11-21,Electronic
2,"không_nên_mua mấy bà ơi , nó không_làm được như trong clip đâu , nhanh hết pin nữa , mới xài 5 phút hết pin rồi . tức á !","Lược Chải Tóc Điện Ion Âm METIS Lược Duỗi Thẳng, Bảo Vệ Tóc Cao Cấp Với 50 Triệu Ion Âm",1,2025-11-20,Electronic
2,hàng như hàng_mã . sấy cả 1 giờ mà vẫn y_nguyên,Máy Sấy Giày Khử Mùi Bằng Tia Cực Tím Thông Minh Có Hiển Thị Nhiệt Độ METIS Combo Làm Khô Tất Đa Năng,1,2025-11-19,Electronic
2,cân chán lắm lệch tận 7 8 cân không_nên_mua nha mọi người chán lắm luôn ấy,Cân Điện Tử METIS Sạc USB Kết Nối Bluetooth Phân Tích Chỉ Số Cơ Thể Trọng Lượng Tối Đa 180kg,1,2025-11-17,Electronic
2,tiếng ồn : tạm ổn sấy_tóc mà tóc bị dính vô trong máy . rất khó_chịu,Máy Sấy Tóc Ion Âm 5in1 METIS Không Cánh Quạt 3 Tốc Độ Công Suất 2200W 2 Chiều Tặng Kèm Đầu Sấy,1,2025-11-17,Electronic
2,"đơn cân từ 1 g đến 10 kg , nhưng giao hàng chỉ 3 kg là tối_đa . nhắn_tin tới shop cũng không_trả_lời ?","Cân Tiểu Ly Điện Tử Nhà Bếp 1g-10kg, 0,1g- 5kg METIS Độ Chính Xác Cao, Chất Liệu Hợp Kim Thép Bền Bỉ Tặng Kèm 2 pin",1,2025-11-06,Electronic
2,"đúng với mô_tả : không_chất_lượng sản_phẩm : kém cân có hoạt_động nhưng hàng nhận về như hàng cũ trầy_xước hết cả , nhựa quanh cân thì sứt_mẻ . mua hàng mà cứ đổi trả qua_lại thấy rất mất thời_gian và mệt người .","GÓI DỊCH VỤ BẢO HÀNH ĐIỆN TỬ 1 NĂM cho Cân Tiểu Ly Điện Tử Nhà Bếp 1g-10kg, 0,1g- 5kg METIS Độ Chính Xác Cao",1,2025-11-06,Electronic
2,không_biết bảo_hành để làm_gì luôn vì cân không_khác_gì hỏng ngay từ lúc mới mua,GÓI DỊCH VỤ BẢO HÀNH ĐIỆN TỬ 1 NĂM cho Cân Điện Tử METIS Sạc USB Kết Nối Bluetooth Phân Tích Chỉ Số Cơ Thể,1,2025-11-03,Electronic
2,sản_phẩm bộ sản_phẩm 50 chiếc cán nhựa làm lồng đèn trung_thu đúng như mô_tả,"Cân Tiểu Ly Điện Tử Nhà Bếp 1g-10kg, 0,1g- 5kg METIS Độ Chính Xác Cao, Chất Liệu Hợp Kim Thép Bền Bỉ Tặng Kèm 2 pin",1,2025-10-30,Electronic
2,đồ em bé 6 áo vừa tủ . 2 tiếng khô phần trên gần máy . phía dưới áo còn vẫn ướt phải đem phơi nắng lại . bạn nào có nhu_cầu sấy 3 4 cái chắc được,"Máy Sấy Quần Áo Gấp Gọn Treo Tường Sang Trọng Nhỏ Gọn METIS, Combo Làm Khô Đồ Với Công Nghệ Sấy 3D Tiết Kiệm Điện",1,2025-10-26,Electronic
2,"máy_sấy thì ổn , mỗi tội giá đỡ dán được 2 ngày là bung hết ra",Máy Sấy Tóc Ion Âm 5in1 METIS Không Cánh Quạt 3 Tốc Độ Công Suất 2200W 2 Chiều Tặng Kèm Đầu Sấy,1,2025-10-21,Electronic
2,không_đã khó_chịu,"Bộ Tua Vít Đa Năng METIS, Mini Gồm 24 Đầu Nhỏ Sửa Điện Thoại, Mở Laptop, Mắt Kính, Đồng Hồ",1,2025-10-18,Electronic
2,nhìn không_tốt lắm tạm 2 sao vừa,"Hộp Đựng Cơm Túi Đựng Cơm Trưa Giữ Nhiệt Văn Phòng Cách Nhiệt, Combo 3 Ngăn Đựng Thức Ăn 2 Lớp Bằng Thép Không Gỉ 304",1,2025-10-13,Electronic
2,"cân sai_lệch 1 kg . windy.com là một công_cụ tuyệt_vời để trực_quan hóa dự_báo thời_tiết . nó nhanh , trực_quan , chi_tiết và là ứng_dụng thời_tiết chính_xác nhất được các chuyên_gia tin dùng .",Cân Điện Tử METIS Sạc USB Kết Nối Bluetooth Phân Tích Chỉ Số Cơ Thể Trọng Lượng Tối Đa 180kg,1,2025-10-10,Electronic
2,"đóng_gói sơ_sài , túi bị bẩn , mùi nhựa , thời_gian giao hàng nhanh","Hộp Đựng Cơm Túi Đựng Cơm Trưa Giữ Nhiệt Văn Phòng Cách Nhiệt, Combo 3 Ngăn Đựng Thức Ăn 2 Lớp Bằng Thép Không Gỉ 304",1,2025-10-03,Electronic
2,"rõ_ràng mua loại bảo_hành 24 tháng mà đây ghi bảo_hành có 12 tháng , cũng không_có_tem_phiếu bảo_hành gì cả",Cân Điện Tử METIS Sạc USB Kết Nối Bluetooth Phân Tích Chỉ Số Cơ Thể Trọng Lượng Tối Đa 180kg,1,2025-10-03,Electronic
2,bị hư số cân,Cân Điện Tử METIS Sạc USB Kết Nối Bluetooth Phân Tích Chỉ Số Cơ Thể Trọng Lượng Tối Đa 180kg,1,2025-10-02,Electronic
2,chất_lượng sản_phẩm : cân lúc được lúc không,"Cân Tiểu Ly Điện Tử Nhà Bếp 1g-10kg, 0,1g- 5kg METIS Độ Chính Xác Cao, Chất Liệu Hợp Kim Thép Bền Bỉ Tặng Kèm 2 pin",1,2025-09-30,Electronic
2,"thìa và đũa thì bẩn và xỉn vàng rồi ạ ,","Hộp Đựng Cơm Túi Đựng Cơm Trưa Giữ Nhiệt Văn Phòng Cách Nhiệt, Combo 3 Ngăn Đựng Thức Ăn 2 Lớp Bằng Thép Không Gỉ 304",1,2025-09-27,Electronic
2,"chất_lượng sản_phẩm : nhựa nhìn như đồ_chơi em bé vậy , sản_phẩm bằng nhựa kém chất_lượng","Cân Tiểu Ly Điện Tử Nhà Bếp 1g-10kg, 0,1g- 5kg METIS Độ Chính Xác Cao, Chất Liệu Hợp Kim Thép Bền Bỉ Tặng Kèm 2 pin",1,2025-09-26,Electronic
2,gửi hàng lâu,"Quạt cầm tay mini tích điện METIS gió mạnh 16000 vòng/phút có dây đeo 4000mAh, màn hình LED hiển thị, type-C",1,2025-09-18,Electronic
2,đắt hơn shop khác mà chất_lượng tương_đương,Máy Sấy Giày Khử Mùi Bằng Tia Cực Tím Thông Minh Có Hiển Thị Nhiệt Độ METIS Combo Làm Khô Tất Đa Năng,1,2025-09-17,Electronic
2,"chất_lượng sản_phẩm : chán đúng với mô_tả : hơi sản_phẩm giao nhanh nhưng chất_lượng chưa_được . nhựa mỏng , inox mỏng , giữ nhiệt_kém .","Hộp Đựng Cơm Túi Đựng Cơm Trưa Giữ Nhiệt Văn Phòng Cách Nhiệt, Combo 3 Ngăn Đựng Thức Ăn 2 Lớp Bằng Thép Không Gỉ 304",1,2025-09-16,Electronic
2,cân sai đến vài cân,Cân Điện Tử METIS Sạc USB Kết Nối Bluetooth Phân Tích Chỉ Số Cơ Thể Trọng Lượng Tối Đa 180kg,1,2025-09-14,Electronic
2,haizz . không_như mong_đợi,"Lược Chải Tóc Điện Ion Âm METIS Lược Duỗi Thẳng, Bảo Vệ Tóc Cao Cấp Với 50 Triệu Ion Âm",1,2025-09-13,Electronic
2,không_có_tặng kèm_lược với kẹp,"Lược Chải Tóc Điện Ion Âm METIS Lược Duỗi Thẳng, Bảo Vệ Tóc Cao Cấp Với 50 Triệu Ion Âm",1,2025-09-13,Electronic
2,cân ọp_ẹp đứng lên cảm_giác không_chắc nhảy_số chậm shop trả_lời không_nhiệt_tình và chậm giá rẻ nên bỏ vậy,Cân Điện Tử METIS Sạc USB Kết Nối Bluetooth Phân Tích Chỉ Số Cơ Thể Trọng Lượng Tối Đa 180kg,1,2025-09-12,Electronic
2,"dùng được 1 lần , lần sau đựng cơm_canh thấy toàn mùi sắt . quá ghê_vứt luôn","Hộp Đựng Cơm Túi Đựng Cơm Trưa Giữ Nhiệt Văn Phòng Cách Nhiệt, Combo 3 Ngăn Đựng Thức Ăn 2 Lớp Bằng Thép Không Gỉ 304",1,2025-09-11,Electronic
2,"đúng với mô_tả : không_đúng mô_tả trên hình_ảnh và mô_tả sản_phẩm nói có 3 lớp : nhựa , cách nhiệt , inox 304 . nhưng khi nhận sản_phẩm thì chỉ có 2 lớp nhựa mỏng và lớp inox mà 2 cái còn dễ_dàng bị tách rời thì giữ nhiệt làm_sao được","Hộp Đựng Cơm Túi Đựng Cơm Trưa Giữ Nhiệt Văn Phòng Cách Nhiệt, Combo 3 Ngăn Đựng Thức Ăn 2 Lớp Bằng Thép Không Gỉ 304",1,2025-09-07,Electronic
2,"đúng với mô_tả : mẫu_mã bên ngoài đúng với phần giới_thiệu sản_phẩm chất_lượng sản_phẩm : quá tệ , mới rửa 1 lần đã gỉ hết cả 3 hộp , quá uổng tiền .","Hộp Đựng Cơm Túi Đựng Cơm Trưa Giữ Nhiệt Văn Phòng Cách Nhiệt, Combo 3 Ngăn Đựng Thức Ăn 2 Lớp Bằng Thép Không Gỉ 304",1,2025-09-04,Electronic
2,"giao hàng quá chậm luôn , cứ nghĩ đặt trên sàn trung_tâm thương_mại được ai cũng giới_thiệu mà lần đầu đã như này quá thất_vọng hơi mỉm cười",GÓI DỊCH VỤ BẢO HÀNH ĐIỆN TỬ 1 NĂM cho Cân Điện Tử METIS Sạc USB Kết Nối Bluetooth Phân Tích Chỉ Số Cơ Thể,1,2025-08-29,Electronic
2,"giao hàng cực_kỳ chậm luôn , cứ nghĩ đặt trên sàn trung_tâm thương_mại được mà quá thất_vọng hơi mỉm cười",Cân Điện Tử METIS Sạc USB Kết Nối Bluetooth Phân Tích Chỉ Số Cơ Thể Trọng Lượng Tối Đa 180kg,1,2025-08-29,Electronic
2,dùng 1 tuần thì thấy dấu_hiệu bong cái inox bên trong các bác ạ mặc_dù em đựng đồ_ăn lúc nó nguội và chỉ bỏ vào lò_vi sóng quay 2 nhưng_mà nó bắt_đầu bong rồi,"Hộp Đựng Cơm Túi Đựng Cơm Trưa Giữ Nhiệt Văn Phòng Cách Nhiệt, Combo 3 Ngăn Đựng Thức Ăn 2 Lớp Bằng Thép Không Gỉ 304",1,2025-08-29,Electronic
2,"công_dụng : hơi khó dùng đối_tượng sử_dụng : trẻ_em sản_phẩm hơi khó dùng và bất_tiện , chất_lượng không_được_tốt",Cân Điện Tử METIS Sạc USB Kết Nối Bluetooth Phân Tích Chỉ Số Cơ Thể Trọng Lượng Tối Đa 180kg,1,2025-08-27,Electronic
2,tạm rẻ nên không_đòi_hỏi gì,"Bộ Tua Vít Đa Năng METIS, Mini Gồm 24 Đầu Nhỏ Sửa Điện Thoại, Mở Laptop, Mắt Kính, Đồng Hồ",1,2025-08-26,Electronic
2,"rất nhanh hết pin nhé mọi người sử_dụng được 2 lần hết pin , chải nó cũng không_thẳng được tóc đâu_nhé mọi người muốn thẳng mua máy là tóc , mua máy này phí tiền","Lược Chải Tóc Điện Ion Âm METIS Lược Duỗi Thẳng, Bảo Vệ Tóc Cao Cấp Với 50 Triệu Ion Âm",1,2025-08-26,Electronic
2,"đã nhận được hàng đóng_gói kỹ hình_thức khá đẹp cách sử_dụng đơn_giản , nhiều chế_độ độ_chính_xác mỗi lần cân : không_chính_xác . mỗi lần cân lại tăng hoặc giảm đi vài lạng . cân như không_cân vậy . lại còn thêm cục tức tốn tiền chẳng_lẽ lại hoàn",Cân Điện Tử METIS Sạc USB Kết Nối Bluetooth Phân Tích Chỉ Số Cơ Thể Trọng Lượng Tối Đa 180kg,1,2025-08-24,Electronic
2,cân không_đúng trọng_lượng . chênh_lệch mỗi ngày rất nhiều,Cân Điện Tử METIS Sạc USB Kết Nối Bluetooth Phân Tích Chỉ Số Cơ Thể Trọng Lượng Tối Đa 180kg,1,2025-08-17,Electronic
2,như đồ_chơi trẻ_em,Máy Sấy Giày Khử Mùi Bằng Tia Cực Tím Thông Minh Có Hiển Thị Nhiệt Độ METIS Combo Làm Khô Tất Đa Năng,1,2025-08-17,Electronic
2,"mới nhận hàng hôm_qua rửa sạch úp khô rồi , nay chỉ luộc trứng bỏ vô mà nó đen_thui cái trứng như này luôn quá tệ","Hộp Đựng Cơm Túi Đựng Cơm Trưa Giữ Nhiệt Văn Phòng Cách Nhiệt, Combo 3 Ngăn Đựng Thức Ăn 2 Lớp Bằng Thép Không Gỉ 304",1,2025-08-15,Electronic
2,"cửa_hàng đóng_gói cẩn_thận , nhưng sản_phẩm không_ổn lắm , cân lúc lên lúc xuống không_đúng hình_ảnh mô_tả ổn",Cân Điện Tử METIS Sạc USB Kết Nối Bluetooth Phân Tích Chỉ Số Cơ Thể Trọng Lượng Tối Đa 180kg,1,2025-08-14,Electronic
2,dây_điện quá ngắn .,"Máy Sấy Tóc Gấp Gọn Mini, Máy Sấy Tóc Tạo Kiểu Công Suất 2200W Chuẩn Salon Sấy Khô Siêu Nhanh",1,2025-08-14,Electronic
2,hộp thể_tích tương_đối cho con gái ăn_không . nhưng nắp cứ bị dính chặt vào phần nhôm mỗi lần mở lấy đồ_ăn phải dùng_lực bức ra . không_giữ ấm đồ_ăn được . vệ_sinh cực_kì khó mấy chỗ ngóc_ngách là nhớt hoài luôn kì không_ra . giờ cho chọn lại thì sẽ mua hộp thủy_tinh luôn,"Hộp Đựng Cơm Túi Đựng Cơm Trưa Giữ Nhiệt Văn Phòng Cách Nhiệt, Combo 3 Ngăn Đựng Thức Ăn 2 Lớp Bằng Thép Không Gỉ 304",1,2025-08-12,Electronic
2,"giữ nhiệt_kém , mới 3 tiếng mà nguội_ngắt rồi , biết thế bỏ tiền thêm mua loại đắt hơn , hộp cứ ọp_ẹp , nhìn chả_muốn_ăn luôn , không_bao_giờ mua đồ của hãng nữa","Hộp Đựng Cơm Túi Đựng Cơm Trưa Giữ Nhiệt Văn Phòng Cách Nhiệt, Combo 3 Ngăn Đựng Thức Ăn 2 Lớp Bằng Thép Không Gỉ 304",1,2025-08-07,Electronic
2,3 lần leo lên cân thì 3 lần số cân hiện khác nhau rơi nước_mắt thất_vọng thì thôi nhé,Cân Điện Tử METIS Sạc USB Kết Nối Bluetooth Phân Tích Chỉ Số Cơ Thể Trọng Lượng Tối Đa 180kg,1,2025-08-05,Electronic
2,đúng với mô_tả : mới mua về dùng được có mấy ngày thôi mà đã bị rỉ sét hết . bị rỉ sét hết,"Hộp Đựng Cơm Túi Đựng Cơm Trưa Giữ Nhiệt Văn Phòng Cách Nhiệt, Combo 3 Ngăn Đựng Thức Ăn 2 Lớp Bằng Thép Không Gỉ 304",1,2025-08-02,Electronic
2,"máy sạc pin lâu , lâu_nóng , không_làm thẳng tóc","Lược Chải Tóc Điện Ion Âm METIS Lược Duỗi Thẳng, Bảo Vệ Tóc Cao Cấp Với 50 Triệu Ion Âm",1,2025-08-02,Electronic
2,đặt màu đen giao màu trắng quá thất_vọng,Cân Điện Tử METIS Sạc USB Kết Nối Bluetooth Phân Tích Chỉ Số Cơ Thể Trọng Lượng Tối Đa 180kg,1,2025-08-01,Electronic
2,máy bị đơ nút mức gió không_tăng mức gió được mức gió chỉ có 1 thấp nhất,Máy Sấy Tóc Ion Âm 5in1 METIS Không Cánh Quạt 3 Tốc Độ Công Suất 2200W 2 Chiều Tặng Kèm Đầu Sấy,1,2025-07-31,Electronic
2,cân không_đúng,Cân Điện Tử METIS Sạc USB Kết Nối Bluetooth Phân Tích Chỉ Số Cơ Thể Trọng Lượng Tối Đa 180kg,1,2025-07-29,Electronic
2,mỗi lần cân 1 số khác nhau,Cân Điện Tử METIS Sạc USB Kết Nối Bluetooth Phân Tích Chỉ Số Cơ Thể Trọng Lượng Tối Đa 180kg,1,2025-07-29,Electronic
2,mới dùng chưa_đầy một tháng mà đã hỏng cân toàn nhảy số linh_tinh,Cân Điện Tử METIS Sạc USB Kết Nối Bluetooth Phân Tích Chỉ Số Cơ Thể Trọng Lượng Tối Đa 180kg,1,2025-07-28,Electronic
2,"mua cũng khá lâu nhưng ít xài , mà xài tới lần thứ 3 thì bắt_đầu có mùi sắt nên bỏ_qua luôn không_sử_dụng nữa . quá thất_vọng","Hộp Đựng Cơm Túi Đựng Cơm Trưa Giữ Nhiệt Văn Phòng Cách Nhiệt, Combo 3 Ngăn Đựng Thức Ăn 2 Lớp Bằng Thép Không Gỉ 304",1,2025-07-28,Electronic
2,cân nhảy_số tùm lum,Cân Điện Tử METIS Sạc USB Kết Nối Bluetooth Phân Tích Chỉ Số Cơ Thể Trọng Lượng Tối Đa 180kg,1,2025-07-27,Electronic
2,"cân sai , mỗi lần cân là mỗi số khác nhau",Cân Điện Tử METIS Sạc USB Kết Nối Bluetooth Phân Tích Chỉ Số Cơ Thể Trọng Lượng Tối Đa 180kg,1,2025-07-27,Electronic
2,hàng bị lỗi . không_có_chốt giữ hàng móc . hộp thì móp_méo . hơi tệ,"Máy Sấy Quần Áo Gấp Gọn Treo Tường Sang Trọng Nhỏ Gọn METIS, Combo Làm Khô Đồ Với Công Nghệ Sấy 3D Tiết Kiệm Điện",1,2025-07-26,Electronic
2,"trời ơi tui mua mà dùng được 2 3 ngày cái nổ luôn á_trời phải mua lại cái 1,6 triệu tưởng rẻ dùng được mà ai_ngờ :",Cân Điện Tử METIS Sạc USB Kết Nối Bluetooth Phân Tích Chỉ Số Cơ Thể Trọng Lượng Tối Đa 180kg,1,2025-07-26,Electronic
2,cân không_chuẩn không_nên_mua đó ạ nói_chung,Cân Điện Tử METIS Sạc USB Kết Nối Bluetooth Phân Tích Chỉ Số Cơ Thể Trọng Lượng Tối Đa 180kg,1,2025-07-25,Electronic
2,đôi pin kèm_mềm như bún,"Cân Tiểu Ly Điện Tử Nhà Bếp 1g-10kg, 0,1g- 5kg METIS Độ Chính Xác Cao, Chất Liệu Hợp Kim Thép Bền Bỉ Tặng Kèm 2 pin",1,2025-07-23,Electronic
2,"cân đểu_nha mấy ní , cân không_chính_xác , bị lệch 300 500 gr , mình dùng cân khác cân lại thấy nặng hơn . mấy chỉ_số tầm_xàm này chắc coi cho vui nhưng app quảng_cáo nhiều lắm",Cân Điện Tử METIS Sạc USB Kết Nối Bluetooth Phân Tích Chỉ Số Cơ Thể Trọng Lượng Tối Đa 180kg,1,2025-07-23,Electronic
2,"cân không_đúng số , sai tè_le , mà thôi mắc công_đổi , lần đầu lên số khác lần 2 số khác , n lần lên vẫn số khác",Cân Điện Tử METIS Sạc USB Kết Nối Bluetooth Phân Tích Chỉ Số Cơ Thể Trọng Lượng Tối Đa 180kg,1,2025-07-20,Electronic
2,mô_tả thì để có lớp bọt cách nhiệt ở giữa mà mở ra không_thấy gì,"Hộp Đựng Cơm Túi Đựng Cơm Trưa Giữ Nhiệt Văn Phòng Cách Nhiệt, Combo 3 Ngăn Đựng Thức Ăn 2 Lớp Bằng Thép Không Gỉ 304",3,2025-07-17,Electronic
2,đóng_gói sơ_sài . từ hà_nội gửi vào tphcm mà chỉ quấn 1 lớp bọc chống sốc . không_hộp gì hết . túi đựng thì rách .,"Hộp Đựng Cơm Túi Đựng Cơm Trưa Giữ Nhiệt Văn Phòng Cách Nhiệt, Combo 3 Ngăn Đựng Thức Ăn 2 Lớp Bằng Thép Không Gỉ 304",1,2025-07-17,Electronic
2,lệch cân,Cân Điện Tử METIS Sạc USB Kết Nối Bluetooth Phân Tích Chỉ Số Cơ Thể Trọng Lượng Tối Đa 180kg,1,2025-07-15,Electronic
2,bị bể góc,Cân Điện Tử METIS Sạc USB Kết Nối Bluetooth Phân Tích Chỉ Số Cơ Thể Trọng Lượng Tối Đa 180kg,1,2025-07-12,Electronic
2,"chất_lượng sản_phẩm : phế tính_năng nổi_bật : xay nước đúng với mô_tả : hình_thức thì giống ảnh lưỡi_dao phân_bố không_hợp_lý , chả_xay được gì",Máy xay tỏi ớt mini cầm tay METIS máy say tỏi 250ml sử dụng cổng sạc usb đa năng tiện lợi,1,2025-07-09,Electronic
2,đối_tượng sử_dụng : được công_dụng : xem cân thấy không_chuẩn lắm .,Cân Điện Tử METIS Sạc USB Kết Nối Bluetooth Phân Tích Chỉ Số Cơ Thể Trọng Lượng Tối Đa 180kg,1,2025-07-09,Electronic
2,cân không_chính_xác nhảy lung_tung,Cân Điện Tử METIS Sạc USB Kết Nối Bluetooth Phân Tích Chỉ Số Cơ Thể Trọng Lượng Tối Đa 180kg,1,2025-07-03,Electronic
2,giao hàng quá lâu,Cân Điện Tử METIS Sạc USB Kết Nối Bluetooth Phân Tích Chỉ Số Cơ Thể Trọng Lượng Tối Đa 180kg,1,2025-06-29,Electronic
2,"hộp lỏng_lẻo , không_giữ nhiệt","Hộp Đựng Cơm Túi Đựng Cơm Trưa Giữ Nhiệt Văn Phòng Cách Nhiệt, Combo 3 Ngăn Đựng Thức Ăn 2 Lớp Bằng Thép Không Gỉ 304",1,2025-06-23,Electronic
2,chất_lượng sản_phẩm : làm khô quần_áo rất kém,"Máy Sấy Quần Áo Gấp Gọn Treo Tường Sang Trọng Nhỏ Gọn METIS, Combo Làm Khô Đồ Với Công Nghệ Sấy 3D Tiết Kiệm Điện",1,2025-06-23,Electronic
2,"nhìn hơi mỏng , giữ nhiệt_kém nhé","Hộp Đựng Cơm Túi Đựng Cơm Trưa Giữ Nhiệt Văn Phòng Cách Nhiệt, Combo 3 Ngăn Đựng Thức Ăn 2 Lớp Bằng Thép Không Gỉ 304",1,2025-06-17,Electronic
2,"cân dùng được , nhìn khá là chắc_chắn , sẽ tiếp_tục ủng_hộ",Cân Điện Tử METIS Sạc USB Kết Nối Bluetooth Phân Tích Chỉ Số Cơ Thể Trọng Lượng Tối Đa 180kg,1,2025-06-14,Electronic
2,"đối_tượng sử_dụng : con_người cân_đo không_chuẩn , đứng lên lúc số đo này lúc số đo kia mặc_dù cân đang đầy pin , mới hôm_qua cân 57 mà nay lên hơn 1 kg mặc_dù ăn_uống vẫn bình_thường , cân đểu",Cân Điện Tử METIS Sạc USB Kết Nối Bluetooth Phân Tích Chỉ Số Cơ Thể Trọng Lượng Tối Đa 180kg,1,2025-06-08,Electronic
2,"hộp cũ như tái sử_dụng , nên không_biết cân này phải cân mới hay không . không_có_niêm_phong gì cả .","Cân Tiểu Ly Điện Tử Nhà Bếp 1g-10kg, 0,1g- 5kg METIS Độ Chính Xác Cao, Chất Liệu Hợp Kim Thép Bền Bỉ Tặng Kèm 2 pin",1,2025-06-08,Electronic
2,hàng bị vỡ,"Ấm Siêu Tốc 2,5L, Ấm Đun Nước METIS Công Suất Cao 1500W Tự Ngắt Điện Khi Sôi, 2 Lớp Cách Nhiệt Chống Bỏng",1,2025-06-07,Electronic
2,sản_phẩm đun nước thời_gian dài vẫn có mùi inox khi uống . ảnh_hưởng đến sức khỏe,"Bàn chải vệ sinh khe hở góc hẹp đa năng, chổi cọ vệ sinh khe nhà tắm,cửa nhà bếp nhỏ gọn tiện lợi BCK01",1,2025-05-25,Electronic
2,cân hay bị loạn mỗi lần cân là 1 chỉ_số khác nhau,Cân Điện Tử METIS Sạc USB Kết Nối Bluetooth Phân Tích Chỉ Số Cơ Thể Trọng Lượng Tối Đa 180kg,1,2025-05-24,Electronic
2,cân không_chính_xác lệch hơn 1 kg so với nhiều cân khác mua phí tiền,Cân Điện Tử METIS Sạc USB Kết Nối Bluetooth Phân Tích Chỉ Số Cơ Thể Trọng Lượng Tối Đa 180kg,1,2025-05-24,Electronic
2,không_đúng màu,"Ấm Siêu Tốc GUGKOO 2,5L, Ấm Đun Nước METIS Công Suất Cao 1500W Tự Ngắt Điện Khi Sôi, 2 Lớp Cách Nhiệt Chống Bỏng",1,2025-05-23,Electronic
2,"mua và đã dùng thử một thời_gian rồi mới quay lại đây review . cân không_ổn_định và không_cân đúng lắm . kết_nối với điện_thoại khá được . nói_chung là rẻ nhưng mua thì không_dùng được lâu , có_vẻ chỉ làm tăng phế_liệu thôi",Cân Điện Tử METIS Sạc USB Kết Nối Bluetooth Phân Tích Chỉ Số Cơ Thể Trọng Lượng Tối Đa 180kg,1,2025-05-21,Electronic
2,miếng nhôm mặt cân_dán bị lệch như ảnh cửa_hàng_không kiểm_tra trước khi gửi,"Cân Tiểu Ly Điện Tử Nhà Bếp 1g-10kg, 0,1g- 5kg METIS Độ Chính Xác Cao, Chất Liệu Hợp Kim Thép Bền Bỉ Tặng Kèm 2 pin",1,2025-05-18,Electronic
2,quá nhẹ và dỏm trên đường từ hội_an về đà_nẵng em bị lại mất bạn cún như hình . bé tên kem . trong lúc dừng đèn_đỏ nó nhảy xuống mà em không_biết . mong mọi người thấy kem ở đâu_nhờ nhắn em tới chuộc bé về với ạ . điện_thoại bàn 0,"Ấm Siêu Tốc 2,5L, Ấm Đun Nước METIS Công Suất Cao 1500W Tự Ngắt Điện Khi Sôi, 2 Lớp Cách Nhiệt Chống Bỏng",1,2025-05-17,Electronic
2,"mua màu xanh mà đi giao màu đỏ , không_hợp phong_thủy xài mấy bữa hư","Ấm Siêu Tốc GUGKOO 2,5L, Ấm Đun Nước METIS Công Suất Cao 1500W Tự Ngắt Điện Khi Sôi, 2 Lớp Cách Nhiệt Chống Bỏng",1,2025-05-16,Electronic
2,cân lỗi,Cân Điện Tử METIS Sạc USB Kết Nối Bluetooth Phân Tích Chỉ Số Cơ Thể Trọng Lượng Tối Đa 180kg,1,2025-05-14,Electronic
2,cân dùng được 3 lần cứ bị nhảy_loạn số,"Cân Tiểu Ly Điện Tử Nhà Bếp 1g-10kg, 0,1g- 5kg METIS Độ Chính Xác Cao, Chất Liệu Hợp Kim Thép Bền Bỉ Tặng Kèm 2 pin",1,2025-05-10,Electronic
2,"cân bị tróc sơn vài chỗ , không_thẩm_mỹ . cân_điện_tử metis sạc usb .",Cân Điện Tử METIS Sạc USB Kết Nối Bluetooth Phân Tích Chỉ Số Cơ Thể Trọng Lượng Tối Đa 180kg,1,2025-05-10,Electronic
2,"vỏ nhựa mỏng nhiều vết xước nhìn rất ọp_ẹp , mùi hôi nhựa . bên trong lõi nhôm cũng mỏng , gắn không_chắc_chắn vào vỏ . nói_chung là rất nghi_ngờ về độ an_toàn , và độ_bền của sản_phẩm . nhìn giống như hàng nhái lắp_ráp từ 1 xưởng không_đảm_bảo .","Ấm Siêu Tốc GUGKOO 2,5L, Ấm Đun Nước METIS Công Suất Cao 1500W Tự Ngắt Điện Khi Sôi, 2 Lớp Cách Nhiệt Chống Bỏng",1,2025-05-07,Electronic
2,"đúng với mô_tả : ấm đun có lớp vỏ mỏng không_chắc_chắn , lúc đun xong nước bị chảy rỉ dưới phần đế chân dù mực nước lấy ít , sẽ gây nguy_hiểm nếu bị rò điện","Ấm Siêu Tốc GUGKOO 2,5L, Ấm Đun Nước METIS Công Suất Cao 1500W Tự Ngắt Điện Khi Sôi, 2 Lớp Cách Nhiệt Chống Bỏng",1,2025-05-04,Electronic
2,mình mua cũng khá lâu rồi . nhưng giờ mới lấy ra dùng . thấy vẻ ngoài thì giống ảnh . nhưng chất_lượng thì kém . cho vào đun nước mà nước chảy từ bình ra . mà trong khi đang cắm điện vậy nguy_hiểm . mặc_dù biết giá rẻ thì không_nên_đòi_hỏi gì nhưng làm này nguy_hiểm quá . khuyên các bạn nên tham_khảo kỹ rồi hẵng mua .,"Ấm Siêu Tốc GUGKOO 2,5L, Ấm Đun Nước METIS Công Suất Cao 1500W Tự Ngắt Điện Khi Sôi, 2 Lớp Cách Nhiệt Chống Bỏng",1,2025-04-29,Electronic
2,"nó bị gỉ sét làm mình ăn hết ngon_miệng luôn trưa mở cơm ra thấy bị gỉ sét là hết ham , đẹp mà bị gỉ sét thì em thừa rồi , khóc chán quá chán","Hộp Đựng Cơm Túi Đựng Cơm Trưa Giữ Nhiệt Văn Phòng Cách Nhiệt, Combo 3 Ngăn Đựng Thức Ăn 2 Lớp Bằng Thép Không Gỉ 304",1,2025-04-23,Electronic
2,"đó giờ em ít đánh_giá nhưng lần này cửa_hàng_không kiểm_tra trước khi giao ạ , cọng dây_điện nhìn chán_ghê khóc nức_nở",Cân Điện Tử METIS Sạc USB Kết Nối Bluetooth Phân Tích Chỉ Số Cơ Thể Trọng Lượng Tối Đa 180kg,1,2025-04-22,Electronic
2,kinh_nghiệm sử_dụng : dùng được 1 lần lại phải sạc_pin . thời_gian dùng không_được_dài . và hiệu_quả tóc thẳng cũng không_được,"Lược Chải Tóc Điện Ion Âm METIS Lược Duỗi Thẳng, Bảo Vệ Tóc Cao Cấp Với 50 Triệu Ion Âm",1,2025-04-20,Electronic
2,cân không_chuẩn . mỗi lúc đứng lên hiển_thị 1 kiểu . lệch hẳn 3 4 kg,Cân Điện Tử METIS Sạc USB Kết Nối Bluetooth Phân Tích Chỉ Số Cơ Thể Trọng Lượng Tối Đa 180kg,1,2025-04-19,Electronic
2,"không_giữ nhiệt , mua vài ngày đã có dấu_hiệu rỉ sét","Hộp Đựng Cơm Túi Đựng Cơm Trưa Giữ Nhiệt Văn Phòng Cách Nhiệt, Combo 3 Ngăn Đựng Thức Ăn 2 Lớp Bằng Thép Không Gỉ 304",2,2025-04-15,Electronic
2,"cân không_đúng , cân khi này khi khác , không_chuẩn_tí nào",Cân Điện Tử METIS Sạc USB Kết Nối Bluetooth Phân Tích Chỉ Số Cơ Thể Trọng Lượng Tối Đa 180kg,1,2025-04-10,Electronic
2,"không_thấy giữ nhiệt gì cả , để thức_ăn từ sáng , tới trưa là nguội luôn","Hộp Đựng Cơm Túi Đựng Cơm Trưa Giữ Nhiệt Văn Phòng Cách Nhiệt, Combo 3 Ngăn Đựng Thức Ăn 2 Lớp Bằng Thép Không Gỉ 304",1,2025-04-09,Electronic
2,"kinh_nghiệm sử_dụng : lên nhiệt nhưng nhiệt_độ không_đạt , rất ít nóng","Lược Chải Tóc Điện Ion Âm METIS Lược Duỗi Thẳng, Bảo Vệ Tóc Cao Cấp Với 50 Triệu Ion Âm",1,2025-04-04,Electronic
2,mau hết pin đem theo cũng như không,"Lược Chải Tóc Điện Ion Âm METIS Lược Duỗi Thẳng, Bảo Vệ Tóc Cao Cấp Với 50 Triệu Ion Âm",1,2025-03-23,Electronic
2,mua màu đen giao màu hồng . ủa sao vậy,Cân Điện Tử METIS Sạc USB Kết Nối Bluetooth Phân Tích Chỉ Số Cơ Thể Trọng Lượng Tối Đa 180kg,1,2025-03-20,Electronic
2,"hàng bịp , mô_tả sử_dụng app okok mua về bắt_tải app_Trung ?",Cân Điện Tử METIS Sạc USB Kết Nối Bluetooth Phân Tích Chỉ Số Cơ Thể Trọng Lượng Tối Đa 180kg,1,2025-03-18,Electronic
2,cân không_chuẩn được . mỗi lần cân là một_số khác nhau,Cân Điện Tử METIS Sạc USB Kết Nối Bluetooth Phân Tích Chỉ Số Cơ Thể Trọng Lượng Tối Đa 180kg,1,2025-03-09,Electronic
2,không_dán nhãn_mác . sạc không_giống thông_tin giới_thiệu,"Quạt Tích Điện METIS Pin 10 Cell Dùng Liên Tục 8H, Quạt Để Bàn Tích Điện 1 Cấp Độ Gió Siêu Mát Bảo Hành 12 Tháng",1,2025-02-22,Electronic
2,"tính_năng nổi_bật : không_có_đúng với mô_tả : không_chất_lượng sản_phẩm : tạm giao hàng nhanh 1 sao người giao hàng được 1 sao dung_tích có 1500 ml mà ghi 2,5 l còn 1 l để đâu_đun_sôi nước văng tung tóe đổ nước gần tới vạch tối_đa mùi mủ rất nồng","Ấm Siêu Tốc GUGKOO 2,5L, Ấm Đun Nước METIS Công Suất Cao 1500W Tự Ngắt Điện Khi Sôi, 2 Lớp Cách Nhiệt Chống Bỏng",1,2024-12-05,Electronic
2,không_chính_xác,Cân Điện Tử METIS Sạc USB Kết Nối Bluetooth Phân Tích Chỉ Số Cơ Thể Trọng Lượng Tối Đa 180kg,1,2024-12-04,Electronic
2,nút chế_độ nóng bị nhiễm điện mỗi lần_động vào lại bị giật :,Máy Sấy Tóc Ion Âm 5in1 METIS Không Cánh Quạt 3 Tốc Độ Công Suất 2200W 2 Chiều Tặng Kèm Đầu Sấy,1,2024-12-01,Electronic
2,sản_phẩm như hàng gia_công,"Lược Chải Tóc Điện Ion Âm METIS Lược Duỗi Thẳng, Bảo Vệ Tóc Cao Cấp Với 50 Triệu Ion Âm",1,2024-11-24,Electronic
2,cân thay_đổi liên_tục từng giờ từng ngày ảo ma canada mua phí tiền thật_sự,Cân Điện Tử METIS Sạc USB Kết Nối Bluetooth Phân Tích Chỉ Số Cơ Thể Trọng Lượng Tối Đa 180kg,1,2024-11-23,Electronic
2,"tính_năng nổi_bật : nhanh nóng máy hôi mùi nhựa , đánh_yếu , chạy tầm 10 s nóng_ran . sau 2 lần thử_nghiệm , đến lần 3 máy ngủm luôn . giá rẻ","Máy Đánh Trứng Cầm Tay METIS 7 Tốc Độ + Tặng Kèm 4 Đầu Đánh Trứng Cao Cấp, Hoạt Động Êm Ái",1,2024-10-15,Electronic
2,"đã mua và dùng được 2 lần , cháy luôn","Máy Sấy Tóc Gấp Gọn Mini, Máy Sấy Tóc Tạo Kiểu Công Suất 2200W Chuẩn Salon Sấy Khô Siêu Nhanh",1,2024-09-29,Electronic
2,"máy hút_yếu , hút 3 lần mà không_hết không_khí bên trong","Máy Hút Chân Không Thực Phẩm METIS Không Kén Túi Cao Cấp, Máy Hàn Miệng Túi Gia Đình Mini Cầm Tay Lực Hút Mạnh HCK01",1,2024-09-20,Electronic
2,"chất_lượng sản_phẩm : không_tốt lắm đúng với mô_tả : đúng với mô_tả hút bụi tạm ổn nhưng pin dùng quá tệ , sạc 2 tiếng dùng được 15 phút","Máy Hút Bụi Cầm Tay Không Dây METIS Nhật Bản 8 Đầu Hút, Máy Hút Bụi Ô Tô, Giường Nệm, Lông Chó Mèo",1,2024-09-12,Electronic
2,chất_lượng sản_phẩm : giao thiếu hàng chất_lượng sản_phẩm : giao thiếu hàng,"Bịch 80 khăn giấy ướt lau tay, lau bếp đa năng, có thể tái sử dụng, an toàn với da tay",1,2024-08-21,Electronic
2,vừa mua về đã bị bung phần cán xoay,"Máy Đánh Trứng Cầm Tay METIS 7 Tốc Độ + Tặng Kèm 4 Đầu Đánh Trứng Cao Cấp, Hoạt Động Êm Ái",1,2024-08-05,Electronic
2,đúng với mô_tả : tốt chất_lượng sản_phẩm : giao về bị bể,"Máy Đánh Trứng Cầm Tay METIS 7 Tốc Độ + Tặng Kèm 4 Đầu Đánh Trứng Cao Cấp, Hoạt Động Êm Ái",1,2024-07-28,Electronic
2,anh đi ngủ đây chúc anh và gia_quyến được muốn giàu nhất thế_giới thứ nhất của anh ạ em đang có khách thì có tiền cho anh đi làm không_có_gì anh nói_chuyện sau anh không_ạ,Quạt Tích Điện Điều Hòa METIS Kẹp Quần Áo Kiêm Sạc Dự Phòng Pin 6000MAH Sử Dụng Lên Tới 6H,1,2024-07-26,Electronic
2,hàng_không đúng như trong bài mà cửa_hàng đăng . kiểu treo đầu dê bán thịt chó . nói đúng hơn là không_thật hàng . bán hàng hãng khác,"Máy Hút Bụi Cầm Tay Không Dây METIS Nhật Bản 8 Đầu Hút, Máy Hút Bụi Ô Tô, Giường Nệm, Lông Chó Mèo",4,2024-07-26,Electronic
2,"không_đáng tiền lắm , cân_nhắc khi mua . mình thấy review kêu được nên đặt . mà thấy hơi thất_vọng , quá yếu lắm thua cái mini cầm tay đang xài á :",Quạt Tích Điện Điều Hòa METIS Kẹp Quần Áo Kiêm Sạc Dự Phòng Pin 6000MAH Sử Dụng Lên Tới 6H,1,2024-07-21,Electronic
2,quạt chạy quá yếu không_cả thổi nổi cái áo thì nói gì mát hết người,Quạt Tích Điện Điều Hòa METIS Kẹp Quần Áo Kiêm Sạc Dự Phòng Pin 6000MAH Sử Dụng Lên Tới 6H,1,2024-07-19,Electronic
2,nói_chung thì cũng không_mát_mấy với_lại vướng_víu . cũng khá đắt mà gió không_mạnh lắm anh_em nên cân_nhắc,Quạt Tích Điện Điều Hòa METIS Kẹp Quần Áo Kiêm Sạc Dự Phòng Pin 6000MAH Sử Dụng Lên Tới 6H,1,2024-07-19,Electronic
2,"đúng với mô_tả : tốt chất_lượng sản_phẩm : quạt_mát mua lần này là lần 2 , ưng_ý nhé , màu hồng_tươi , quạt_số mạnh có ồn_tí nhưng châm_chước cho quạt_nè , mua được rẻ hơn lần đầu nữa chứ","Quạt mini, Quạt kẹp bàn tích điện METIS, dung lượng pin lớn 7500 mAh, xoay 360 độ làm mát không khí",1,2024-07-10,Electronic
2,"thật_sự quạt rất yếu để mà bật mà nhét vào áo thì không_cảm_giác mát , quạt thổi túi bóng thì được chứ thổi áo không_nổi . nên lựa_chọn các mẫu quạt cầm tay tầm_giá hơn trăm còn khỏe hơn",Quạt Tích Điện Điều Hòa METIS Kẹp Quần Áo Kiêm Sạc Dự Phòng Pin 6000MAH Sử Dụng Lên Tới 6H,4,2024-07-08,Electronic
2,quạt_yếu quá mệt_lử,Quạt Tích Điện Điều Hòa METIS Kẹp Quần Áo Kiêm Sạc Dự Phòng Pin 6000MAH Sử Dụng Lên Tới 6H,1,2024-07-05,Electronic
2,đúng với mô_tả : giống hình chất_lượng sản_phẩm : không_thực_tế chất_liệu : nhựa haizz mua chiếc ghế về nghĩ là đặt đâu_cũng ngồi và dựa lưng được nhưng dựa được đó mà phải kiếm cái tường cho cái ghế_tựa vào cười như_không . nhựa mềm_oặt thì đỡ lưng kiểu gì ? vô_tri thiệt_sự .,"Ghế Công Thái Học METIS Chỉnh Dáng Ngồi Đúng Dùng Cho Nam Nữ, Trẻ Em, Chống Cong Vẹo Cột Sống",1,2024-06-30,Electronic
2,không_bự như trên hình,"Quạt mini, Quạt kẹp bàn tích điện METIS, dung lượng pin lớn 7500 mAh, xoay 360 độ làm mát không khí",1,2024-06-30,Electronic
2,"đóng_gói ẩu , 3 chai thì thủng 1 chai , lần sau bạn có giao hàng ai thì nên bọc chống sốc vào nhé","Chai Bột Thông Tắc Cống Thần Thánh Hương Chanh Bạc Hà Đẩy Lùi Mọi Vết Bẩn, Bột Thông Tắc Sinh Học Hiệu Quả",1,2024-06-20,Electronic
2,không_đúng với mô_tả . xay sản_phẩm rất yếu .,"Máy xay sinh tố cầm tay đa năng METIS 6 lưỡi, dung tích 300ml nhỏ gọn, pin sạc tiện lợi",1,2024-06-16,Electronic
2,"chất_lượng sản_phẩm : kém đúng với mô_tả : không_mát , bật không_như không_bật giao hàng giao trong 1 ngày là về . điều đó tốt nhưng sản_phẩm rất tệ , nhanh hết pin",Quạt tích điện mini. Quạt kẹp bàn METIS thiết kế nhỏ gọn dung lượng pin 7000mAh làm mát 360 độ,2,2024-06-16,Electronic
2,chất_liệu : bình_thường đúng với mô_tả : không_có_gì đặc_biệt chất_lượng sản_phẩm : bình_thường,"Ghế Công Thái Học METIS Chỉnh Dáng Ngồi Đúng Dùng Cho Nam Nữ, Trẻ Em, Chống Cong Vẹo Cột Sống",1,2024-06-11,Electronic
2,hút yếu chỉ hợp với bụi mịn thôi mọi người,Máy hút bụi cầm tay mini không dây METIS hút bụi giường nệm ô tô  lực hút 25.000PA công suất 120W,1,2024-06-09,Electronic
2,"đúng với mô_tả : không_mua 2 cái về để_dành xài dần nhưng bị bóc hết vỏ đi , đã vậy thân_kéo còn trầy_xước khá nhiều . kéo không_phải_màu vàng mà là bạc in dập trên lưỡi kéo khá xấu không_phải_loại đang dùng",Kéo cắt nhật SK5 METIS cắt gà đa năng và cắt đồ dùng chất liệu thép không gỉ siêu bền,1,2024-05-31,Electronic
2,"quạt_tệ so với mong_đợi , nút bấm cứng , bị lún vô trong , phun sương thì bị đọng nước","Quạt điều hoà mini, quạt hơi nước để bàn 3 chế độ gió dung tích bình chứa nước 600ml tích hợp đèn led màu ngẫu nhiên",1,2024-05-29,Electronic
2,cân sai,"Cân điện tử sức khỏe gia đình METIS, Cân heo hồng cân người thiết kế hiện đại trọng lượng 180kg dễ dàng sử dụng",1,2024-05-28,Electronic
2,đóng_gói mà tới thì hộp móp méo hết rồi cái đầu gắn vô máy bụi không_như hàng sử_dụng rồi,"Máy sấy tóc 2 chiều nóng lạnh METIS công suất lớn 2300W, Máy sấy tạo kiểu tóc đa năng 3 chế độ sấy chuẩn salon",1,2024-05-27,Electronic
2,"tựa lưng_yếu , sử_dụng chán","Ghế Công Thái Học METIS Chỉnh Dáng Ngồi Đúng Dùng Cho Nam Nữ, Trẻ Em, Chống Cong Vẹo Cột Sống",1,2024-05-26,Electronic
2,"chất_liệu : nhựa đúng với mô_tả : không_chất_lượng sản_phẩm : tệ nhận hàng hú_hồn , cần ghi rõ dành cho trẻ nhỏ nhé , thấy ghi nam , nữ , trẻ_em . cỡ này may có đứa nhỏ ở nhà mới xài không_cũng vất","Ghế Công Thái Học METIS Chỉnh Dáng Ngồi Đúng Dùng Cho Nam Nữ, Trẻ Em, Chống Cong Vẹo Cột Sống",1,2024-05-26,Electronic
2,mình rất hầu_như không_bao_giờ đánh_giá không_tốt . nhưng sản_phẩm này không_tốt mua được 3 ngày quạt đã không_còn_gió và không_có_mát nữa giao hàng thì sơ_sài lắm . mọi_người nên cân_nhắc trước khi mua,"Quạt mini tích điện để bàn METIS động cơ không tiếng ồn 2 chế độ gió, xoay 210 độ pin dùng 2-5h",1,2024-05-23,Electronic
2,quạt mau hết pin chưa_được 30 phút hết pin,"Quạt mini tích điện để bàn METIS động cơ không tiếng ồn 2 chế độ gió, xoay 210 độ pin dùng 2-5h",1,2024-05-23,Electronic
2,dùng lần thứ 2 thì bị chảy nước ở phía trước chỗ phần may ướt hết người luôn,"Áo Mưa Che Phủ Toàn Thân Nửa Trước Trong Suốt Cho Mẹ Và Bé, Vải Dù Siêu Nhẹ Có Kính Chắn Bảo Vệ AM03",1,2024-05-21,Electronic
2,"yếu , chỉ phù_hợp đồ_mềm được xắt nhỏ như dưa_hấu","Máy xay sinh tố cầm tay đa năng METIS 6 lưỡi, dung tích 300ml nhỏ gọn, pin sạc tiện lợi",1,2024-05-17,Electronic
2,quạt mua về bị rớt linh_kiện ra,"Quạt mini, Quạt kẹp bàn tích điện METIS, dung lượng pin lớn 7500 mAh, xoay 360 độ làm mát không khí",1,2024-05-13,Electronic
2,"đúng với mô_tả : quá tệ chất_liệu : vải mỏng màu_sắc : xám quá tệ cho 1 sản_phẩm , giá cũng cao mà nhận về bịch nhỏ_xíu , không_đánh_giá cao","Khẩu trang toàn mặt chống 99% tia UV, khẩu trang chống nắng che trán hai lớp chống nắng UPF 50+, thấm hút mồ hôi KT01",1,2024-05-13,Electronic
2,"đổ nước vào chảy ra tùm_lum , hàng bị lỗi mà cửa_hàng vẫn giao","Quạt điều hoà mini, quạt hơi nước METIS để bàn 3 chế độ gió dung tích bình chứa nước 600ml tích hợp đèn led",1,2024-05-02,Electronic
2,"nhận hàng bị lỗi không_hoạt_động , trả lại đặt cái mới thì cái mới chất_lượng sản_phẩm còn thua xa cái bị lỗi .","Quạt mini, Quạt kẹp bàn tích điện METIS, dung lượng pin lớn 7500 mAh, xoay 360 độ làm mát không khí",1,2024-04-29,Electronic
2,chất_lượng sản_phẩm : trung_bình 5 vòi phun sương nhưng bật 3 nấc chỉ có 3 vòi phun chứ không_phun hết 5 vòi sản_phẩm tạm ổn so với giá,"Quạt điều hoà mini, quạt hơi nước để bàn 3 chế độ gió dung tích bình chứa nước 600ml tích hợp đèn led",1,2024-04-27,Electronic
2,chất_lượng sản_phẩm : bình_thường đúng với mô_tả : không_thấy giới_thiệu với nhận_xét tốt nên mua nhưng quá thất_vọng mới mà xước như đồ cũ_sạc thì không_thể_nào cắm vào nổi phải lấy sạc nhà . chắc không_có_lần sau hazz,"Quạt mini, Quạt kẹp bàn tích điện METIS, dung lượng pin lớn 7500 mAh, xoay 360 độ làm mát không khí",2,2024-04-27,Electronic
2,"máy không_được_lắm , thân_máy không_phải_nhựa tốt , đọng nước chảy quá nhiều","Quạt điều hoà mini, quạt hơi nước để bàn 3 chế độ gió dung tích bình chứa nước 600ml tích hợp đèn led",1,2024-04-21,Electronic
2,"đúng với mô_tả : không_giống_hình chất_lượng sản_phẩm : kém quạt nhỏ , chạy yếu , dùng chưa_được 1 tiếng rưỡi đã hết pin . nói_chung là không_đáng mua","Quạt mini, Quạt kẹp bàn tích điện METIS, dung lượng pin lớn 7500 mAh, xoay 360 độ làm mát không khí",1,2024-04-20,Electronic
2,"chất_lượng sản_phẩm : bình_thường quạt rất yếu kiểu hơi bị yếu luôn ấy , nên tham_khảo mấy cửa_hàng khác với giá ổn_áp hơn nha chứ quạt này yếu thiệt_quạt không_ra gió luôn ấy","Quạt mini, Quạt kẹp bàn tích điện METIS, dung lượng pin lớn 7500 mAh, xoay 360 độ làm mát không khí",1,2024-04-19,Electronic
2,"chất_lượng sản_phẩm : không_tốt lắm đầu cắm lỏng_lẻo , không_chắc_chắn , cầm lên thấy nhẹ","Ổ cắm điện đa năng METIS 2 cổng usb chịu tải 2000W, Ổ điện thông minh trắng dây dài 4M có chốt an toàn tiện dụng",1,2024-04-17,Electronic
2,chất_lượng sản_phẩm : không_ổn đúng với mô_tả : không_đổ mồ_hôi rất nhiều : vậy,"Ly giữ nhiệt METIS, cốc giữ nhiệt chất liệu inox cao cấp không gỉ, nắp khóa chống tràn kèm 2 ống hút, cọ rửa",1,2024-04-17,Electronic
2,"ghi là máy xông nhưng không_rõ_ràng . đến lúc nhận hàng chỉ là chai tinh_dầu , không_có_máy","Máy Xông Tinh Dầu METIS Xịt Thơm Phòng Tự Động, Khuếch Tán 5 Chế Độ Xông Hương Nước Hoa",1,2024-04-12,Electronic
2,"chảo dùng được một lần đã bong tróc hết lớp chống dính , nhận được hàng thì_xước chỗ nọ chỗ kia","Chảo đá nướng thịt không dầu kiểu Hàn Quốc, chảo nướng chống dính size 34cm dùng cho gia đình, nhà hàng",1,2024-04-04,Electronic
2,dây quá ngắn,"Ổ cắm điện đa năng METIS 2 cổng usb chịu tải 2000W, Ổ điện thông minh trắng dây dài 4M có chốt an toàn tiện dụng",1,2024-03-30,Electronic
2,đặt cân có sạc . mà chỉ có giao_cân sử_dụng pin tiểu . còn xài như_thế_nào chưa_biết bền hay không . ?,"Cân điện tử METIS pin lắp kết nối Bluetooth, phân tích chỉ số cơ thể, đo cân nặng gia đình kèm hiển thị nhiệt độ",1,2024-03-23,Electronic
2,công_dụng : cạo râu mùi hương : không_dao_cạo râu không_bén lắm nha mọi người . cửa_hàng giao thiếu một đầu dao nữa tại em mình bóc chứ không_mình trả hàng có video rồi,"Máy cạo râu nam METIS kiêm tỉa lông mũi cao cấp, 3 lưỡi dao kép siêu bền, chống nước IPX7 kèm phụ kiện",1,2024-03-13,Electronic
2,trước khi giao hàng sao không_kiểm_tra kỹ . giao sản_phẩm lỗi . keo dán khá sơ_sài . nước bị rỉ ra tại nơi dán keo . trung_tâm_thương_mại mà làm_việc kiểu này . đổi trả rất mất thời_gian !,"Ấm đun nước siêu tốc METIS chất liệu inox, dung tích 1L8, đun sôi siêu nhanh, tự động ngắt nhiệt - AST01",1,2024-03-06,Electronic
2,"ổ điện đang dùng bình_thường tự_nhiên nổ cái bụp , tịt luôn 2 ổ , sợ hết cả hồn","Ổ cắm điện đa năng METIS 2 cổng usb chịu tải 2000W, Ổ điện thông minh trắng dây dài 4M có chốt an toàn tiện dụng",1,2024-02-21,Electronic
2,giao hàng nhanh . mua cùng 1 loại hư_lưỡi phải thay mà nhận hàng trụ của lưỡi dao ngắn hơn không_vừa nên không_xài được .,"Lưỡi dao máy xay thịt, xay đa năng dùng cho máy dung tích 2L - LD12",1,2024-02-18,Electronic
2,"cửa_hàng chuẩn_bị hàng nhanh , gói hàng kĩ . tuy_nhiên sản_phẩm tệ . máy chạy êm_ru nhưng cạo không_đứt râu . lia đi lia_lại mà râu vẫn trơ_trơ , thử cạo lông chân cũng không_đứt . người_giao_hàng thân_thiện nhiệt_tình .","Máy cạo râu mini bỏ túi sử dụng công nghệ Nhật Bản 3 lưỡi nhỏ gọn, an toàn, không lo trầy xước SH588",1,2024-02-01,Electronic
2,"tính_năng nổi_bật : bình_thường chất_lượng sản_phẩm : không_tốt , hút kém giao thiếu hàng , trả_lời tin nhắn_lâu , không_tôn_trọng khách","Máy hút bụi mini cầm tay không dây lực hút siêu mạnh 6000MPA nhỏ gọn, pin sạc tiện lợi công suất 60w HB02",1,2024-01-26,Electronic
2,vỏ nhựa chất_lượng xấu dù giá cao hơn loại mình thường mua xong cái thanh để vít cũng không_vừa cái chỗ cài mình phải bẻ cong đi mới được . nói_chung khá chán,"Đèn sưởi nhà tắm 2 bóng, 3 bóng Halogen TECHHOME công suất 825W chịu nhiệt tốt, an toàn khi sử dụng",1,2024-01-23,Electronic
2,"kệ xấu , nhựa không_được_thẳng nữa , thất_vọng thật_sự , không_giống như hình","Kệ mỹ phẩm nhựa để bàn, kệ nhựa mini để đồ trang điểm, mỹ phẩm 3 tầng 2 ngăn kéo tiết kiệm không gian - MP32",1,2024-01-18,Electronic
2,sản_phẩm đúng là vì . đầu bàn_chải rung lên bần_bật để tạo cảm_giác chứ không_xoay như hãng khác . không_có_tác_dụng sạch_răng . lông bàn_chải cứng_nha . mua vui thôi cả nhà ơi .,"Bàn chải điện đánh răng cho bé TECHHOME 4 chế độ làm sạch răng, lông mềm mại không đau lợi",1,2024-01-12,Electronic
2,sau nửa tháng xài thì đã hư mất 2 giắc cắm rồi nha . chắc 1 tháng là thay luôn . bữa mới nhận hàng thì được hết . được cái đẹp_mắt thôi,"Ổ cắm điện đa năng TECHHOME 2 cổng usb chịu tải 2500W, Ổ điện thông minh trắng dây dài 4M có chốt an toàn tiện dụng",1,2024-01-06,Electronic
2,đúng với mô_tả : đúng chất_lượng sản_phẩm : chưa_dùng đã bật mối hàn dây,"Ổ cắm điện đa năng TECHHOME 2 cổng usb chịu tải 2000W, Ổ điện thông minh trắng dây dài 4M có chốt an toàn tiện dụng",1,2024-01-04,Electronic
2,"mua về nhìn có_vẻ đẹp nhưng_mà sử_dụng không_an_toàn đâu_mọi người ơi , cắm vào thì nhổ ra không_được , còn bị chập điện nữa nguy_hiểm lắm mọi_người không_nên_mua . mấy cái lỗ bị lỗi cắm vào nhổ không_ra được nên mình dán lại . buồn quá cười_ra_nước_mắt","Ổ cắm điện thông minh TECHHOME chịu tải 2500W, ổ điện trắng đa năng với 10 ổ cắm 3 cổng USB chống cháy nổ cao cấp",1,2024-01-04,Electronic
2,"hình_thức tạm được nhưng độ bền thì kém quá , mới bấm vài lần đã hư nút bấm , một ổ_cắm thì chưa_dùng đã hư","Ổ cắm điện đa năng TECHHOME 2 cổng usb chịu tải 2500W, Ổ điện thông minh trắng dây dài 4M có chốt an toàn tiện dụng",1,2023-12-31,Electronic
2,"kệ không_giống_hình , như đồ_chơi , chất nhựa xấu , nhiều lỗi , móp_méo , so với giá thì chỉ vậy thôi","Kệ mỹ phẩm nhựa để bàn, kệ nhựa mini để đồ trang điểm, mỹ phẩm 3 tầng 2 ngăn kéo tiết kiệm không gian - MP32",1,2023-12-28,Electronic
2,"cây thông được , kèm_đồ trang_trí nhưng gửi thiếu bóng_đèn trang_trí . không_hài_lòng lắm","Cây thông Noel METIS cao 1m5, lá dày, đầy đủ phụ kiện trang trí Giáng Sinh",1,2023-12-24,Electronic
2,cửa_hàng giao hàng_không đủ số_lượng .,"Combo 10 viên thả bồn cầu, viên tẩy bồn cầu khử mùi hôi, sạch mảng bám TBC01",1,2023-12-24,Electronic
2,"mới bật lên đã thấy hỏng 1 bóng , chất_lượng kém , thất_vọng về sản_phẩm , nên cân_nhắc trước khi mua","Đèn sưởi 2 bóng hồng ngoại TECHHOME AMOI công suất 800W, máy sưởi để bàn dùng cho nhà tắm, phòng ngủ, bàn làm việc",1,2023-12-22,Electronic
2,trung_tâm_thương_mại gì mà bán giao cái máy bể_xúc gọng tùm_lum vậy trời,"Máy sấy tóc 2 chiều nóng lạnh công suất lớn 2300W, Máy sấy tạo kiểu tóc đa năng 3 chế độ sấy chuẩn salon",1,2023-12-21,Electronic
2,giao thiếu dây 2 dây kim_tuyến rồi .,"Cây thông Noel cao 1m6 đầy đủ phụ kiện, Cây thông nhân tạo lá dày kèm đồ trang trí Giáng sinh, decor Noel - CT16",1,2023-12-02,Electronic
2,giá_thành được . giao thiếu dây kim_tuyến . mô_tả 3 dây nhận về có 1 dây . làm_tới làm lui quấn mãi không_được_cây thông . bực_mình,"Cây thông Noel cao 1m6 đầy đủ phụ kiện, Cây thông nhân tạo lá dày kèm đồ trang trí Giáng sinh, decor Noel - CT16",1,2023-12-02,Electronic
2,chất_lượng sản_phẩm : lá đồng quá mỏng,"Ổ cắm điện đa năng TECHHOME 2 cổng usb chịu tải 2500W, Ổ điện thông minh trắng dây dài 4M có chốt an toàn tiện dụng",1,2023-11-29,Electronic
1,không_biết như nào nhưng kích_thước 4 hộp bé như nhau . lúc đầu đã cẩn_thận hỏi bộ sản_phẩm là 2 lớn 2 nhỏ . nhưng khui ra thì 4 hộp nhỏ như nhau khác_biệt chỉ có cái vỏ nhựa .,"Hộp Đựng Cơm Túi Đựng Cơm Trưa Giữ Nhiệt Văn Phòng Cách Nhiệt, Combo 3 Ngăn Đựng Thức Ăn 2 Lớp Bằng Thép Không Gỉ 304",1,2026-05-05,Electronic
1,độ chính_xác : dụng_cụ lấy ráy_tai không_như mô_tả không_có_giấy hướng_dẫn sử_dụng đến tay không_kết_bạn phải làm như_thế_nào,"Cân Tiểu Ly Điện Tử Nhà Bếp 1g-10kg, 0,1g- 5kg METIS Độ Chính Xác Cao, Chất Liệu Hợp Kim Thép Bền Bỉ Tặng Kèm 2 pin",1,2026-05-05,Electronic
1,"tệ , giao túi giữ nhiệt bị rách , hộp_vỡ mà kêu gửi bù lại không_gửi , nên né nha","Hộp Đựng Cơm Túi Đựng Cơm Trưa Giữ Nhiệt Văn Phòng Cách Nhiệt, Combo 3 Ngăn Đựng Thức Ăn 2 Lớp Bằng Thép Không Gỉ 304",1,2026-05-04,Electronic
1,"gói hàng quá sơ_sài chỉ 1 lớp túi , hộp bên trong thì bị lõm luôn rồi hơi_mỉm_cười","Hộp Đựng Cơm Túi Đựng Cơm Trưa Giữ Nhiệt Văn Phòng Cách Nhiệt, Combo 3 Ngăn Đựng Thức Ăn 2 Lớp Bằng Thép Không Gỉ 304",1,2026-05-04,Electronic
1,độ chính_xác : quá thất_vọng bọc_gói thì thấy cẩn_thận gỡ ra thì như đồ bỏ đi . cái này chắc dùng chán rồi . các bác nhìn ảnh xem đồ cũ hay mới bối_rối,"Cân Tiểu Ly Điện Tử Nhà Bếp 1g-10kg, 0,1g- 5kg METIS Độ Chính Xác Cao, Chất Liệu Hợp Kim Thép Bền Bỉ Tặng Kèm 2 pin",1,2026-05-01,Electronic
1,tặng cái xàm thế,"GÓI BẢO HÀNH ĐIỆN TỬ 1 NĂM cho Cân Tiểu Ly Điện Tử Nhà Bếp 1g-10kg, 0,1g- 5kg METIS Độ Chính Xác Cao",1,2026-04-28,Electronic
1,"giữ nhiệt : nhìn độ mỏng này thì đố giữ được 1 tiếng chất_liệu : chất_liệu thì nhựa_đểu , trông là biết không_chịu nổi_nhiệt rồi thiết_kế : mới mua chưa_dùng đã bay_hình nói_chung mình nghĩ các bạn đừng_nên mua , không_đáng 160 k hay kể_cả rẻ hơn , dùng cũng hại sức_khỏe , mình cũng chỉ dám cho đồ nguội và ăn_nguội chứ không_dám quay lò_vi_sóng , dùng quay lò cái này nhiều chẳng_khác_gì ăn nhựa đâu","Hộp Đựng Cơm Túi Đựng Cơm Trưa Giữ Nhiệt Văn Phòng Cách Nhiệt, Combo 3 Ngăn Đựng Thức Ăn 2 Lớp Bằng Thép Không Gỉ 304",1,2026-04-28,Electronic
1,"chấp_nhận với sản_phẩm rẻ thì nó không_phải_inox 304 nhưng mình không_nghĩ là mau gỉ sét đến vậy mình dùng 2 lần mà đã gỉ_sét như_vậy rồi , mọi người nên cân_nhắc","Hộp Đựng Cơm Túi Đựng Cơm Trưa Giữ Nhiệt Văn Phòng Cách Nhiệt, Combo 3 Ngăn Đựng Thức Ăn 2 Lớp Bằng Thép Không Gỉ 304",1,2026-04-26,Electronic
1,"độ bền : không_biết . tốc_độ đun : rất lâu_sôi , mất rất nhiều thời_gian , tốn rất nhiều điện . thiết_kế : xấu","Ấm đun siêu tốc, Bình đun nước thủy tinh siêu tốc 2.5L, inox không gỉ dung tích 1.8L METIS tay cầm chống nóng",1,2026-04-26,Electronic
1,độ bền : kém chất_lượng tốc_độ đun : tạm,"Ấm đun siêu tốc, Bình đun nước thủy tinh siêu tốc 2.5L, inox không gỉ dung tích 1.8L METIS tay cầm chống nóng",1,2026-04-25,Electronic
1,độ chính_xác : lệch nặng,Cân Điện Tử METIS Sạc USB Kết Nối Bluetooth Phân Tích Chỉ Số Cơ Thể Trọng Lượng Tối Đa 180kg,1,2026-04-25,Electronic
1,độ chính_xác : không_rõ thiết_kế : được cân bị ám_màu,GÓI BẢO HÀNH ĐIỆN TỬ 1 NĂM cho Cân Điện Tử METIS Sạc USB Kết Nối Bluetooth Phân Tích Chỉ Số Cơ Thể,1,2026-04-23,Electronic
1,"độ chính_xác : không_rõ kết_nối bluetooth : không_thiết_kế : được cân bị ám_màu chỗ đèn led nhìn như hàng đã qua sử_dụng , bị ám_màu",Cân Điện Tử METIS Sạc USB Kết Nối Bluetooth Phân Tích Chỉ Số Cơ Thể Trọng Lượng Tối Đa 180kg,1,2026-04-23,Electronic
1,"1 sao nhé ! mua để đi làm mang cơm theo ăn , mà muỗng_đũa mở ra rỉ_sét , dính tận cả đồ bọc đũa muỗng luôn . thử_hỏi rửa rồi , ai dám xài , ai dám dùng ?","Hộp Đựng Cơm Túi Đựng Cơm Trưa Giữ Nhiệt Văn Phòng Cách Nhiệt, Combo 3 Ngăn Đựng Thức Ăn 2 Lớp Bằng Thép Không Gỉ 304",1,2026-04-21,Electronic
1,chất_liệu : mỏng dễ rỉ sét thiết_kế : rời,"Hộp Đựng Cơm Túi Đựng Cơm Trưa Giữ Nhiệt Văn Phòng Cách Nhiệt, Combo 3 Ngăn Đựng Thức Ăn 2 Lớp Bằng Thép Không Gỉ 304",1,2026-04-21,Electronic
1,"độ chính_xác : tương_đối thiết_kế : thiết_kế đẹp hộp cơm giữ nhiệt bị gỉ sét inox mà bị gỉ sét , hàng dỏm mới xài được mấy bữa thôi mọi người không_nên_mua nha không_hài_lòng nha","GÓI BẢO HÀNH ĐIỆN TỬ 1 NĂM cho Cân Tiểu Ly Điện Tử Nhà Bếp 1g-10kg, 0,1g- 5kg METIS Độ Chính Xác Cao",1,2026-04-20,Electronic
1,"chất_lượng sản_phẩm : tệ đúng với mô_tả : không_chất_lượng tệ , mỏng xài mới 1 thời_gian bị thủng lỗ nhỏ , bị ố như rỉ_sét , không_được","Hộp Đựng Cơm Túi Đựng Cơm Trưa Giữ Nhiệt Văn Phòng Cách Nhiệt, Combo 3 Ngăn Đựng Thức Ăn 2 Lớp Bằng Thép Không Gỉ 304",1,2026-04-20,Electronic
1,shop gửi sản_phẩm thiếu nắp đậy pin :,"Cân Tiểu Ly Điện Tử Nhà Bếp 1g-10kg, 0,1g- 5kg METIS Độ Chính Xác Cao, Chất Liệu Hợp Kim Thép Bền Bỉ Tặng Kèm 2 pin",1,2026-04-19,Electronic
1,sạc nhưng vẫn không_xài được,Cân Điện Tử METIS Sạc USB Kết Nối Bluetooth Phân Tích Chỉ Số Cơ Thể Trọng Lượng Tối Đa 180kg,1,2026-04-15,Electronic
1,độ chính_xác : không_thấy có,GÓI BẢO HÀNH ĐIỆN TỬ 1 NĂM cho Cân Điện Tử METIS Sạc USB Kết Nối Bluetooth Phân Tích Chỉ Số Cơ Thể,1,2026-04-15,Electronic
1,độ chính_xác : mua được 1 tháng về hỏng,"Cân Tiểu Ly Điện Tử Nhà Bếp 1g-10kg, 0,1g- 5kg METIS Độ Chính Xác Cao, Chất Liệu Hợp Kim Thép Bền Bỉ Tặng Kèm 2 pin",1,2026-04-11,Electronic
1,dùng pin không_phải_sạc,Cân Điện Tử METIS Sạc USB Kết Nối Bluetooth Phân Tích Chỉ Số Cơ Thể Trọng Lượng Tối Đa 180kg,1,2026-04-11,Electronic
1,"mua cân về không_chính_xác lúc cân lên tới trăm cân lận_trời , không_nên_mua nha mọi người , mình cũng lười đổi trả",GÓI BẢO HÀNH ĐIỆN TỬ 1 NĂM cho Cân Điện Tử METIS Sạc USB Kết Nối Bluetooth Phân Tích Chỉ Số Cơ Thể,1,2026-04-10,Electronic
1,"đứng lên cân thì không_thấy hiện số cân nặng , chỉ hiện ol là sao nhỉ ?_pin sản_phẩm còn đầy đã nhắn_shop nhưng chưa_thấy phản_hồi . giao hàng không_có_hướng_dẫn sử_dụng . shop kiểm_tra tin nhắn mình nhé",Cân Điện Tử METIS Sạc USB Kết Nối Bluetooth Phân Tích Chỉ Số Cơ Thể Trọng Lượng Tối Đa 180kg,1,2026-04-09,Electronic
1,"mua cái cân tặng cục pin hỏng , chịu luôn , không_có_pin thì thôi chứ , đưa cục pin như này khác gì không_đưa không , rất bực_mình",Cân Điện Tử METIS Sạc USB Kết Nối Bluetooth Phân Tích Chỉ Số Cơ Thể Trọng Lượng Tối Đa 180kg,1,2026-04-08,Electronic
1,"hộp không_khít , cứ bị hở ra cũng không_giữ nóng được . như hộp nhựa vậy thôi","Hộp Đựng Cơm Túi Đựng Cơm Trưa Giữ Nhiệt Văn Phòng Cách Nhiệt, Combo 3 Ngăn Đựng Thức Ăn 2 Lớp Bằng Thép Không Gỉ 304",1,2026-04-06,Electronic
1,có như không,GÓI BẢO HÀNH ĐIỆN TỬ 1 NĂM cho Cân Điện Tử METIS Sạc USB Kết Nối Bluetooth Phân Tích Chỉ Số Cơ Thể,1,2026-04-01,Electronic
1,dùng được 2 ngày bị gỉ sét . thất_vọng vô_cùng với giá gần 150,"Hộp Đựng Cơm Túi Đựng Cơm Trưa Giữ Nhiệt Văn Phòng Cách Nhiệt, Combo 3 Ngăn Đựng Thức Ăn 2 Lớp Bằng Thép Không Gỉ 304",1,2026-04-01,Electronic
1,"độ chính_xác : cân 3 lần , cho 3 kết_quả khác nhau , số nhảy loạn_xạ , nhằm khi cân không_ra trọng_lượng luôn , quá tệ . chất_liệu : nhựa","Cân Tiểu Ly Điện Tử Nhà Bếp 1g-10kg, 0,1g- 5kg METIS Độ Chính Xác Cao, Chất Liệu Hợp Kim Thép Bền Bỉ Tặng Kèm 2 pin",1,2026-03-28,Electronic
1,"so với mức giá 134 k thì không_thích_1 lớp inox mỏng 1 lớp nhựa , cái túi giữ nhiệt cũng mỏng nữa , cầm số tiền này bù thêm mấy chục nữa có loại ngon hơn .","Hộp Đựng Cơm Túi Đựng Cơm Trưa Giữ Nhiệt Văn Phòng Cách Nhiệt, Combo 3 Ngăn Đựng Thức Ăn 2 Lớp Bằng Thép Không Gỉ 304",1,2026-03-27,Electronic
1,"hàng lỗi , bị vỡ khi giao đến , chất_lượng kém , nắp bị ọp_ẹp","Ấm đun siêu tốc, Bình đun nước thủy tinh siêu tốc 2.5L, inox không gỉ dung tích 1.8L METIS tay cầm chống nóng",1,2026-03-25,Electronic
1,không_có,GÓI BẢO HÀNH ĐIỆN TỬ 1 NĂM cho Cân Điện Tử METIS Sạc USB Kết Nối Bluetooth Phân Tích Chỉ Số Cơ Thể,1,2026-03-23,Electronic
1,"ối giời ơi_quả này chịu luôn . bật chế_độ nóng toàn mùi khét như cháy điện , lại còn bị cuốn tóc vào máy nữa . tốc_độ thì bình_thường hơi yếu_nha mọi người . nói_chung quả này chỉ được vẻ bề_ngoài chứ nó bật lên mùi khét như cháy sợ vãi đái lại còn bị cuốn tóc vào nữa thế_này trẻ_con dùng thì có mà đi luôn bộ_tóc . em muốn trả hàng hoàn tiền",GÓI BẢO HÀNH ĐIỆN TỬ 1 NĂM cho Máy Sấy Tóc Ion Âm 5in1 METIS Không Cánh Quạt 3 Tốc Độ Công Suất 2200W 2 Chiều,1,2026-03-22,Electronic
1,"tốc_độ : hơi yếu tiếng ồn : ổn nhé mọi người ối giời ơi_quả này chịu luôn . bật chế_độ nóng toàn mùi khét như cháy điện , lại còn bị cuốn tóc vào máy nữa . tốc_độ thì bình_thường nha mọi người . nói_chung quả này chỉ được vẻ bề_ngoài đẹp chứ nó bật lên mùi khét như cháy sợ vãi đái lại còn bị cuốn tóc vào nữa thế_này trẻ_con dùng thì có mà đi luôn bộ_tóc . em muốn trả hàng hoàn tiền",Máy Sấy Tóc Ion Âm 5in1 METIS Không Cánh Quạt 3 Tốc Độ Công Suất 2200W 2 Chiều Tặng Kèm Đầu Sấy,1,2026-03-22,Electronic
1,"đóng_gói sơ_sài cân bị lệch luôn hư , không_cân được",Cân Điện Tử METIS Sạc USB Kết Nối Bluetooth Phân Tích Chỉ Số Cơ Thể Trọng Lượng Tối Đa 180kg,1,2026-03-22,Electronic
1,hàng bị lỗi không_xài được,Cân Điện Tử METIS Sạc USB Kết Nối Bluetooth Phân Tích Chỉ Số Cơ Thể Trọng Lượng Tối Đa 180kg,1,2026-03-21,Electronic
1,cân được mấy bữa là hư .,Cân Điện Tử METIS Sạc USB Kết Nối Bluetooth Phân Tích Chỉ Số Cơ Thể Trọng Lượng Tối Đa 180kg,1,2026-03-21,Electronic
1,"độ chính_xác : không_chuẩn , cân Nhơn_Hòa 50 kg cân_điện_tử cân còn 30 kg",Cân Điện Tử METIS Sạc USB Kết Nối Bluetooth Phân Tích Chỉ Số Cơ Thể Trọng Lượng Tối Đa 180kg,1,2026-03-20,Electronic
1,"hàng_không chắc_chắn , lắp_ráp lỗi . hoàn_hàng 2 lần đều bị từ_chối .","Ấm đun siêu tốc, Bình đun nước thủy tinh siêu tốc 2.5L, inox không gỉ dung tích 1.8L METIS tay cầm chống nóng",1,2026-03-19,Electronic
1,"dởm kinh . mới dùng đã hư , còn chưa_sạc lần nào","[THẺ TRÚNG THƯỞNG] Lược Chải Tóc Điện Ion Âm METIS Lược Duỗi Thẳng, Bảo Vệ Tóc Cao Cấp Với 50 Triệu Ion Âm",1,2026-03-19,Electronic
1,"sản_phẩm dùng chưa_được 1 tháng thì mờ dần rồi tắt hẳn , đã thử đổi pin nhưng không_lên được . lởm hơn cả những sản_phẩm rẻ_tiền mình từng mua","Cân Tiểu Ly Điện Tử Nhà Bếp 1g-10kg, 0,1g- 5kg METIS Độ Chính Xác Cao, Chất Liệu Hợp Kim Thép Bền Bỉ Tặng Kèm 2 pin",1,2026-03-17,Electronic
1,"độ chính_xác : chênh_lệch nhiều cân chênh_lệch nhiều không_chính_xác , đã thử cân trong một ngày tuy_nhiên số không_nhảy rất nhiều",Cân Điện Tử METIS Sạc USB Kết Nối Bluetooth Phân Tích Chỉ Số Cơ Thể Trọng Lượng Tối Đa 180kg,1,2026-03-17,Electronic
1,nhiệt_độ : hỏng độ_bền : hỏng gói bảo_hành ở đâu_sao không_thấy gửi kèm sản_phẩm về nhỉ các bác,"GÓI BẢO HÀNH ĐIỆN TỬ 1 NĂM cho Lược Chải Tóc Điện Ion Âm METIS Lược Duỗi Thẳng, Bảo Vệ Tóc",1,2026-03-16,Electronic
1,tiền nào của nấy !_khui hàng cắm điện hoạt_động chút_xíu có mùi khét cháy luôn . lỡ quăng cái hộp nên không_trả hàng lại được ! khuyến_cáo mọi người cẩn_thận !,GÓI BẢO HÀNH ĐIỆN TỬ 1 NĂM cho Máy Sấy Giày Khử Mùi Bằng Tia Cực Tím Thông Minh Có Hiển Thị Nhiệt Độ METIS,1,2026-03-15,Electronic
1,mua về dùng được 1 hay 2 lần gì đấy thì nó không_hiển_thị_số ở trên cân nữa,GÓI BẢO HÀNH ĐIỆN TỬ 1 NĂM cho Cân Điện Tử METIS Sạc USB Kết Nối Bluetooth Phân Tích Chỉ Số Cơ Thể,1,2026-03-14,Electronic
1,dùng motor có than . dùng 1 nửa chế_độ quạt thì 2 giờ hết pin . bên trong có rãnh 21700 mà bỏ có 1 viên . dung_lượng thực_tế có 2800 mah . về phải thay 2 cell 21700 khác mới dùng được 1 ngày nhẹ nhẹ . chán thật_sự,GÓI BẢO HÀNH ĐIỆN TỬ 1 NĂM cho Quạt cầm tay mini tích điện METIS gió mạnh 16000 vòng/phút có dây đeo,1,2026-03-14,Electronic
1,"chỉ có 1 mức nhiệt , gió_yếu , có con khỉ mà không_khô giày nổi , không_cháy nhà là may rồi",Máy Sấy Giày Khử Mùi Bằng Tia Cực Tím Thông Minh Có Hiển Thị Nhiệt Độ METIS Combo Làm Khô Tất Đa Năng,1,2026-03-14,Electronic
1,"chất_lượng : tệ giữ nhiệt : bình_thường thấy đánh_giá tốt mới mua mà mới xài 1 lần đã có hiện_tượng gỉ_chà nó mờ_mờ đi khô lại hiện lên , bên ngoài thì rửa bằng xà_bông nhưng vẫn nhớt dễ bám mùi","Hộp Đựng Cơm Túi Đựng Cơm Trưa Giữ Nhiệt Văn Phòng Cách Nhiệt, Combo 3 Ngăn Đựng Thức Ăn 2 Lớp Bằng Thép Không Gỉ 304",1,2026-03-13,Electronic
1,hàng_không giống mẫu video hộp ọp_ẹp,"Hộp Đựng Cơm Túi Đựng Cơm Trưa Giữ Nhiệt Văn Phòng Cách Nhiệt, Combo 3 Ngăn Đựng Thức Ăn 2 Lớp Bằng Thép Không Gỉ 304",1,2026-03-13,Electronic
1,độ chính_xác : lên_xuống liên_tục,Cân Điện Tử METIS Sạc USB Kết Nối Bluetooth Phân Tích Chỉ Số Cơ Thể Trọng Lượng Tối Đa 180kg,1,2026-03-12,Electronic
1,cân cùng thời_điểm mà chỉ_số khác nhau .,Cân Điện Tử METIS Sạc USB Kết Nối Bluetooth Phân Tích Chỉ Số Cơ Thể Trọng Lượng Tối Đa 180kg,1,2026-03-12,Electronic
1,độ chính_xác : kém chất_liệu : nhựa thiết_kế : ổn tối_đa 5 kg nhưng quảng_cáo 10,"Cân Tiểu Ly Điện Tử Nhà Bếp 1g-10kg, 0,1g- 5kg METIS Độ Chính Xác Cao, Chất Liệu Hợp Kim Thép Bền Bỉ Tặng Kèm 2 pin",1,2026-03-12,Electronic
1,giao sản_phẩm không_phải_sản_phẩm mới . thất_vọng !,"Máy Sấy Quần Áo Gấp Gọn Treo Tường Sang Trọng Nhỏ Gọn METIS, Combo Làm Khô Đồ Với Công Nghệ Sấy 3D Tiết Kiệm Điện",1,2026-03-12,Electronic
1,độ chính_xác : không_chính_xác kết_nối bluetooth : không_kết_nối được bluetooth,Cân Điện Tử METIS Sạc USB Kết Nối Bluetooth Phân Tích Chỉ Số Cơ Thể Trọng Lượng Tối Đa 180kg,1,2026-03-11,Electronic
1,"hàng trầy_xước tận bên trong lẫn ngoài hộp , như kiểu đã dùng xong và bỏ ngược trở_lại vào để bán , nhìn_chung chất_liệu sản_phẩm khá tệ","Cân Tiểu Ly Điện Tử Nhà Bếp 1g-10kg, 0,1g- 5kg METIS Độ Chính Xác Cao, Chất Liệu Hợp Kim Thép Bền Bỉ Tặng Kèm 2 pin",1,2026-03-11,Electronic
1,"độ chính_xác : không_chính_xác kết_nối bluetooth : khó thiết_kế : ổn không_nên_mua nha mọi người . cân mỗi lúc 1 số , không_chính_xác tí nào luôn_ý . đọc thấy nhiều người nói cân không_chuẩn nhưng vẫn cố_chấp mua khóc",Cân Điện Tử METIS Sạc USB Kết Nối Bluetooth Phân Tích Chỉ Số Cơ Thể Trọng Lượng Tối Đa 180kg,1,2026-03-11,Electronic
1,không_nhận được,"GÓI BẢO HÀNH ĐIỆN TỬ 1 NĂM cho Cân Tiểu Ly Điện Tử Nhà Bếp 1g-10kg, 0,1g- 5kg METIS Độ Chính Xác Cao, Chất Liệu Hợp Kim",1,2026-03-09,Electronic
1,"vừa cân , 5 giây sau đã thấy bị lệch đi nửa cân",Cân Điện Tử METIS Sạc USB Kết Nối Bluetooth Phân Tích Chỉ Số Cơ Thể Trọng Lượng Tối Đa 180kg,1,2026-03-09,Electronic
1,"hàng lỗi không_hoạt_động , trả hàng không_có_người_giao_hàng đến nhận lại . có bảo_hành 1 năm nhưng không_bảo_hành . lừa_đảo",Cân Điện Tử METIS Sạc USB Kết Nối Bluetooth Phân Tích Chỉ Số Cơ Thể Trọng Lượng Tối Đa 180kg,1,2026-03-08,Electronic
1,sấy nhanh : chỉ có đèn cho đẹp chứ không_có_nhiệt . mua phí tiền khử mùi : không_tác_dụng độ bền : vứt đi tốn điện,Máy Sấy Giày Khử Mùi Bằng Tia Cực Tím Thông Minh Có Hiển Thị Nhiệt Độ METIS Combo Làm Khô Tất Đa Năng,1,2026-03-06,Electronic
1,độ chính_xác : chênh_lệch 3 kg,Cân Điện Tử METIS Sạc USB Kết Nối Bluetooth Phân Tích Chỉ Số Cơ Thể Trọng Lượng Tối Đa 180kg,1,2026-03-06,Electronic
1,không_có_nhận được giấy bảo_hành vì túi hàng bị rách bung,GÓI BẢO HÀNH ĐIỆN TỬ 1 NĂM cho Máy Sấy Tóc Ion Âm 5in1 METIS Không Cánh Quạt 3 Tốc Độ Công Suất 2200W 2 Chiều,1,2026-03-06,Electronic
1,chất_lượng : sản_phẩm không_như mong_đợi,"Hộp Đựng Cơm Túi Đựng Cơm Trưa Giữ Nhiệt Văn Phòng Cách Nhiệt, Combo 3 Ngăn Đựng Thức Ăn 2 Lớp Bằng Thép Không Gỉ 304",1,2026-03-05,Electronic
1,"chất_lượng : chưa_biết giữ nhiệt : chưa_biết không_đúng mô_tả sản_phẩm . 2 hộp 440 và 2 hộp 640 . thực_tế chắc chưa_được 500 , nhỉnh hơn có 1 xíu vỏ hộp mô_tả nhiều lớp thực_tế có 1 lớp vỏ nhựa , hết .","Hộp Đựng Cơm Túi Đựng Cơm Trưa Giữ Nhiệt Văn Phòng Cách Nhiệt, Combo 3 Ngăn Đựng Thức Ăn 2 Lớp Bằng Thép Không Gỉ 304",1,2026-03-05,Electronic
1,chất_lượng : chất_lượng rất kém mới dùng chưa_được 1 tháng đã bị rỉ sét nhắn cửa_hàng nói hết thời_gian trả hàng rồi im luôn không_giải_quyết,"Hộp Đựng Cơm Túi Đựng Cơm Trưa Giữ Nhiệt Văn Phòng Cách Nhiệt, Combo 3 Ngăn Đựng Thức Ăn 2 Lớp Bằng Thép Không Gỉ 304",1,2026-03-04,Electronic
1,độ chính_xác : không_chính_xác sản_phẩm cân lên không_chính_xác . tôi đề_nghị hủy hàng nhưng đã bị hủy,Cân Điện Tử METIS Sạc USB Kết Nối Bluetooth Phân Tích Chỉ Số Cơ Thể Trọng Lượng Tối Đa 180kg,1,2026-03-04,Electronic
1,không_đúng mô_tả .,"GÓI BẢO HÀNH ĐIỆN TỬ 1 NĂM cho Cân Tiểu Ly Điện Tử Nhà Bếp 1g-10kg, 0,1g- 5kg METIS Độ Chính Xác Cao, Chất Liệu Hợp Kim",1,2026-03-03,Electronic
1,"cân hỏng rồi nhưng lười đổi trả quá mua cái mới cho_rồi , khỏi bảo_hành chi mệt","Cân Tiểu Ly Điện Tử Nhà Bếp 1g-10kg, 0,1g- 5kg METIS Độ Chính Xác Cao, Chất Liệu Hợp Kim Thép Bền Bỉ Tặng Kèm 2 pin",1,2026-03-03,Electronic
1,"hàng bị lỗi , về mình bật nó không_lên","Cân Tiểu Ly Điện Tử Nhà Bếp 1g-10kg, 0,1g- 5kg METIS Độ Chính Xác Cao, Chất Liệu Hợp Kim Thép Bền Bỉ Tặng Kèm 2 pin",1,2026-03-01,Electronic
1,độ chính_xác : xảy ra lỗi nhắn_tin không_trả_lời,"GÓI BẢO HÀNH ĐIỆN TỬ 1 NĂM cho Cân Tiểu Ly Điện Tử Nhà Bếp 1g-10kg, 0,1g- 5kg METIS Độ Chính Xác Cao",1,2026-02-26,Electronic
1,chất_lượng : kém không_phải_inox,"Hộp Đựng Cơm Túi Đựng Cơm Trưa Giữ Nhiệt Văn Phòng Cách Nhiệt, Combo 3 Ngăn Đựng Thức Ăn 2 Lớp Bằng Thép Không Gỉ 304",1,2026-02-25,Electronic
1,"máy sử_dụng đến lần thứ 3 đã hỏng , máy có lên_đèn nhưng không_có_gió_sấy",Máy Sấy Giày Khử Mùi Bằng Tia Cực Tím Thông Minh Có Hiển Thị Nhiệt Độ METIS Combo Làm Khô Tất Đa Năng,1,2026-02-23,Electronic
1,giữ nhiệt : hộp không_giữ nhiệt được như mô_tả,"Hộp Đựng Cơm Túi Đựng Cơm Trưa Giữ Nhiệt Văn Phòng Cách Nhiệt, Combo 3 Ngăn Đựng Thức Ăn 2 Lớp Bằng Thép Không Gỉ 304",1,2026-02-23,Electronic
1,thay pin mới mà cân_hư không_bật lên được . ý là dùng chưa_được mấy ngày mà hư rồi . không_biết gói bảo_hành 1 năm làm_sao sử_dụng đây ?,"Cân Tiểu Ly Điện Tử Nhà Bếp 1g-10kg, 0,1g- 5kg METIS Độ Chính Xác Cao, Chất Liệu Hợp Kim Thép Bền Bỉ Tặng Kèm 2 pin",1,2026-02-21,Electronic
1,chưa_nhận được hàng tại_sao mà kêu giao rồi là sao ? giao nhầm địa_chỉ à,"Cân Tiểu Ly Điện Tử Nhà Bếp 1g-10kg, 0,1g- 5kg METIS Độ Chính Xác Cao, Chất Liệu Hợp Kim Thép Bền Bỉ Tặng Kèm 2 pin",1,2026-02-20,Electronic
1,"xài vài bữa hư công_tắc , cái tay cầm thì nóng_hổi","[THẺ TRÚNG THƯỞNG] Ấm đun siêu tốc, Bình đun nước thủy tinh siêu tốc 2.5L, inox không gỉ dung tích 1.8L METIS",1,2026-02-16,Electronic
1,"máy mới lần đầu xài thì được nhưng sang đến lần thứ 2 thì mở máy không_chạy , không_hoạt_động đúng là giá rẻ nên xài đúng 1 lần . không_như lời giới_thiệu của cửa_hàng đâu_nhé",Máy Sấy Giày Khử Mùi Bằng Tia Cực Tím Thông Minh Có Hiển Thị Nhiệt Độ METIS Combo Làm Khô Tất Đa Năng,1,2026-02-14,Electronic
1,"độ bền : chưa_biết tốc_độ đun : bình_thường thiết_kế : được đáy không_phải_inox 304 , mua về đã thấy bị rỉ , dùng baking_soda và dấm không_thể làm sạch , dùng cọ xoong cũng không_thể làm sạch . không_tốt cho sức khỏe . thân_bình chưa_được chắc_chắn cho lắm .","Ấm đun siêu tốc, Bình đun nước thủy tinh siêu tốc 2.5L, inox không gỉ dung tích 1.8L METIS tay cầm chống nóng",1,2026-02-14,Electronic
1,"treo đầu dê , bán thịt chó , hàng về thì móp méo không_có_tem nhãn . mua xám giao_hồng , thấy đánh_giá cao mà làm_ăn kì_cục quá vậy",Máy Sấy Tóc Ion Âm 5in1 METIS Không Cánh Quạt 3 Tốc Độ Công Suất 2200W 2 Chiều Tặng Kèm Đầu Sấy,1,2026-02-12,Electronic
1,tệ . mỗi lần cân 1 số,GÓI BẢO HÀNH ĐIỆN TỬ 1 NĂM cho Cân Điện Tử METIS Sạc USB Kết Nối Bluetooth Phân Tích Chỉ Số Cơ Thể,1,2026-02-12,Electronic
1,tệ . mỗi lần lên 1 số,Cân Điện Tử METIS Sạc USB Kết Nối Bluetooth Phân Tích Chỉ Số Cơ Thể Trọng Lượng Tối Đa 180kg,1,2026-02-12,Electronic
1,dùng được vài ngày . bây_giờ hiển_thị_số lung_tung . lệch 10 kg trong một ngày .,Cân Điện Tử METIS Sạc USB Kết Nối Bluetooth Phân Tích Chỉ Số Cơ Thể Trọng Lượng Tối Đa 180kg,1,2026-02-11,Electronic
1,"sai màu , đặt hồng mà , sản_phẩm mới giao khui ra bị trầy . trả hàng lại thì tội_nghiệp người_giao_hàng nên nhận hàng luôn","Lược Chải Tóc Điện Ion Âm METIS Lược Duỗi Thẳng, Bảo Vệ Tóc Cao Cấp Với 50 Triệu Ion Âm",1,2026-02-11,Electronic
1,độ chính_xác : sai mỗi lần là 1 con_số khác nhau,Cân Điện Tử METIS Sạc USB Kết Nối Bluetooth Phân Tích Chỉ Số Cơ Thể Trọng Lượng Tối Đa 180kg,1,2026-02-10,Electronic
1,cân hay sai,Cân Điện Tử METIS Sạc USB Kết Nối Bluetooth Phân Tích Chỉ Số Cơ Thể Trọng Lượng Tối Đa 180kg,1,2026-02-09,Electronic
1,"độ bền : kém chất_lượng : kém đóng_gói sơ_sài . phần viền_sắc , mỏng . đun 4 lần rồi mà nước vẫn khét_lẹt","[THẺ TRÚNG THƯỞNG] Ấm đun siêu tốc, Bình đun nước thủy tinh siêu tốc 2.5L, inox không gỉ dung tích 1.8L METIS",1,2026-02-08,Electronic
1,độ chính_xác : dỏm,"Cân Tiểu Ly Điện Tử Nhà Bếp 1g-10kg, 0,1g- 5kg METIS Độ Chính Xác Cao, Chất Liệu Hợp Kim Thép Bền Bỉ Tặng Kèm 2 pin",1,2026-02-06,Electronic
1,dùng hộp bị rỉ sét hết,"GÓI BẢO HÀNH ĐIỆN TỬ 1 NĂM cho Cân Tiểu Ly Điện Tử Nhà Bếp 1g-10kg, 0,1g- 5kg METIS Độ Chính Xác Cao",1,2026-02-03,Electronic
1,chất_lượng : không_phải_inox 304 giữ nhiệt : không_giữ được nhiệt mình dùng 2 ngày là hộp inox bị rỉ sét rồi . in trên hộp là số 304 nhưng_mà_lại bị sét lốm_đốm . mình rửa xà_phòng phơi cho ráo vẫn bị sét lốm_đốm . hộp không_giữ được nhiệt .,"Hộp Đựng Cơm Túi Đựng Cơm Trưa Giữ Nhiệt Văn Phòng Cách Nhiệt, Combo 3 Ngăn Đựng Thức Ăn 2 Lớp Bằng Thép Không Gỉ 304",1,2026-02-03,Electronic
1,cũng không_giấy_tờ gói bảo_hành điện_tử gì cả,"GÓI BẢO HÀNH ĐIỆN TỬ 1 NĂM cho Cân Tiểu Ly Điện Tử Nhà Bếp 1g-10kg, 0,1g- 5kg METIS Độ Chính Xác Cao",1,2026-02-03,Electronic
1,"gửi hàng tào_lao , đánh_giá 0 ngôi_sao_lấp_lánh","Cân Tiểu Ly Điện Tử Nhà Bếp 1g-10kg, 0,1g- 5kg METIS Độ Chính Xác Cao, Chất Liệu Hợp Kim Thép Bền Bỉ Tặng Kèm 2 pin",1,2026-02-03,Electronic
1,độ chính_xác : cân nhảy_số lung_tung,"Cân Tiểu Ly Điện Tử Nhà Bếp 1g-10kg, 0,1g- 5kg METIS Độ Chính Xác Cao, Chất Liệu Hợp Kim Thép Bền Bỉ Tặng Kèm 2 pin",1,2026-02-02,Electronic
1,"vừa xài được 2 tuần là hư , cắm điện ở đâu_cũng không_lên , chạy được 1 chút là tắt luôn",Máy Sấy Tóc Ion Âm 5in1 METIS Không Cánh Quạt 3 Tốc Độ Công Suất 2200W 2 Chiều Tặng Kèm Đầu Sấy,1,2026-02-02,Electronic
1,không_nhận được thẻ bảo_hành,GÓI BẢO HÀNH ĐIỆN TỬ 1 NĂM cho Máy Sấy Tóc Ion Âm 5in1 METIS Không Cánh Quạt 3 Tốc Độ Công Suất 2200W,1,2026-02-02,Electronic
1,cân như đồ_chơi . mới dùng mấy lần đã hư rồi,"Cân Tiểu Ly Điện Tử Nhà Bếp 1g-10kg, 0,1g- 5kg METIS Độ Chính Xác Cao, Chất Liệu Hợp Kim Thép Bền Bỉ Tặng Kèm 2 pin",1,2026-01-31,Electronic
1,không_phản_hồi phần bảo_hành của mình,GÓI BẢO HÀNH ĐIỆN TỬ 1 NĂM cho Máy Sấy Giày Khử Mùi Bằng Tia Cực Tím Thông Minh Có Hiển Thị Nhiệt Độ METIS,1,2026-01-31,Electronic
1,"mình đã nói máy_sấy chạy được một tiếng rồi không_chạy nữa , nhắn bảo_hành thì không_được , máy khá nhẹ . mãi không_khô được giày , dùng máy_sấy tóc còn có_ích hơn",Máy Sấy Giày Khử Mùi Bằng Tia Cực Tím Thông Minh Có Hiển Thị Nhiệt Độ METIS Combo Làm Khô Tất Đa Năng,1,2026-01-31,Electronic
1,"bao_bì : xấu và móp_méo đóng_gói vô_cùng tệ , hàng móp_méo vẫn đóng cho khách",Máy chà gót chân METIS loại bỏ da chết và vết chai cho tiệm Nail mài gót chân tại nhà 2 đầu mài Sạc USB,1,2026-01-30,Electronic
1,mua hãng này giao hãng khác ! và không_có_phiếu bảo_hành luôn,Máy Sấy Tóc Ion Âm 5in1 METIS Không Cánh Quạt 3 Tốc Độ Công Suất 2200W 2 Chiều Tặng Kèm Đầu Sấy,1,2026-01-29,Electronic
1,dùng được hôm đầu_tiên đã bung ra rồi ạ,"Hộp Đựng Cơm Túi Đựng Cơm Trưa Giữ Nhiệt Văn Phòng Cách Nhiệt, Combo 3 Ngăn Đựng Thức Ăn 2 Lớp Bằng Thép Không Gỉ 304",1,2026-01-28,Electronic
1,"má ơi mua sản_phẩm mới mà tưởng giao cho hộp đồ qua sử_dụng rồi không_á , tả_tơi móp méo từ hộp bên ngoài thì có_thể do vận_chuyển , hộp bên trong mà rách bể ra luôn , tờ giấy hướng_dẫn thì như moi_móc ở chỗ nào ra nhét đại vào hộp , nhăn_nhúm từ khi mới mở ra . chưa_sử_dụng nên chưa_biết chất_lượng như nào nhưng nhìn cái hộp hàng thì thấy bất_ổn thật_sự .",Máy Sấy Tóc Ion Âm 5in1 METIS Không Cánh Quạt 3 Tốc Độ Công Suất 2200W 2 Chiều Tặng Kèm Đầu Sấy,1,2026-01-28,Electronic
1,sản_phẩm quá chán,Máy Sấy Giày Khử Mùi Bằng Tia Cực Tím Thông Minh Có Hiển Thị Nhiệt Độ METIS Combo Làm Khô Tất Đa Năng,1,2026-01-27,Electronic
1,"hôm_nay mới mở hộp sử_dụng . cân không_hoạt_động , sản_phẩm bị cấn phần đồng_hồ .","Cân Tiểu Ly Điện Tử Nhà Bếp 1g-10kg, 0,1g- 5kg METIS Độ Chính Xác Cao, Chất Liệu Hợp Kim Thép Bền Bỉ Tặng Kèm 2 pin",1,2026-01-27,Electronic
1,đặt màu xám giao màu tím mù màu hay gì :,Máy Sấy Tóc Ion Âm 5in1 METIS Không Cánh Quạt 3 Tốc Độ Công Suất 2200W 2 Chiều Tặng Kèm Đầu Sấy,1,2026-01-27,Electronic
1,"mua loại sạc lại gửi cho loại pin , không_hiểu làm_ăn kiểu gì",Cân Điện Tử METIS Sạc USB Kết Nối Bluetooth Phân Tích Chỉ Số Cơ Thể Trọng Lượng Tối Đa 180kg,1,2026-01-26,Electronic
1,đặt màu đen giao màu trắng,Cân Điện Tử METIS Sạc USB Kết Nối Bluetooth Phân Tích Chỉ Số Cơ Thể Trọng Lượng Tối Đa 180kg,1,2026-01-24,Electronic
1,"ứng_dụng , chọn giới_thiệu bạn_bè , sau đó sao_chép_mã giới_thiệu hoặc link chia_sẻ và gửi cho bạn_bè để họ nhập khi đăng_ký họ không_có_hàng",Miếng Dán Tường Treo và Cố Định Ổ Cắm Điện Đa Năng,1,2026-01-22,Electronic
1,chất_lượng sản_phẩm : thấy ghi có gói bảo_hành mà bóc ra không_thấy đâu_cả,GÓI BẢO HÀNH ĐIỆN TỬ 1 NĂM cho Máy Sấy Giày Khử Mùi Bằng Tia Cực Tím Thông Minh Có Hiển Thị Nhiệt Độ METIS,1,2026-01-20,Electronic
1,quá tệ,"GÓI BẢO HÀNH ĐIỆN TỬ 1 NĂM cho Cân Tiểu Ly Điện Tử Nhà Bếp 1g-10kg, 0,1g- 5kg METIS Độ Chính Xác Cao",1,2026-01-19,Electronic
1,hàng lỗi,Cân Điện Tử METIS Sạc USB Kết Nối Bluetooth Phân Tích Chỉ Số Cơ Thể Trọng Lượng Tối Đa 180kg,1,2026-01-19,Electronic
1,"vô tác_dụng , mua về đã hỏng nhắn thì không_xử_lý . không_biết gói bảo_hành tác_dụng gì nữa","GÓI BẢO HÀNH ĐIỆN TỬ 1 NĂM cho Cân Tiểu Ly Điện Tử Nhà Bếp 1g-10kg, 0,1g- 5kg METIS Độ Chính Xác Cao",1,2026-01-19,Electronic
1,hàng thiếu,"GÓI BẢO HÀNH ĐIỆN TỬ 1 NĂM cho Cân Tiểu Ly Điện Tử Nhà Bếp 1g-10kg, 0,1g- 5kg METIS Độ Chính Xác Cao",1,2026-01-17,Electronic
1,"chỉ dùng được đúng 7 ngày , dù sạc đầy pin nhưng máy chỉ bấm tới mức 1 chạy chắc cỡ 3 giây là tắt , sạc thử thêm vẫn không_hoạt_động nữa .","Máy massage cầm tay cao cấp, 6 chế độ mát xa toàn thân, lực đấm siêu mạnh tiện lợi",1,2026-01-17,Electronic
1,đặt màu đen sao gửi màu hồng rồi lúc cân kết_quả này . tí lại kết_quả khác,Cân Điện Tử METIS Sạc USB Kết Nối Bluetooth Phân Tích Chỉ Số Cơ Thể Trọng Lượng Tối Đa 180kg,1,2026-01-16,Electronic
1,hàng giao_chán thiệt_sự . như đồ cũ vậy . bề_mặt thì trầy quá trời,"Cân Tiểu Ly Điện Tử Nhà Bếp 1g-10kg, 0,1g- 5kg METIS Độ Chính Xác Cao, Chất Liệu Hợp Kim Thép Bền Bỉ Tặng Kèm 2 pin",1,2026-01-16,Electronic
1,"máy không_đúng với mô_tả , đã mua 1 lần , giờ mua lại thì hàng khác , các chế_độ_sấy quá tệ",Máy Sấy Tóc Ion Âm 5in1 METIS Không Cánh Quạt 3 Tốc Độ Công Suất 2200W 2 Chiều Tặng Kèm Đầu Sấy,1,2026-01-14,Electronic
1,tạm được,"Cân Tiểu Ly Điện Tử Nhà Bếp 1g-10kg, 0,1g- 5kg METIS Độ Chính Xác Cao, Chất Liệu Hợp Kim Thép Bền Bỉ Tặng Kèm 2 pin",1,2026-01-14,Electronic
1,"cân tào_lao , cân 3 lần liên_tiếp 3 số khác nhau , ăn rồi lại nhẹ hơn lúc chưa_ăn",Cân Điện Tử METIS Sạc USB Kết Nối Bluetooth Phân Tích Chỉ Số Cơ Thể Trọng Lượng Tối Đa 180kg,1,2026-01-14,Electronic
1,mới dùng đã,Máy Sấy Tóc Ion Âm 5in1 METIS Không Cánh Quạt 3 Tốc Độ Công Suất 2200W 2 Chiều Tặng Kèm Đầu Sấy,1,2026-01-13,Electronic
1,chất_lượng sản_phẩm : tệ tính_năng nổi_bật : tệ đúng với mô_tả : không_rác công_nghệ đặt về có ngày cháy nổ chập điện như_chơi .,Máy Sấy Giày Khử Mùi Bằng Tia Cực Tím Thông Minh Có Hiển Thị Nhiệt Độ METIS Combo Làm Khô Tất Đa Năng,1,2026-01-13,Electronic
1,số cứ nhảy tùm_lum . cân cũng không_phải_mới . ý là thấy nhiều đánh_giá 5 sao mới mua còn bị lầm .,"Cân Tiểu Ly Điện Tử Nhà Bếp 1g-10kg, 0,1g- 5kg METIS Độ Chính Xác Cao, Chất Liệu Hợp Kim Thép Bền Bỉ Tặng Kèm 2 pin",1,2026-01-11,Electronic
1,"chất_lượng tệ , mới mấy ngày máy đã hỏng . đổi máy mới thêm phí cũng hỏng tiếp",GÓI BẢO HÀNH ĐIỆN TỬ 1 NĂM cho Máy Sấy Giày Khử Mùi Bằng Tia Cực Tím Thông Minh Có Hiển Thị Nhiệt Độ METIS,1,2026-01-11,Electronic
1,đứng lên cân mà hoảng 125 kg : ? may kết_nối với app có_vẻ đúng cân hơn chắc vậy ngại đổi trả nên thôi dùng tạm,Cân Điện Tử METIS Sạc USB Kết Nối Bluetooth Phân Tích Chỉ Số Cơ Thể Trọng Lượng Tối Đa 180kg,1,2026-01-11,Electronic
1,đối_tượng sử_dụng : không_công_dụng : không_chưa nhận được hàng,Cân Điện Tử METIS Sạc USB Kết Nối Bluetooth Phân Tích Chỉ Số Cơ Thể Trọng Lượng Tối Đa 180kg,1,2026-01-11,Electronic
1,chất_lượng sản_phẩm quá tệ,GÓI BẢO HÀNH ĐIỆN TỬ 1 NĂM cho Cân Điện Tử METIS Sạc USB Kết Nối Bluetooth Phân Tích Chỉ Số Cơ Thể,1,2026-01-10,Electronic
1,cân không_đúng mỗi hôm một kiểu mua phí tiền nhà có trẻ nhỏ muốn mua về dùng giờ thành_ra bỏ xó,Cân Điện Tử METIS Sạc USB Kết Nối Bluetooth Phân Tích Chỉ Số Cơ Thể Trọng Lượng Tối Đa 180kg,1,2026-01-10,Electronic
1,mới mua sấy 1 lần cháy luôn . tệ,Máy Sấy Tóc Ion Âm 5in1 METIS Không Cánh Quạt 3 Tốc Độ Công Suất 2200W 2 Chiều Tặng Kèm Đầu Sấy,1,2026-01-10,Electronic
1,cân sai chỉ_số,Cân Điện Tử METIS Sạc USB Kết Nối Bluetooth Phân Tích Chỉ Số Cơ Thể Trọng Lượng Tối Đa 180kg,1,2026-01-09,Electronic
1,số nó mờ_tịt . chán ghê,"Cân Tiểu Ly Điện Tử Nhà Bếp 1g-10kg, 0,1g- 5kg METIS Độ Chính Xác Cao, Chất Liệu Hợp Kim Thép Bền Bỉ Tặng Kèm 2 pin",1,2026-01-08,Electronic
1,"sấy : tạm tạm khử mùi : tạm tạm chất_lượng : kém hàng vừa về dùng được 3 lần , sau đó chỉ dùng được 15 giây là tắt không_dùng được nữa hàng chất_lượng quá kém",Máy Sấy Giày Khử Mùi Bằng Tia Cực Tím Thông Minh Có Hiển Thị Nhiệt Độ METIS Combo Làm Khô Tất Đa Năng,1,2026-01-08,Electronic
1,"tối mình cân 44,5 kg , đi ngủ sáng dậy cân lại lên 46 kg . đủ wow : vậy",Cân Điện Tử METIS Sạc USB Kết Nối Bluetooth Phân Tích Chỉ Số Cơ Thể Trọng Lượng Tối Đa 180kg,1,2026-01-07,Electronic
1,"gói hàng chỉ lớp mỏng bóng khí nilon , vỏ ngoài bể , inox bên trong lỗi . rất mỏng . tệ","Hộp Đựng Cơm Túi Đựng Cơm Trưa Giữ Nhiệt Văn Phòng Cách Nhiệt, Combo 3 Ngăn Đựng Thức Ăn 2 Lớp Bằng Thép Không Gỉ 304",1,2026-01-06,Electronic
1,cân mới dùng được 4 ngày đã hư,"Cân Tiểu Ly Điện Tử Nhà Bếp 1g-10kg, 0,1g- 5kg METIS Độ Chính Xác Cao, Chất Liệu Hợp Kim Thép Bền Bỉ Tặng Kèm 2 pin",1,2026-01-06,Electronic
1,tệ,"GÓI BẢO HÀNH ĐIỆN TỬ 1 NĂM cho Cân Tiểu Ly Điện Tử Nhà Bếp 1g-10kg, 0,1g- 5kg METIS Độ Chính Xác Cao",1,2026-01-05,Electronic
1,bán hàng dối_trá . kém chất_lượng . mỏng không_đủ dung_tích,"Hộp Đựng Cơm Túi Đựng Cơm Trưa Giữ Nhiệt Văn Phòng Cách Nhiệt, Combo 3 Ngăn Đựng Thức Ăn 2 Lớp Bằng Thép Không Gỉ 304",1,2026-01-05,Electronic
1,máy sấy không_có_chế_độ nóng . không_phù_hợp để dùng khi trời lạnh .,Máy Sấy Tóc Ion Âm 5in1 METIS Không Cánh Quạt 3 Tốc Độ Công Suất 2200W 2 Chiều Tặng Kèm Đầu Sấy,1,2026-01-04,Electronic
1,tôi đặt trắng lại giao hồng,Cân Điện Tử METIS Sạc USB Kết Nối Bluetooth Phân Tích Chỉ Số Cơ Thể Trọng Lượng Tối Đa 180kg,1,2026-01-02,Electronic
1,không_thấy có phiếu bảo_hành,GÓI BẢO HÀNH ĐIỆN TỬ 1 NĂM cho Cân Điện Tử METIS Sạc USB Kết Nối Bluetooth Phân Tích Chỉ Số Cơ Thể,1,2025-12-31,Electronic
1,"cân bịp quá , mỗi lần lên cân là một kí khác nhau có_khi còn cộng thêm kí mỗi lần lên cân . từ 75 kg cân từ sáng tới tối thành 90 mấy kí ạ . coi như bỏ tiền ra đóng học_phí .",Cân Điện Tử METIS Sạc USB Kết Nối Bluetooth Phân Tích Chỉ Số Cơ Thể Trọng Lượng Tối Đa 180kg,1,2025-12-31,Electronic
1,ủa là sao tự_nhiên có đánh_giá 5 sao vậy nhỉ ?,"GÓI BẢO HÀNH ĐIỆN TỬ 1 NĂM cho Cân Tiểu Ly Điện Tử Nhà Bếp 1g-10kg, 0,1g- 5kg METIS Độ Chính Xác Cao",1,2025-12-28,Electronic
1,"rất ít khi đánh_giá nhưng sản_phẩm này kém quá , không_chính_xác .","Cân Tiểu Ly Điện Tử Nhà Bếp 1g-10kg, 0,1g- 5kg METIS Độ Chính Xác Cao, Chất Liệu Hợp Kim Thép Bền Bỉ Tặng Kèm 2 pin",1,2025-12-28,Electronic
1,sấy được 1 giày sang giày thứ 2 thì hỏng,Máy Sấy Giày Khử Mùi Bằng Tia Cực Tím Thông Minh Có Hiển Thị Nhiệt Độ METIS Combo Làm Khô Tất Đa Năng,2,2025-12-28,Electronic
1,"cân không_chính_xác , lúc thì 50 kg lúc thì 51 52 kg",Cân Điện Tử METIS Sạc USB Kết Nối Bluetooth Phân Tích Chỉ Số Cơ Thể Trọng Lượng Tối Đa 180kg,1,2025-12-26,Electronic
1,không_nên_mua . lược vừa nạp điện đầy mới chải được 2 cái là hết điện,"GÓI BẢO HÀNH ĐIỆN TỬ 1 NĂM cho Lược Chải Tóc Điện Ion Âm METIS Lược Duỗi Thẳng, Bảo Vệ Tóc",1,2025-12-26,Electronic
1,sản_phẩm kém chất_lượng bật khó lên và điều_chỉnh cũng khó,"Cân Tiểu Ly Điện Tử Nhà Bếp 1g-10kg, 0,1g- 5kg METIS Độ Chính Xác Cao, Chất Liệu Hợp Kim Thép Bền Bỉ Tặng Kèm 2 pin",1,2025-12-26,Electronic
1,chưa_thấy phiếu bảo_hành đâu,"GÓI BẢO HÀNH ĐIỆN TỬ 1 NĂM cho Cân Tiểu Ly Điện Tử Nhà Bếp 1g-10kg, 0,1g- 5kg METIS Độ Chính Xác Cao",1,2025-12-24,Electronic
1,cân không_chính_xác lúc nọ lúc kia,Cân Điện Tử METIS Sạc USB Kết Nối Bluetooth Phân Tích Chỉ Số Cơ Thể Trọng Lượng Tối Đa 180kg,1,2025-12-23,Electronic
1,hàng bị lỗi,Cân Điện Tử METIS Sạc USB Kết Nối Bluetooth Phân Tích Chỉ Số Cơ Thể Trọng Lượng Tối Đa 180kg,1,2025-12-22,Electronic
1,cửa_hàng giao cân hư . không_xài được,"GÓI BẢO HÀNH ĐIỆN TỬ 1 NĂM cho Cân Tiểu Ly Điện Tử Nhà Bếp 1g-10kg, 0,1g- 5kg METIS Độ Chính Xác Cao",1,2025-12-21,Electronic
1,chất_lượng sản_phẩm : cửa_hàng giao cân cũ . không_xài được . vỏ hộp thì mới . nhưng bên trong trầy_xước hết . gắn pin vô không_lên . tóm_lại là hư không_xài được . làm_ăn có tâm đi cửa_hàng à . cửa_hàng giao cân hư . không_xài được,"Cân Tiểu Ly Điện Tử Nhà Bếp 1g-10kg, 0,1g- 5kg METIS Độ Chính Xác Cao, Chất Liệu Hợp Kim Thép Bền Bỉ Tặng Kèm 2 pin",1,2025-12-21,Electronic
1,chất_lượng sản_phẩm : tệ đúng với mô_tả : như đồ_chơi,"Cân Tiểu Ly Điện Tử Nhà Bếp 1g-10kg, 0,1g- 5kg METIS Độ Chính Xác Cao, Chất Liệu Hợp Kim Thép Bền Bỉ Tặng Kèm 2 pin",1,2025-12-20,Electronic
1,xài chưa_đầy tháng đã hư rồi,"Ấm Siêu Tốc 2,5L, Ấm Đun Nước METIS Công Suất Cao 1500W Tự Ngắt Điện Khi Sôi, 2 Lớp Cách Nhiệt Chống Bỏng",1,2025-12-19,Electronic
1,"mua về để sấy_tóc cho con nhưng nó ồn 1 cách khủng_khiếp , bật lên là mẹ còn nhức đầu , dòng gấp gọn nhưng nhìn thô lắm chứ không_gọn , mua giá rẻ nhưng không_dùng được",Máy Sấy Tóc Ion Âm 5in1 METIS Không Cánh Quạt 3 Tốc Độ Công Suất 2200W 2 Chiều Tặng Kèm Đầu Sấy,1,2025-12-18,Electronic
1,cân sai không_đúng số cân lúc đi lấy cân khác cân thử thì rõ là mình tăng lên là 65 kg mà_lại ra 64.7 kg sai,Cân Điện Tử METIS Sạc USB Kết Nối Bluetooth Phân Tích Chỉ Số Cơ Thể Trọng Lượng Tối Đa 180kg,1,2025-12-17,Electronic
1,bán cân như cc 2 lần rồi vứt không_dùng được 1,"Cân Tiểu Ly Điện Tử Nhà Bếp 1g-10kg, 0,1g- 5kg METIS Độ Chính Xác Cao, Chất Liệu Hợp Kim Thép Bền Bỉ Tặng Kèm 2 pin",1,2025-12-17,Electronic
1,bao_bì : không_thấy cái này trong kiện hàng được giao mẹo : không_hiểu kinh_nghiệm sử_dụng : chưa_bao_giờ dùng qua cái này,GÓI BẢO HÀNH ĐIỆN TỬ 1 NĂM cho Máy Sấy Tóc Ion Âm 5in1 METIS Không Cánh Quạt 3 Tốc Độ Công Suất 2200W,1,2025-12-16,Electronic
1,công_dụng : cân lỗi cân_xài mà hiện số không_lúc này lúc kia,Cân Điện Tử METIS Sạc USB Kết Nối Bluetooth Phân Tích Chỉ Số Cơ Thể Trọng Lượng Tối Đa 180kg,1,2025-12-16,Electronic
1,đối_tượng sử_dụng : mọi người sản_phẩm chất_lượng kém cân không_đúng nghẹn_ngào kết_nối chậm,Cân Điện Tử METIS Sạc USB Kết Nối Bluetooth Phân Tích Chỉ Số Cơ Thể Trọng Lượng Tối Đa 180kg,1,2025-12-15,Electronic
1,chưa_dùng đã hỏng .,Máy Sấy Giày Khử Mùi Bằng Tia Cực Tím Thông Minh Có Hiển Thị Nhiệt Độ METIS Combo Làm Khô Tất Đa Năng,1,2025-12-15,Electronic
1,sấy mới 3 4 lần đã chảy 1 phần nhựa trong của lõi dính luôn cả đầu gió ra,Máy Sấy Tóc Ion Âm 5in1 METIS Không Cánh Quạt 3 Tốc Độ Công Suất 2200W 2 Chiều Tặng Kèm Đầu Sấy,1,2025-12-15,Electronic
1,chất_lượng sản_phẩm : hàng kém chất_lượng cân_nhảy không_loạn_bập không_nhận hàng_không được,"Cân Tiểu Ly Điện Tử Nhà Bếp 1g-10kg, 0,1g- 5kg METIS Độ Chính Xác Cao, Chất Liệu Hợp Kim Thép Bền Bỉ Tặng Kèm 2 pin",1,2025-12-14,Electronic
1,phí tiền !,GÓI BẢO HÀNH ĐIỆN TỬ 1 NĂM cho Máy Sấy Quần Áo Gấp Gọn Treo Tường Sang Trọng Nhỏ Gọn METIS,1,2025-12-14,Electronic
1,rất kém ! chỉ sấy được phía trên còn phía dưới ướt !_phí tiền,"Máy Sấy Quần Áo Gấp Gọn Treo Tường Sang Trọng Nhỏ Gọn METIS, Combo Làm Khô Đồ Với Công Nghệ Sấy 3D Tiết Kiệm Điện",1,2025-12-14,Electronic
1,"mua về bật được 1 lần sau đó không_lên , lừa_đảo","Cân Tiểu Ly Điện Tử Nhà Bếp 1g-10kg, 0,1g- 5kg METIS Độ Chính Xác Cao, Chất Liệu Hợp Kim Thép Bền Bỉ Tặng Kèm 2 pin",1,2025-12-14,Electronic
1,"đúng với mô_tả : cân này mua về làm đồ_chơi cho trẻ_con thì được chất_lượng sản_phẩm : tệ sai_số lớn , không_có_gì trên cân vẫn hiện trọng_lượng , cùng một thứ nhưng cân mỗi lần một khác . mua để cân mà không_dùng được .","Cân Tiểu Ly Điện Tử Nhà Bếp 1g-10kg, 0,1g- 5kg METIS Độ Chính Xác Cao, Chất Liệu Hợp Kim Thép Bền Bỉ Tặng Kèm 2 pin",2,2025-12-13,Electronic
1,máy không_hoạt_động,Máy Sấy Giày Khử Mùi Bằng Tia Cực Tím Thông Minh Có Hiển Thị Nhiệt Độ METIS Combo Làm Khô Tất Đa Năng,1,2025-12-12,Electronic
1,mua mấy hôm hỏng luôn chịu,"Cân Tiểu Ly Điện Tử Nhà Bếp 1g-10kg, 0,1g- 5kg METIS Độ Chính Xác Cao, Chất Liệu Hợp Kim Thép Bền Bỉ Tặng Kèm 2 pin",1,2025-12-11,Electronic
1,cân lỗi sạc cả ngày không_lên pin,Cân Điện Tử METIS Sạc USB Kết Nối Bluetooth Phân Tích Chỉ Số Cơ Thể Trọng Lượng Tối Đa 180kg,1,2025-12-10,Electronic
1,độ chính_xác : không_chính_xác toàn bị nhảy thôi cân này không_đúng lắm đâu,Cân Điện Tử METIS Sạc USB Kết Nối Bluetooth Phân Tích Chỉ Số Cơ Thể Trọng Lượng Tối Đa 180kg,1,2025-12-10,Electronic
1,"đối_tượng sử_dụng : được công_dụng : không_được_mọi người cân_nhắc khi mua nha , hàng rất ọp_ẹp , mỗi 1 lần cân ra 1 kết_quả khác nhau , coi như mua phí tiền . người ta mua về để theo_dõi giảm cân mà không_có_cân chính_xác , phí tiền quá",GÓI BẢO HÀNH ĐIỆN TỬ 1 NĂM cho Cân Điện Tử METIS Sạc USB Kết Nối Bluetooth Phân Tích Chỉ Số Cơ Thể,2,2025-12-09,Electronic
1,"đối_tượng sử_dụng : người công_dụng : không_được_mọi người cân_nhắc khi mua nha , hàng rất ọp_ẹp , mỗi 1 lần cân ra 1 kết_quả khác nhau , coi như mua phí tiền . người ta mua về để theo_dõi giảm cân mà không_có_cân chính_xác , phí tiền quá",Cân Điện Tử METIS Sạc USB Kết Nối Bluetooth Phân Tích Chỉ Số Cơ Thể Trọng Lượng Tối Đa 180kg,1,2025-12-09,Electronic
1,sau xài được 3 lần bật hết lên rồi trời mấy trăm_ngàn chứ phải mấy chục đâu,Máy Sấy Tóc Ion Âm 5in1 METIS Không Cánh Quạt 3 Tốc Độ Công Suất 2200W 2 Chiều Tặng Kèm Đầu Sấy,1,2025-12-09,Electronic
1,không_thấy có thẻ bảo_hành,"GÓI BẢO HÀNH ĐIỆN TỬ 1 NĂM cho Lược Chải Tóc Điện Ion Âm METIS Lược Duỗi Thẳng, Bảo Vệ Tóc",1,2025-12-09,Electronic
1,chất_lượng sản_phẩm quá tệ_độ sai_số quá cao,"Cân Tiểu Ly Điện Tử Nhà Bếp 1g-10kg, 0,1g- 5kg METIS Độ Chính Xác Cao, Chất Liệu Hợp Kim Thép Bền Bỉ Tặng Kèm 2 pin",1,2025-12-08,Electronic
1,mới dùng được 1 ngày hỏng tôi trả hàng,Máy Sấy Tóc Ion Âm 5in1 METIS Không Cánh Quạt 3 Tốc Độ Công Suất 2200W 2 Chiều Tặng Kèm Đầu Sấy,1,2025-12-07,Electronic
1,"chất_lượng sản_phẩm : tệ mua về lấy ra xài nhưng không_hoạt_động , quá thất_vọng","Cân Tiểu Ly Điện Tử Nhà Bếp 1g-10kg, 0,1g- 5kg METIS Độ Chính Xác Cao, Chất Liệu Hợp Kim Thép Bền Bỉ Tặng Kèm 2 pin",1,2025-12-05,Electronic
1,"không_nên_mua nha mọi người ơi , sấy tốn điện không_khô , chỗ khô chỗ không","Máy Sấy Quần Áo Gấp Gọn Treo Tường Sang Trọng Nhỏ Gọn METIS, Combo Làm Khô Đồ Với Công Nghệ Sấy 3D Tiết Kiệm Điện",1,2025-12-05,Electronic
1,"cân lúc đầu số cân khác , 5 phút sau cân lại thì_ra số cân khác là sao",Cân Điện Tử METIS Sạc USB Kết Nối Bluetooth Phân Tích Chỉ Số Cơ Thể Trọng Lượng Tối Đa 180kg,1,2025-12-04,Electronic
1,công_dụng : cân không_chuẩn,Cân Điện Tử METIS Sạc USB Kết Nối Bluetooth Phân Tích Chỉ Số Cơ Thể Trọng Lượng Tối Đa 180kg,1,2025-12-04,Electronic
1,mới dùng 1 lần đã như này,"Hộp Đựng Cơm Túi Đựng Cơm Trưa Giữ Nhiệt Văn Phòng Cách Nhiệt, Combo 3 Ngăn Đựng Thức Ăn 2 Lớp Bằng Thép Không Gỉ 304",1,2025-12-02,Electronic
1,"thất_vọng không_như mong_đợi , hàng lỗi yêu_cầu bảo_hành",Cân Điện Tử METIS Sạc USB Kết Nối Bluetooth Phân Tích Chỉ Số Cơ Thể Trọng Lượng Tối Đa 180kg,1,2025-12-01,Electronic
1,bật lên 10 giây sau thì cháy mẹ cả máy ghi hẹn giờ cho vui chứ chả_được_cái bố gì rã ra thì lèo_tèo vài cọng dây_điện chả_ra_tích sự gì,Máy Sấy Giày Khử Mùi Bằng Tia Cực Tím Thông Minh Có Hiển Thị Nhiệt Độ METIS Combo Làm Khô Tất Đa Năng,2,2025-11-29,Electronic
1,so với giá tiền thì thật_sự chán . giới_thiệu tâng bốc sản_phẩm quá mức : nhận về thất_vọng luôn ._lực thổi rất yếu . bỏ bằng tiền này ra tiệm mua có_khi còn được hàng tốt hơn . mua lần là sợ . không_quay lại,Máy Sấy Tóc Ion Âm 5in1 METIS Không Cánh Quạt 3 Tốc Độ Công Suất 2200W 2 Chiều Tặng Kèm Đầu Sấy,1,2025-11-29,Electronic
1,máy kêu quá ồn,Máy Sấy Giày Khử Mùi Bằng Tia Cực Tím Thông Minh Có Hiển Thị Nhiệt Độ METIS Combo Làm Khô Tất Đa Năng,1,2025-11-29,Electronic
1,"đặt mã 03 giao_mã 01 , lừa_đảo",Cân Điện Tử METIS Sạc USB Kết Nối Bluetooth Phân Tích Chỉ Số Cơ Thể Trọng Lượng Tối Đa 180kg,1,2025-11-28,Electronic
1,khá là tệ_cân mua về lên cân thì nghe tiếng cọt_kẹt sắp rớt ra ngoài,Cân Điện Tử METIS Sạc USB Kết Nối Bluetooth Phân Tích Chỉ Số Cơ Thể Trọng Lượng Tối Đa 180kg,1,2025-11-26,Electronic
1,"đặt máy trước mới dùng chưa_được tháng đã bị hỏng , hoàn_hàng đổi sang máy sau mở ra kiểm_tra đã hỏng luôn nút bật rồi",Máy Sấy Tóc Ion Âm 5in1 METIS Không Cánh Quạt 3 Tốc Độ Công Suất 2200W 2 Chiều Tặng Kèm Đầu Sấy,1,2025-11-26,Electronic
1,"đúng với mô_tả : hàng xước_xát nhiều nhìn như đồ cũ không_hài_lòng , cân vẫn chạy được nhưng giao hàng cũ","Cân Tiểu Ly Điện Tử Nhà Bếp 1g-10kg, 0,1g- 5kg METIS Độ Chính Xác Cao, Chất Liệu Hợp Kim Thép Bền Bỉ Tặng Kèm 2 pin",1,2025-11-25,Electronic
1,sản_phẩm chất_lượng kém . inox mỏng,"Hộp Đựng Cơm Túi Đựng Cơm Trưa Giữ Nhiệt Văn Phòng Cách Nhiệt, Combo 3 Ngăn Đựng Thức Ăn 2 Lớp Bằng Thép Không Gỉ 304",1,2025-11-25,Electronic
1,chải chưa_được nửa đầu hết pin con mẹ nó rồi,"Lược Chải Tóc Điện Ion Âm METIS Lược Duỗi Thẳng, Bảo Vệ Tóc Cao Cấp Với 50 Triệu Ion Âm",1,2025-11-24,Electronic
1,chất_lượng sản_phẩm : hàng dởm dùng được đúng 20 phút là tắt,Máy Sấy Giày Khử Mùi Bằng Tia Cực Tím Thông Minh Có Hiển Thị Nhiệt Độ METIS Combo Làm Khô Tất Đa Năng,1,2025-11-24,Electronic
1,"cái bảo_hành cân_điện_tử này không_sử_dụng , xem_ra cái bảo_hành này không_được_cái gì hết","GÓI DỊCH VỤ BẢO HÀNH ĐIỆN TỬ 1 NĂM cho Cân Tiểu Ly Điện Tử Nhà Bếp 1g-10kg, 0,1g- 5kg METIS Độ Chính Xác Cao",1,2025-11-23,Electronic
1,số bị nhảy liên_tục không_đứng im mặc_dù là đứng trong nhà không_hề_có_gió hay gì cả,"Cân Tiểu Ly Điện Tử Nhà Bếp 1g-10kg, 0,1g- 5kg METIS Độ Chính Xác Cao, Chất Liệu Hợp Kim Thép Bền Bỉ Tặng Kèm 2 pin",1,2025-11-23,Electronic
1,chất_lượng : rác_rưởi,GÓI DỊCH VỤ BẢO HÀNH ĐIỆN TỬ 1 NĂM cho Cân Điện Tử METIS Sạc USB Kết Nối Bluetooth Phân Tích Chỉ Số Cơ Thể,1,2025-11-22,Electronic
1,giao hàng chậm tận 5 ngày rất bực_mình,Cân Điện Tử METIS Sạc USB Kết Nối Bluetooth Phân Tích Chỉ Số Cơ Thể Trọng Lượng Tối Đa 180kg,1,2025-11-22,Electronic
1,"cửa_hàng cũng ăn_gian phết , mô_tả kích_thước hộp nhựa thì đúng như thực_tế , còn kích_thước lõi inox thì không_nói , và cái kết mở ra hộp inox bên trong chỉ có 420 ml và 400 ml thôi . khôn thật","Hộp Đựng Cơm Túi Đựng Cơm Trưa Giữ Nhiệt Văn Phòng Cách Nhiệt, Combo 3 Ngăn Đựng Thức Ăn 2 Lớp Bằng Thép Không Gỉ 304",1,2025-11-22,Electronic
1,tư_vấn không_nhiệt_tình,GÓI BẢO HÀNH ĐIỆN TỬ 1 NĂM cho Cân Điện Tử METIS Sạc USB Kết Nối Bluetooth Phân Tích Chỉ Số Cơ Thể,1,2025-11-22,Electronic
1,"tốc_độ : quần_áo đã phơi_ráo nước rồi , bỏ vào máy 8 tiếng mà vẫn không_khô chất_liệu : lồng_sấy vải mỏng quá kích_thước : bình_thường thời_tiết đà_nẵng lúc này còn nắng nên tôi đợi đến mưa mới mang máy ra kiểm_tra để mang về cho mẹ ở quê dùng vào mùa đông mà chất_lượng quá kém . bật sấy 2 lần 8 tiếng nhưng áo vẫn không_khô_ráo","Máy Sấy Quần Áo Gấp Gọn Treo Tường Sang Trọng Nhỏ Gọn METIS, Combo Làm Khô Đồ Với Công Nghệ Sấy 3D Tiết Kiệm Điện",1,2025-11-21,Electronic
1,chưa_dùng đã hỏng,"Cân Tiểu Ly Điện Tử Nhà Bếp 1g-10kg, 0,1g- 5kg METIS Độ Chính Xác Cao, Chất Liệu Hợp Kim Thép Bền Bỉ Tặng Kèm 2 pin",1,2025-11-20,Electronic
1,máy bị lỗi . không_bật được .,"Máy Sấy Quần Áo Gấp Gọn Treo Tường Sang Trọng Nhỏ Gọn METIS, Combo Làm Khô Đồ Với Công Nghệ Sấy 3D Tiết Kiệm Điện",1,2025-11-20,Electronic
1,không_thấy,"GÓI DỊCH VỤ BẢO HÀNH ĐIỆN TỬ 1 NĂM cho Cân Tiểu Ly Điện Tử Nhà Bếp 1g-10kg, 0,1g- 5kg METIS Độ Chính Xác Cao",1,2025-11-20,Electronic
1,"đồ giả , khuyên không_nên_mua , đồ nhái hộp cơm sản_phẩm chất_lượng kém","Hộp Đựng Cơm Túi Đựng Cơm Trưa Giữ Nhiệt Văn Phòng Cách Nhiệt, Combo 3 Ngăn Đựng Thức Ăn 2 Lớp Bằng Thép Không Gỉ 304",1,2025-11-20,Electronic
1,"cân hư không_lên màn_hình , hoàn_hàng thì không_đồng_ý",Cân Điện Tử METIS Sạc USB Kết Nối Bluetooth Phân Tích Chỉ Số Cơ Thể Trọng Lượng Tối Đa 180kg,1,2025-11-20,Electronic
1,kinh_nghiệm sử_dụng : hàng_không đúng như hình_ảnh mình mua 2 cái và quá tệ,Máy Sấy Tóc Ion Âm 5in1 METIS Không Cánh Quạt 3 Tốc Độ Công Suất 2200W 2 Chiều Tặng Kèm Đầu Sấy,1,2025-11-19,Electronic
1,giao hàng mới gì mà cái máy_trầy tùm lum,Máy Sấy Tóc Ion Âm 5in1 METIS Không Cánh Quạt 3 Tốc Độ Công Suất 2200W 2 Chiều Tặng Kèm Đầu Sấy,1,2025-11-19,Electronic
1,cân đểu lắm mọi người đừng_mua vừa mua xong đã thấy hỏng rồi cân cứ loạn hết cả lên hình_ảnh chỉ mang tính_chất nhận xu,"Cân Tiểu Ly Điện Tử Nhà Bếp 1g-10kg, 0,1g- 5kg METIS Độ Chính Xác Cao, Chất Liệu Hợp Kim Thép Bền Bỉ Tặng Kèm 2 pin",1,2025-11-19,Electronic
1,dùng được 1 lần lần 2 cháy máy .,Máy Sấy Giày Khử Mùi Bằng Tia Cực Tím Thông Minh Có Hiển Thị Nhiệt Độ METIS Combo Làm Khô Tất Đa Năng,1,2025-11-18,Electronic
1,"sấy đôi giày 8 giờ chưa_khô , quá tệ .",Máy Sấy Giày Khử Mùi Bằng Tia Cực Tím Thông Minh Có Hiển Thị Nhiệt Độ METIS Combo Làm Khô Tất Đa Năng,2,2025-11-18,Electronic
1,hơi khó dùng tí,"Cân Tiểu Ly Điện Tử Nhà Bếp 1g-10kg, 0,1g- 5kg METIS Độ Chính Xác Cao, Chất Liệu Hợp Kim Thép Bền Bỉ Tặng Kèm 2 pin",1,2025-11-17,Electronic
1,sản_phẩm mới mua được 1 tháng đã hỏng,"Cân Tiểu Ly Điện Tử Nhà Bếp 1g-10kg, 0,1g- 5kg METIS Độ Chính Xác Cao, Chất Liệu Hợp Kim Thép Bền Bỉ Tặng Kèm 2 pin",1,2025-11-17,Electronic
1,"cân không_chuẩn sáng cân 43.3 chiều cân 43 , tối_qua cân 42 cười_gượng",Cân Điện Tử METIS Sạc USB Kết Nối Bluetooth Phân Tích Chỉ Số Cơ Thể Trọng Lượng Tối Đa 180kg,1,2025-11-15,Electronic
1,siêu_tệ nghĩ sao hàng cháy khét chất_lượng tệ,Máy Sấy Tóc Ion Âm 5in1 METIS Không Cánh Quạt 3 Tốc Độ Công Suất 2200W 2 Chiều Tặng Kèm Đầu Sấy,1,2025-11-14,Electronic
1,cân sai rồi . mình đo 45 cân trong khi đó mình 48 cân . rồi cứ cho là 45 cân đi . mình mua tô hủ_tiếu to 30 k ăn . lúc chưa_ăn_đo 45.90 giờ ăn_không xong đo lại 45.65 . tuyệt_vọng trái_tim_tan_vỡ,Cân Điện Tử METIS Sạc USB Kết Nối Bluetooth Phân Tích Chỉ Số Cơ Thể Trọng Lượng Tối Đa 180kg,1,2025-11-14,Electronic
1,"sản_phẩm không_như mô_tả 2800 w nhưng giao chỉ 1500 w , thông_tin sản_phẩm cũng không_đúng so với ngoài bao_bì . chất_lượng sản_phẩm chưa_biết , nên điều_chỉnh lại thông_tin sản_phẩm trên trang .",Máy Sấy Tóc Ion Âm 5in1 METIS Không Cánh Quạt 3 Tốc Độ Công Suất 2200W 2 Chiều Tặng Kèm Đầu Sấy,1,2025-11-14,Electronic
1,cân đểu chưa_đứng lên cân đã nhảy_số mỗi lần cân mỗi số,Cân Điện Tử METIS Sạc USB Kết Nối Bluetooth Phân Tích Chỉ Số Cơ Thể Trọng Lượng Tối Đa 180kg,1,2025-11-13,Electronic
1,cân sai tùm lum,Cân Điện Tử METIS Sạc USB Kết Nối Bluetooth Phân Tích Chỉ Số Cơ Thể Trọng Lượng Tối Đa 180kg,1,2025-11-13,Electronic
1,"cửa_hàng giao cân bị hỏng , mà liên_hệ cửa_hàng chưa_được cần cửa_hàng hỗ_trợ","GÓI DỊCH VỤ BẢO HÀNH ĐIỆN TỬ 1 NĂM cho Cân Tiểu Ly Điện Tử Nhà Bếp 1g-10kg, 0,1g- 5kg METIS Độ Chính Xác Cao",1,2025-11-13,Electronic
1,"cân đểu nhé , cân gì mỗi lần cân là mỗi lần khác nhau dù cân cách nhau có mấy phút",Cân Điện Tử METIS Sạc USB Kết Nối Bluetooth Phân Tích Chỉ Số Cơ Thể Trọng Lượng Tối Đa 180kg,1,2025-11-13,Electronic
1,"phải cân mới không_vậy cửa_hàng , trầy_trụa như hàng đã qua sử_dụng vậy ạ","Cân Tiểu Ly Điện Tử Nhà Bếp 1g-10kg, 0,1g- 5kg METIS Độ Chính Xác Cao, Chất Liệu Hợp Kim Thép Bền Bỉ Tặng Kèm 2 pin",1,2025-11-12,Electronic
1,chế_độ nóng gần như chả_thấy gì,Máy Sấy Tóc Ion Âm 5in1 METIS Không Cánh Quạt 3 Tốc Độ Công Suất 2200W 2 Chiều Tặng Kèm Đầu Sấy,1,2025-11-12,Electronic
1,vừa giao là bể,Máy Sấy Tóc Ion Âm 5in1 METIS Không Cánh Quạt 3 Tốc Độ Công Suất 2200W 2 Chiều Tặng Kèm Đầu Sấy,1,2025-11-12,Electronic
1,"mẫu_mã thiết_kế ổn , còn độ_chính_xác thì kém , nhảy sai_số , không_dùng được",Cân Điện Tử METIS Sạc USB Kết Nối Bluetooth Phân Tích Chỉ Số Cơ Thể Trọng Lượng Tối Đa 180kg,1,2025-11-11,Electronic
1,"cân đểu , không_chính_xác , mua phí tiền","Cân Tiểu Ly Điện Tử Nhà Bếp 1g-10kg, 0,1g- 5kg METIS Độ Chính Xác Cao, Chất Liệu Hợp Kim Thép Bền Bỉ Tặng Kèm 2 pin",1,2025-11-09,Electronic
1,mới xài 2 lần là hư,Máy Sấy Giày Khử Mùi Bằng Tia Cực Tím Thông Minh Có Hiển Thị Nhiệt Độ METIS Combo Làm Khô Tất Đa Năng,1,2025-11-08,Electronic
1,mua về không_xài được . bấm lên được 2 lần rồi thôi . không_làm cách nào để nó lên lại được nữa,"GÓI DỊCH VỤ BẢO HÀNH ĐIỆN TỬ 1 NĂM cho Cân Tiểu Ly Điện Tử Nhà Bếp 1g-10kg, 0,1g- 5kg METIS Độ Chính Xác Cao",1,2025-11-08,Electronic
1,mua về bấm không_lên . không_xài được luôn,"Cân Tiểu Ly Điện Tử Nhà Bếp 1g-10kg, 0,1g- 5kg METIS Độ Chính Xác Cao, Chất Liệu Hợp Kim Thép Bền Bỉ Tặng Kèm 2 pin",1,2025-11-08,Electronic
1,cân rẻ_tiền nên rất lỏng_lẻo không_nên_mua nhé mọi người ta không_biết là em không,"Cân Tiểu Ly Điện Tử Nhà Bếp 1g-10kg, 0,1g- 5kg METIS Độ Chính Xác Cao, Chất Liệu Hợp Kim Thép Bền Bỉ Tặng Kèm 2 pin",1,2025-11-07,Electronic
1,sản_phẩm quá tệ . mới 2 ngày đã hỏng,Máy Sấy Giày Khử Mùi Bằng Tia Cực Tím Thông Minh Có Hiển Thị Nhiệt Độ METIS Combo Làm Khô Tất Đa Năng,1,2025-11-06,Electronic
1,xài mới được vài lần mà đã hư,"Cân Tiểu Ly Điện Tử Nhà Bếp 1g-10kg, 0,1g- 5kg METIS Độ Chính Xác Cao, Chất Liệu Hợp Kim Thép Bền Bỉ Tặng Kèm 2 pin",1,2025-11-04,Electronic
1,"cân ảo vãi_đái . lúc không_thì ít cân hơn lúc đói , cân mỗi lần 1 số khác nhau",Cân Điện Tử METIS Sạc USB Kết Nối Bluetooth Phân Tích Chỉ Số Cơ Thể Trọng Lượng Tối Đa 180kg,1,2025-11-04,Electronic
1,đề_nghị được đổi lại máy,GÓI DỊCH VỤ BẢO HÀNH ĐIỆN TỬ 1 NĂM cho Máy Sấy Giày Khử Mùi Bằng Tia Cực Tím Thông Minh Có Hiển Thị Nhiệt Độ METIS,1,2025-11-03,Electronic
1,"mới cắm điện thôi , chỉ trong 1 giây là nghe mùi khét và máy rất nóng . khi mở gói hàng thì hộp không_được_dán kỹ như 1 hộp mới . giống như ai đó đã khui",Máy Sấy Giày Khử Mùi Bằng Tia Cực Tím Thông Minh Có Hiển Thị Nhiệt Độ METIS Combo Làm Khô Tất Đa Năng,2,2025-11-03,Electronic
1,chất_lượng : dùng chưa_được 1 tháng đã rỉ sắt chứ không_phải_inox 304 đâu . phí tiền quá,"Hộp Đựng Cơm Túi Đựng Cơm Trưa Giữ Nhiệt Văn Phòng Cách Nhiệt, Combo 3 Ngăn Đựng Thức Ăn 2 Lớp Bằng Thép Không Gỉ 304",1,2025-11-03,Electronic
1,mới xài lần đầu_tiên bị cháy máy rồi,GÓI DỊCH VỤ BẢO HÀNH ĐIỆN TỬ 1 NĂM cho Máy Sấy Quần Áo Gấp Gọn Treo Tường Sang Trọng Nhỏ Gọn METIS,1,2025-11-03,Electronic
1,cân sai . nhắn không_hỗ_trợ,"Cân Tiểu Ly Điện Tử Nhà Bếp 1g-10kg, 0,1g- 5kg METIS Độ Chính Xác Cao, Chất Liệu Hợp Kim Thép Bền Bỉ Tặng Kèm 2 pin",1,2025-11-02,Electronic
1,"chắc sấy được tầm 3 cái áo cùng lúc , không_khô , chậm và không_xứng_đáng đồng_tiền","Máy Sấy Quần Áo Gấp Gọn Treo Tường Sang Trọng Nhỏ Gọn METIS, Combo Làm Khô Đồ Với Công Nghệ Sấy 3D Tiết Kiệm Điện",1,2025-11-01,Electronic
1,đổi được không ?,"Cân Tiểu Ly Điện Tử Nhà Bếp 1g-10kg, 0,1g- 5kg METIS Độ Chính Xác Cao, Chất Liệu Hợp Kim Thép Bền Bỉ Tặng Kèm 2 pin",1,2025-11-01,Electronic
1,hàng lỗi không_sử_dụng được quá chán_cân mà cứ hiện cái gì đâu_không,Cân Điện Tử METIS Sạc USB Kết Nối Bluetooth Phân Tích Chỉ Số Cơ Thể Trọng Lượng Tối Đa 180kg,1,2025-11-01,Electronic
1,dùng 1 lần đã han rỉ rồi : chán thật,"Hộp Đựng Cơm Túi Đựng Cơm Trưa Giữ Nhiệt Văn Phòng Cách Nhiệt, Combo 3 Ngăn Đựng Thức Ăn 2 Lớp Bằng Thép Không Gỉ 304",1,2025-10-31,Electronic
1,"không_biết như_thế_nào nhưng khâu đóng_gói tệ không_có_nổi cái hộp , phụ_kiện văng lung_tung đầu_sấy bị trầy",Máy Sấy Tóc Ion Âm 5in1 METIS Không Cánh Quạt 3 Tốc Độ Công Suất 2200W 2 Chiều Tặng Kèm Đầu Sấy,1,2025-10-31,Electronic
1,đóng_gói hàng rất tệ,GÓI DỊCH VỤ BẢO HÀNH ĐIỆN TỬ 1 NĂM cho Máy Sấy Giày Khử Mùi Bằng Tia Cực Tím Thông Minh Có Hiển Thị Nhiệt Độ METIS,1,2025-10-30,Electronic
1,đóng_gói quá tệ,Máy Sấy Giày Khử Mùi Bằng Tia Cực Tím Thông Minh Có Hiển Thị Nhiệt Độ METIS Combo Làm Khô Tất Đa Năng,1,2025-10-30,Electronic
1,cân không_chính_xác mỗi lần cân mỗi số kí,Cân Điện Tử METIS Sạc USB Kết Nối Bluetooth Phân Tích Chỉ Số Cơ Thể Trọng Lượng Tối Đa 180kg,1,2025-10-25,Electronic
1,mua gần 600 k mà không_xài được . cái để gỡ ra móc lên thì lại không_thể_nào gỡ ra được cứng_ngắc . mở muốn bật móng tay vẫn không_lên được . bán quá tệ . đừng_ai mua,"Máy Sấy Quần Áo Gấp Gọn Treo Tường Sang Trọng Nhỏ Gọn METIS, Combo Làm Khô Đồ Với Công Nghệ Sấy 3D Tiết Kiệm Điện",1,2025-10-22,Electronic
1,"ý là có mình tôi trúng síc rịc hả : ? chưa_kịp làm gì luôn ấy , tôi còn chưa_kịp kiểm_tra hay gì là nó rã ra luôn rồi ? 300 k việt_nam_đồng phải tiền hiền_lành nên bán hàng cỡ này á",Máy Sấy Tóc Ion Âm 5in1 METIS Không Cánh Quạt 3 Tốc Độ Công Suất 2200W 2 Chiều Tặng Kèm Đầu Sấy,2,2025-10-21,Electronic
1,cân không_chính_xác hay bị lỗi,"Cân Tiểu Ly Điện Tử Nhà Bếp 1g-10kg, 0,1g- 5kg METIS Độ Chính Xác Cao, Chất Liệu Hợp Kim Thép Bền Bỉ Tặng Kèm 2 pin",1,2025-10-19,Electronic
1,"hộp đựng cân bị bể 1 góc , vậy_mà vẫn giao cho khách_hàng ! cười_khẩy","Cân Tiểu Ly Điện Tử Nhà Bếp 1g-10kg, 0,1g- 5kg METIS Độ Chính Xác Cao, Chất Liệu Hợp Kim Thép Bền Bỉ Tặng Kèm 2 pin",1,2025-10-19,Electronic
1,dùng không_được_một lúc lại rơi một ổ điện bé mà hai cái vẫn không_giữ được,Miếng Dán Tường Treo và Cố Định Ổ Cắm Điện Đa Năng,1,2025-10-18,Electronic
1,cân cân lên mỗi lần mỗi số khác,"Cân Tiểu Ly Điện Tử Nhà Bếp 1g-10kg, 0,1g- 5kg METIS Độ Chính Xác Cao, Chất Liệu Hợp Kim Thép Bền Bỉ Tặng Kèm 2 pin",1,2025-10-17,Electronic
1,dùng được gần 2 tuần và đã có dấu_hiệu chập_cháy tại ổ và có 3 ổ không_dùng được,Ổ Cắm Chịu Tải Đa Năng Có 7 Cổng 2 usb Và 1 type c Có Công Tắc Điều Khiển An Toàn Tiện Lợi,2,2025-10-17,Electronic
1,"đúng mẫu_mã , nhưng đóng_gói không_chắc_chắn vỡ hết không_sử_dụng được , mong lần sau đóng_gói chắc_chắn hơn",Cân Điện Tử METIS Sạc USB Kết Nối Bluetooth Phân Tích Chỉ Số Cơ Thể Trọng Lượng Tối Đa 180kg,1,2025-10-16,Electronic
1,không_có_chỗ đổi trả lại,"GÓI DỊCH VỤ BẢO HÀNH ĐIỆN TỬ 1 NĂM cho Cân Tiểu Ly Điện Tử Nhà Bếp 1g-10kg, 0,1g- 5kg METIS Độ Chính Xác Cao",1,2025-10-15,Electronic
1,"sản_phẩm không_tốt , cân_đồ lên nhảy số tùm_lum không_có_chính_xác mà số thì cứ nhảy liên_tục nên không_biết_bao_nhiêu là chính_xác","Cân Tiểu Ly Điện Tử Nhà Bếp 1g-10kg, 0,1g- 5kg METIS Độ Chính Xác Cao, Chất Liệu Hợp Kim Thép Bền Bỉ Tặng Kèm 2 pin",1,2025-10-15,Electronic
1,"dùng được 3 hôm thì hỏng nhắn_tin bảo_hành thì chặn , quá tệ","Cân Tiểu Ly Điện Tử Nhà Bếp 1g-10kg, 0,1g- 5kg METIS Độ Chính Xác Cao, Chất Liệu Hợp Kim Thép Bền Bỉ Tặng Kèm 2 pin",1,2025-10-14,Electronic
1,"đúng với mô_tả : khác hoàn_toàn chất_lượng sản_phẩm : inox kém chất_lượng mỏng dính , rồi lớp giữ nhiệt_ôi trời như đồ_chơi vậy á , cửa_hàng giới_thiệu sản_phẩm là hàng tốt_đồ đó mà nói_chung thì thua_đồ ngoài chợ nữa . sử_dụng không_biết ảnh_hưởng sức khỏe không_nữa","Hộp Đựng Cơm Túi Đựng Cơm Trưa Giữ Nhiệt Văn Phòng Cách Nhiệt, Combo 3 Ngăn Đựng Thức Ăn 2 Lớp Bằng Thép Không Gỉ 304",1,2025-10-11,Electronic
1,không_hài_lòng !,"GÓI DỊCH VỤ BẢO HÀNH ĐIỆN TỬ 1 NĂM cho Cân Tiểu Ly Điện Tử Nhà Bếp 1g-10kg, 0,1g- 5kg METIS Độ Chính Xác Cao",1,2025-10-10,Electronic
1,giao cân bị cũ . trầy trụa tùm_lum hết . không_hài_lòng với sản_phẩm nha .,"Cân Tiểu Ly Điện Tử Nhà Bếp 1g-10kg, 0,1g- 5kg METIS Độ Chính Xác Cao, Chất Liệu Hợp Kim Thép Bền Bỉ Tặng Kèm 2 pin",1,2025-10-10,Electronic
1,mới dùng mà đã bị hỏng bật không_lên . mặc_dù thay pin mới,"Cân Tiểu Ly Điện Tử Nhà Bếp 1g-10kg, 0,1g- 5kg METIS Độ Chính Xác Cao, Chất Liệu Hợp Kim Thép Bền Bỉ Tặng Kèm 2 pin",1,2025-10-09,Electronic
1,sản_phẩm sai so với mô_tả mua metis mà bán godwell,GÓI DỊCH VỤ BẢO HÀNH ĐIỆN TỬ 1 NĂM cho Máy Sấy Tóc Ion Âm 5in1 METIS Không Cánh Quạt 3 Tốc Độ Công Suất 2200W 2 Chiều,1,2025-10-09,Electronic
1,xài nửa tháng và lỗi,"Cân Tiểu Ly Điện Tử Nhà Bếp 1g-10kg, 0,1g- 5kg METIS Độ Chính Xác Cao, Chất Liệu Hợp Kim Thép Bền Bỉ Tặng Kèm 2 pin",1,2025-10-08,Electronic
1,dùng được thời_gian thì bị rỉ sét quanh miệng hộp nhé . không_nên_mua,"Hộp Đựng Cơm Túi Đựng Cơm Trưa Giữ Nhiệt Văn Phòng Cách Nhiệt, Combo 3 Ngăn Đựng Thức Ăn 2 Lớp Bằng Thép Không Gỉ 304",1,2025-10-07,Electronic
1,"sản_phẩm bị hư_hỏng , không_lên nguồn .","Máy Sấy Quần Áo Gấp Gọn Treo Tường Sang Trọng Nhỏ Gọn METIS, Combo Làm Khô Đồ Với Công Nghệ Sấy 3D Tiết Kiệm Điện",1,2025-10-04,Electronic
1,"sạc mãi không_đầy pin , dùng được 1 lần là hết pin .","Lược Chải Tóc Điện Ion Âm METIS Lược Duỗi Thẳng, Bảo Vệ Tóc Cao Cấp Với 50 Triệu Ion Âm",1,2025-10-01,Electronic
1,đăng video 1 đằng sản_phẩm 1 nẻo . cũng hay . đánh_lừa thị_giác cẩn_thận .,"Bộ Tua Vít Đa Năng METIS, Mini Gồm 24 Đầu Nhỏ Sửa Điện Thoại, Mở Laptop, Mắt Kính, Đồng Hồ",1,2025-09-30,Electronic
1,"cân nhìn cũ giống hàng second hand , bỏ trên mặt_phẳng bị khập_khiễng bị lung_lay . trọng_lượng bị lệch nhẹ .","Cân Tiểu Ly Điện Tử Nhà Bếp 1g-10kg, 0,1g- 5kg METIS Độ Chính Xác Cao, Chất Liệu Hợp Kim Thép Bền Bỉ Tặng Kèm 2 pin",1,2025-09-29,Electronic
1,cân đến lần thứ 5 mới trùng nhau . cân không_chuẩn,Cân Điện Tử METIS Sạc USB Kết Nối Bluetooth Phân Tích Chỉ Số Cơ Thể Trọng Lượng Tối Đa 180kg,1,2025-09-28,Electronic
1,được cái cửa_hàng kêu đã nhắn_tin hỗ_trợ này nọ nhưng_mà có thấy đâu_buồn cửa_hàng cân hư_hỏng với cả không_dùng được đâu_á mọi người . tôi cân lúc được a lúc được b mặt hề mặt hề khóc tốn tiền mà tôi lại lười đổi trả khóc,Cân Điện Tử METIS Sạc USB Kết Nối Bluetooth Phân Tích Chỉ Số Cơ Thể Trọng Lượng Tối Đa 180kg,1,2025-09-27,Electronic
1,là sao vậy shop ?,"Hộp Đựng Cơm Túi Đựng Cơm Trưa Giữ Nhiệt Văn Phòng Cách Nhiệt, Combo 3 Ngăn Đựng Thức Ăn 2 Lớp Bằng Thép Không Gỉ 304",1,2025-09-26,Electronic
1,"sản_phẩm bị lỗi , sạc pin 5 6 giờ , khởi_động đèn nháy tầm 20 30 giây , tự_động tắt nguồn .","Lược Chải Tóc Điện Ion Âm METIS Lược Duỗi Thẳng, Bảo Vệ Tóc Cao Cấp Với 50 Triệu Ion Âm",1,2025-09-26,Electronic
1,"chất_lượng rất tệ : đồ chỉ khô ở trên , ở dưới còn lạnh vì hơi nóng không_thổi nhiều xuống dưới được . không_biết chức_năng hẹn giờ máy mình bị lỗi hay gì , để 1 giờ nhưng sau 1 giờ nó không_tự tắt","Máy Sấy Quần Áo Gấp Gọn Treo Tường Sang Trọng Nhỏ Gọn METIS, Combo Làm Khô Đồ Với Công Nghệ Sấy 3D Tiết Kiệm Điện",1,2025-09-23,Electronic
1,cân không_đúng,"Cân Tiểu Ly Điện Tử Nhà Bếp 1g-10kg, 0,1g- 5kg METIS Độ Chính Xác Cao, Chất Liệu Hợp Kim Thép Bền Bỉ Tặng Kèm 2 pin",1,2025-09-23,Electronic
1,"bảng_số bị lệch 1 bên , đồng_thời chất_lượng dịch_vụ tệ",Cân Điện Tử METIS Sạc USB Kết Nối Bluetooth Phân Tích Chỉ Số Cơ Thể Trọng Lượng Tối Đa 180kg,1,2025-09-22,Electronic
1,quá chán số không_hiển_thị lên thì mờ,Cân Điện Tử METIS Sạc USB Kết Nối Bluetooth Phân Tích Chỉ Số Cơ Thể Trọng Lượng Tối Đa 180kg,1,2025-09-21,Electronic
1,đóng_gói không_kĩ để bị rách,"Hộp Đựng Cơm Túi Đựng Cơm Trưa Giữ Nhiệt Văn Phòng Cách Nhiệt, Combo 3 Ngăn Đựng Thức Ăn 2 Lớp Bằng Thép Không Gỉ 304",1,2025-09-21,Electronic
1,"tệ , không_hoạt_động",GÓI DỊCH VỤ BẢO HÀNH ĐIỆN TỬ 1 NĂM cho Máy Sấy Quần Áo Gấp Gọn Treo Tường Sang Trọng Nhỏ Gọn METIS,1,2025-09-19,Electronic
1,"không_kết_nối được với app , nhắn_tin cửa_hàng_không hỗ_trợ",Cân Điện Tử METIS Sạc USB Kết Nối Bluetooth Phân Tích Chỉ Số Cơ Thể Trọng Lượng Tối Đa 180kg,1,2025-09-18,Electronic
1,cân tự nhảy_số liên_tục,"Cân Tiểu Ly Điện Tử Nhà Bếp 1g-10kg, 0,1g- 5kg METIS Độ Chính Xác Cao, Chất Liệu Hợp Kim Thép Bền Bỉ Tặng Kèm 2 pin",1,2025-09-17,Electronic
1,sản_phẩm quá tệ không_nên_mua cân 3 lần 3 số ký khác nhau,Cân Điện Tử METIS Sạc USB Kết Nối Bluetooth Phân Tích Chỉ Số Cơ Thể Trọng Lượng Tối Đa 180kg,1,2025-09-15,Electronic
1,sản_phẩm quá kém chất_lượng luôn . mới đựng cơm được đúng 2 bữa là bị nổ xong ăn nghe mùi sắt gỉ_tanh không_ăn nổi .,"Hộp Đựng Cơm Túi Đựng Cơm Trưa Giữ Nhiệt Văn Phòng Cách Nhiệt, Combo 3 Ngăn Đựng Thức Ăn 2 Lớp Bằng Thép Không Gỉ 304",1,2025-09-15,Electronic
1,"cân fake đứng lên ọp_ẹp chỉ sợ gẫy đôi , cân sai tùm_lum cân lần 1 lần 2 cách nhau hẳn 700 g 1 kg . ham rẻ mà quá sai_lầm , dùng như_không , mang bực vào người . sản_phẩm cực tệ",Cân Điện Tử METIS Sạc USB Kết Nối Bluetooth Phân Tích Chỉ Số Cơ Thể Trọng Lượng Tối Đa 180kg,1,2025-09-14,Electronic
1,"máy xài chắc_sấy được tầm 3 đôi , xong là hư .",Máy Sấy Giày Khử Mùi Bằng Tia Cực Tím Thông Minh Có Hiển Thị Nhiệt Độ METIS Combo Làm Khô Tất Đa Năng,2,2025-09-13,Electronic
1,"chất_lượng sản_phẩm : tệ quá tệ đúng với mô_tả : khác hoàn_toàn , quá bé quá dễ gãy , lừa_đảo tính_năng nổi_bật : kém , mọi người đừng_mua , sản_phẩm Trung_Quốc , rất nhỏ , không_có_giá treo máy và giá treo bên trong bằng nhựa rất dễ gãy , chiều dài chỉ khoảng 1 gang tay , không_treo được 2 bộ để sấy đâu . quá bức_xúc","Máy Sấy Quần Áo Gấp Gọn Treo Tường Sang Trọng Nhỏ Gọn METIS, Combo Làm Khô Đồ Với Công Nghệ Sấy 3D Tiết Kiệm Điện",1,2025-09-13,Electronic
1,chọn phân_loại bảo_hành 1 năm nhưng không_giải_quyết bảo_hành cho người mua hàng . sản_phẩm không_phải_inox mặc_dù lượng mua hàng rất nhiều . quá tệ,"Hộp Đựng Cơm Túi Đựng Cơm Trưa Giữ Nhiệt Văn Phòng Cách Nhiệt, Combo 3 Ngăn Đựng Thức Ăn 2 Lớp Bằng Thép Không Gỉ 304",1,2025-09-11,Electronic
1,"ấm đun được 3 ngày hư mất_tiêu , đang nấu sắp sôi thì đứt nguồn luôn , có_lẽ mua rẻ nên vậy á","Ấm Siêu Tốc 2,5L, Ấm Đun Nước METIS Công Suất Cao 1500W Tự Ngắt Điện Khi Sôi, 2 Lớp Cách Nhiệt Chống Bỏng",1,2025-09-11,Electronic
1,"chất_lượng sản_phẩm : tệ đúng với mô_tả : không_mua loại 12 tháng mà giao loại 3 tháng , cầm nhẹ_tâng như đồ_chơi , tin_tưởng mua loại 12 tháng mà giao hàng tệ quá . không_nên_mua nhé mọi người","Hộp Đựng Cơm Túi Đựng Cơm Trưa Giữ Nhiệt Văn Phòng Cách Nhiệt, Combo 3 Ngăn Đựng Thức Ăn 2 Lớp Bằng Thép Không Gỉ 304",1,2025-09-10,Electronic
1,"cân trọng_lượng 3 kg , nhưng thử tưởng_tượng đặt miếng thịt hay con cá 3 kg lên vừa không ?_cân nhỏ tí_xíu luôn . mình mua về gần 1 tháng và chưa_dùng nên không_biết có bền không .",Cân Điện Tử METIS Sạc USB Kết Nối Bluetooth Phân Tích Chỉ Số Cơ Thể Trọng Lượng Tối Đa 180kg,1,2025-09-09,Electronic
1,"quá tệ_máy sử_dụng được 1 tháng thì bị lỗi . nhắn cửa_hàng thì bảo hết hạn đổi trả , trong khi đó phần chính_sách bảo_hành không_thấy ghi thời_gian . đi bảo_hành sửa_chữa thì bắt khách chịu giao hàng 2 đầu . nhắn bộ_phận bảo_hành thì không_thấy trả_lời tin_tưởng cửa_hàng trung_tâm thương_mại ai dè thành_ra thế_này",Máy Sấy Tóc Ion Âm 5in1 METIS Không Cánh Quạt 3 Tốc Độ Công Suất 2200W 2 Chiều Tặng Kèm Đầu Sấy,6,2025-09-09,Electronic
1,chất_lượng sản_phẩm : quá_sức tưởng_tượng hộp đựng cơm mà xài lần thứ 2 đã bị rỉ sét ? rồi xài mấy lần sau ung_thư luôn hay gì cửa_hàng ?,"Hộp Đựng Cơm Túi Đựng Cơm Trưa Giữ Nhiệt Văn Phòng Cách Nhiệt, Combo 3 Ngăn Đựng Thức Ăn 2 Lớp Bằng Thép Không Gỉ 304",1,2025-09-09,Electronic
1,"cân chất_lượng quá tệ , sai tùm_lum , chênh_lệch lúc trước lúc sau tận 300 g . mình mua về vứt_xó mua cân khác dùng , đánh_giá cho người mua sau xem chất_lượng",Cân Điện Tử METIS Sạc USB Kết Nối Bluetooth Phân Tích Chỉ Số Cơ Thể Trọng Lượng Tối Đa 180kg,1,2025-09-08,Electronic
1,tính_năng nổi_bật : máy xay dùng xong sạc được một lần là hỏng không_dùng được nữa chất_lượng sản_phẩm : máy xay không_có_cái chặn giữa máy và cái xay nên mỗi lần rửa rất dễ bị dính nước vào chỗ sạc,Máy xay tỏi ớt mini cầm tay METIS máy say tỏi 250ml sử dụng cổng sạc usb đa năng tiện lợi,1,2025-09-07,Electronic
1,"phần này chỉ là mẹo tăng đánh_giá , chưa_dùng",GÓI DỊCH VỤ BẢO HÀNH ĐIỆN TỬ 1 NĂM cho Cân Điện Tử METIS Sạc USB Kết Nối Bluetooth Phân Tích Chỉ Số Cơ Thể,1,2025-09-07,Electronic
1,"hình_ảnh đăng một kiểu , hàng gửi thì khác . đăng là giữ nhiệt mà thực_tế nhận hàng thì mỗi cái lõi và bên ngoài là nhựa , không_giữ nhiệt được .","Hộp Đựng Cơm Túi Đựng Cơm Trưa Giữ Nhiệt Văn Phòng Cách Nhiệt, Combo 3 Ngăn Đựng Thức Ăn 2 Lớp Bằng Thép Không Gỉ 304",1,2025-09-07,Electronic
1,"cân này mình mua về bị lỗi hoài à , sử_dụng không_êm","Cân Tiểu Ly Điện Tử Nhà Bếp 1g-10kg, 0,1g- 5kg METIS Độ Chính Xác Cao, Chất Liệu Hợp Kim Thép Bền Bỉ Tặng Kèm 2 pin",1,2025-09-06,Electronic
1,kèm theo để đánh_giá mai_mốt bán sản_phẩm khác à,GÓI DỊCH VỤ BẢO HÀNH ĐIỆN TỬ 1 NĂM cho Cân Điện Tử METIS Sạc USB Kết Nối Bluetooth Phân Tích Chỉ Số Cơ Thể,1,2025-09-06,Electronic
1,bể tan_tành khi nhận .,Cân Điện Tử METIS Sạc USB Kết Nối Bluetooth Phân Tích Chỉ Số Cơ Thể Trọng Lượng Tối Đa 180kg,1,2025-09-06,Electronic
1,chất_lượng quá tồi . các bạn không_nên_mua,"Cân Tiểu Ly Điện Tử Nhà Bếp 1g-10kg, 0,1g- 5kg METIS Độ Chính Xác Cao, Chất Liệu Hợp Kim Thép Bền Bỉ Tặng Kèm 2 pin",1,2025-09-05,Electronic
1,"đối_tượng sử_dụng : mọi người công_dụng : cân cân_tệ quá , trước giờ mình chưa_đánh_giá 1 cửa_hàng nào , nhưng cân này mỗi lần lên cân là mỗi số khác nhau . nhảy số tùm lum",Cân Điện Tử METIS Sạc USB Kết Nối Bluetooth Phân Tích Chỉ Số Cơ Thể Trọng Lượng Tối Đa 180kg,3,2025-09-05,Electronic
1,hộp bị móp xong bên trong hộp cũng không_có_phiếu bảo_hành hay hướng_dẫn sử_dụng . nói_chung là với giá tiền như_vậy mình thấy không_phù_hợp với giá tiền,GÓI DỊCH VỤ BẢO HÀNH ĐIỆN TỬ 1 NĂM cho Máy Sấy Tóc Ion Âm 5in1 METIS Không Cánh Quạt 3 Tốc Độ Công Suất 2200W 2 Chiều,1,2025-09-03,Electronic
1,bao_bì : hộp bị móp máy cầm cũng không_nặng tay . và trong hộp cũng không_có_phiếu bảo_hành gì . xong hộp còn bị móp với ướt . với giá như thế thì không_phù_hợp với giá tiền đâu_ạ,Máy Sấy Tóc Ion Âm 5in1 METIS Không Cánh Quạt 3 Tốc Độ Công Suất 2200W 2 Chiều Tặng Kèm Đầu Sấy,1,2025-09-03,Electronic
1,"mới dùng được 1 tuần đã có hiện_tượng gỉ sắt rồi , không_nên_mua","Hộp Đựng Cơm Túi Đựng Cơm Trưa Giữ Nhiệt Văn Phòng Cách Nhiệt, Combo 3 Ngăn Đựng Thức Ăn 2 Lớp Bằng Thép Không Gỉ 304",1,2025-09-03,Electronic
1,"xài chán lắm , sấy có 2 bộ_đồ mà khô ở trên không_khô ở dưới , chân_túi không_liền_lạc với khung máy nên xì_hơi nóng ra ngoài làm đồ không_khô và tốn điện","Máy Sấy Quần Áo Gấp Gọn Treo Tường Sang Trọng Nhỏ Gọn METIS, Combo Làm Khô Đồ Với Công Nghệ Sấy 3D Tiết Kiệm Điện",1,2025-09-03,Electronic
1,chất_lượng sản_phẩm : tệ dùng mấy hôm các hộp đựng cơm han gỉ hết,"Hộp Đựng Cơm Túi Đựng Cơm Trưa Giữ Nhiệt Văn Phòng Cách Nhiệt, Combo 3 Ngăn Đựng Thức Ăn 2 Lớp Bằng Thép Không Gỉ 304",1,2025-09-01,Electronic
1,chất_lượng sản_phẩm : tệ,"Hộp Đựng Cơm Túi Đựng Cơm Trưa Giữ Nhiệt Văn Phòng Cách Nhiệt, Combo 3 Ngăn Đựng Thức Ăn 2 Lớp Bằng Thép Không Gỉ 304",1,2025-08-31,Electronic
1,công_dụng : đo cân nặng đối_tượng sử_dụng : tất_cả mọi người chiếc cân khá là dễ vỡ mới mua được 2 hôm thôi đã vỡ rơi từ cái ghế đỏ thấp thấp thôi vậy mà nó dễ vỡ hơn cốc thủy_tinh nữa hơi thất_vọng trái_tim tan_vỡ,Cân Điện Tử METIS Sạc USB Kết Nối Bluetooth Phân Tích Chỉ Số Cơ Thể Trọng Lượng Tối Đa 180kg,2,2025-08-30,Electronic
1,sản_phẩm không_như mô_tả : lược ấm thôi chứ không_đủ nóng để làm thẳng tóc mua rồi lại vứt luôn chứ không_dùng được,"Lược Chải Tóc Điện Ion Âm METIS Lược Duỗi Thẳng, Bảo Vệ Tóc Cao Cấp Với 50 Triệu Ion Âm",2,2025-08-30,Electronic
1,"mình đã mua hàng , khuyên thật mọi người mua lược gỗ còn ăn_tóc hơn , dùng lược này không_có_tác_dụng gì cả","Lược Chải Tóc Điện Ion Âm METIS Lược Duỗi Thẳng, Bảo Vệ Tóc Cao Cấp Với 50 Triệu Ion Âm",1,2025-08-29,Electronic
1,cân đểu,Cân Điện Tử METIS Sạc USB Kết Nối Bluetooth Phân Tích Chỉ Số Cơ Thể Trọng Lượng Tối Đa 180kg,1,2025-08-28,Electronic
1,"dùng được mấy hôm đã hỏng ạ , cân không_chính_xác mặc_dù đã sạc đầy_đủ",Cân Điện Tử METIS Sạc USB Kết Nối Bluetooth Phân Tích Chỉ Số Cơ Thể Trọng Lượng Tối Đa 180kg,1,2025-08-28,Electronic
1,không_giữ nhiệt,"Hộp Đựng Cơm Túi Đựng Cơm Trưa Giữ Nhiệt Văn Phòng Cách Nhiệt, Combo 3 Ngăn Đựng Thức Ăn 2 Lớp Bằng Thép Không Gỉ 304",1,2025-08-25,Electronic
1,"đúng với mô_tả : không_tính_năng nổi_bật : sấy chất_lượng sản_phẩm : bình_thường , không_đúng với mô_tả máy_sấy ồn , không_hẹn giờ chỉ on off rồi sử_dụng",Máy Sấy Giày Khử Mùi Bằng Tia Cực Tím Thông Minh Có Hiển Thị Nhiệt Độ METIS Combo Làm Khô Tất Đa Năng,1,2025-08-24,Electronic
1,chất_lượng sản_phẩm : hoàn_thiện tốt được 1 ngày đúng với mô_tả : đúng với mô_tả dùng được 1 ngày thì nhảy_số loạn_xạ lên,"Cân Tiểu Ly Điện Tử Nhà Bếp 1g-10kg, 0,1g- 5kg METIS Độ Chính Xác Cao, Chất Liệu Hợp Kim Thép Bền Bỉ Tặng Kèm 2 pin",2,2025-08-24,Electronic
1,pin bảo 10.000 mà thực_tế có 500 sử_dụng chế_độ tối_đa chưa_tới 2 giờ,"Quạt Tích Điện Điều Hòa METIS Kẹp Quần Áo Đa Năng Mini Pin 10000mAh Nhiều Mức Độ Gió Mang Đi Du Lịch Phượt, Làm Việc",1,2025-08-23,Electronic
1,dùng được 2 tuần là hỏng . cân mỗi lúc 1 số . mình tưởng hết pin mặc_dù 1 lần sạc đầy dùng được 6 tháng . đi sạc lại nhưng vẫn bị cân sai . thất_vọng,Cân Điện Tử METIS Sạc USB Kết Nối Bluetooth Phân Tích Chỉ Số Cơ Thể Trọng Lượng Tối Đa 180kg,1,2025-08-22,Electronic
1,cân hơi lệch nha,Cân Điện Tử METIS Sạc USB Kết Nối Bluetooth Phân Tích Chỉ Số Cơ Thể Trọng Lượng Tối Đa 180kg,1,2025-08-22,Electronic
1,bán đồ đểu cân cũ,"Cân Tiểu Ly Điện Tử Nhà Bếp 1g-10kg, 0,1g- 5kg METIS Độ Chính Xác Cao, Chất Liệu Hợp Kim Thép Bền Bỉ Tặng Kèm 2 pin",1,2025-08-21,Electronic
1,biết là sử_dụng lâu thì sản_phẩm sẽ bị rỉ_sét nhưng không_ngờ chỉ xài 3 lần là bị rồi,"Hộp Đựng Cơm Túi Đựng Cơm Trưa Giữ Nhiệt Văn Phòng Cách Nhiệt, Combo 3 Ngăn Đựng Thức Ăn 2 Lớp Bằng Thép Không Gỉ 304",1,2025-08-21,Electronic
1,"mình trả hàng bên giao_hàng không_qua lấy 2 lần bị lỡ , nhắn bảo_hành thì không_trả_lời , dùng qua nước hôm sau han rỉ","Hộp Đựng Cơm Túi Đựng Cơm Trưa Giữ Nhiệt Văn Phòng Cách Nhiệt, Combo 3 Ngăn Đựng Thức Ăn 2 Lớp Bằng Thép Không Gỉ 304",1,2025-08-20,Electronic
1,"cân bị sai nha_mọi_người . lần 1 cân báo ra 1 loại , xong đợi 5 giây_nhảy lên cân lại báo cân khác .",Cân Điện Tử METIS Sạc USB Kết Nối Bluetooth Phân Tích Chỉ Số Cơ Thể Trọng Lượng Tối Đa 180kg,1,2025-08-20,Electronic
1,"bẩn , trầy , tróc , chùi không_ra , rửa không_ra","Hộp Đựng Cơm Túi Đựng Cơm Trưa Giữ Nhiệt Văn Phòng Cách Nhiệt, Combo 3 Ngăn Đựng Thức Ăn 2 Lớp Bằng Thép Không Gỉ 304",1,2025-08-19,Electronic
1,gửi cân lỗi cân không_đúng,Cân Điện Tử METIS Sạc USB Kết Nối Bluetooth Phân Tích Chỉ Số Cơ Thể Trọng Lượng Tối Đa 180kg,1,2025-08-18,Electronic
1,quá tệ mình mua cho ba_mẹ chưa_kiểm_hàng được nghe ba_mẹ nói cân bị hư mình bây_giờ mới xem thử thì cân_nhảy số sai lung_tung quá tệ,Cân Điện Tử METIS Sạc USB Kết Nối Bluetooth Phân Tích Chỉ Số Cơ Thể Trọng Lượng Tối Đa 180kg,1,2025-08-18,Electronic
1,cân không_chính_xác cân đi cân lại 1 thời_điểm ra 3 kết_quả khác nhau lệch từ 500 g tới 1 kg,Cân Điện Tử METIS Sạc USB Kết Nối Bluetooth Phân Tích Chỉ Số Cơ Thể Trọng Lượng Tối Đa 180kg,1,2025-08-18,Electronic
1,không_có_hàng,"Miếng dán sticker kích thước 7.2x4.6cm Metis trang trí phụ kiện, móng tay",1,2025-08-16,Electronic
1,"lần đầu đánh_giá 1 sao không_mong_muốn . khi mua cũng tìm_hiểu kỹ , thấy 5 sao rất nhiều nhưng mua về lúc sử_dụng được lúc không , cân không_đúng số ký",Cân Điện Tử METIS Sạc USB Kết Nối Bluetooth Phân Tích Chỉ Số Cơ Thể Trọng Lượng Tối Đa 180kg,1,2025-08-16,Electronic
1,hàng nhận về mở ra bị vỡ vụn . giá_trị không_đáng bao_nhiêu nhưng có cảm_giác không_được_tôn_trọng,Miếng Dán Tường Treo và Cố Định Ổ Cắm Điện Đa Năng,1,2025-08-15,Electronic
1,"hàng nhận về vỡ vụn , giá_trị nhỏ nhưng tạo cảm_giác khách_hàng không_được_tôn_trọng",Cân Điện Tử METIS Sạc USB Kết Nối Bluetooth Phân Tích Chỉ Số Cơ Thể Trọng Lượng Tối Đa 180kg,1,2025-08-15,Electronic
1,cân hỏng mẹ rồi cũng bán được,Cân Điện Tử METIS Sạc USB Kết Nối Bluetooth Phân Tích Chỉ Số Cơ Thể Trọng Lượng Tối Đa 180kg,2,2025-08-15,Electronic
1,mua được nửa tháng không_ai động_chạm đến tự_dưng nổ vỡ cân,Cân Điện Tử METIS Sạc USB Kết Nối Bluetooth Phân Tích Chỉ Số Cơ Thể Trọng Lượng Tối Đa 180kg,2,2025-08-13,Electronic
1,"nay mình mới lấy máy ra sử_dụng , mình chỉ cắm mức nhiệt_thấp nhất và cài chế_độ 120 phút , khi hết thời_gian ra kiểm_tra thì thấy đồ vẫn ướt như ban_đầu . mà trên thân máy đã bị chảy nhựa cười_ra_nước_mắt cười_ra_nước_mắt máy như này là bỏ đi luôn chứ sao dám sử_dụng được nữa ạ","Máy Sấy Quần Áo Gấp Gọn Treo Tường Sang Trọng Nhỏ Gọn METIS, Combo Làm Khô Đồ Với Công Nghệ Sấy 3D Tiết Kiệm Điện",12,2025-08-12,Electronic
1,chất_lượng sản_phẩm : rất tệ đúng với mô_tả : hư bể nát_tệ !,"Cân Tiểu Ly Điện Tử Nhà Bếp 1g-10kg, 0,1g- 5kg METIS Độ Chính Xác Cao, Chất Liệu Hợp Kim Thép Bền Bỉ Tặng Kèm 2 pin",3,2025-08-12,Electronic
1,cân bong hết cả lớp trên mặt ra nhưng lỡ bấm nhận hàng nên thôi . quá là thất_vọng luôn,"Cân Tiểu Ly Điện Tử Nhà Bếp 1g-10kg, 0,1g- 5kg METIS Độ Chính Xác Cao, Chất Liệu Hợp Kim Thép Bền Bỉ Tặng Kèm 2 pin",2,2025-08-12,Electronic
1,cân sai_số liên_tục . cân 3 lần 3 số khác nhau . mọi người nên mua cân_mắc tí về xài chứ mấy cái cân này mua về như đồ_chơi ấy .,Cân Điện Tử METIS Sạc USB Kết Nối Bluetooth Phân Tích Chỉ Số Cơ Thể Trọng Lượng Tối Đa 180kg,1,2025-08-11,Electronic
1,công_dụng : cân không_chuẩn lắm cân cách nhau 10 phút nhưng chênh nhau 5 kg khó thế cũng làm được,Cân Điện Tử METIS Sạc USB Kết Nối Bluetooth Phân Tích Chỉ Số Cơ Thể Trọng Lượng Tối Đa 180kg,1,2025-08-10,Electronic
1,"không_phải_sấy_ion , khi sấy nhiệt_độ cao rất khét",Máy Sấy Tóc Ion Âm 5in1 METIS Không Cánh Quạt 3 Tốc Độ Công Suất 2200W 2 Chiều Tặng Kèm Đầu Sấy,1,2025-08-10,Electronic
1,đối_tượng sử_dụng : không_tốt cân không_chuẩn mỗi thứ cân khác nhau . chán quá,Cân Điện Tử METIS Sạc USB Kết Nối Bluetooth Phân Tích Chỉ Số Cơ Thể Trọng Lượng Tối Đa 180kg,1,2025-08-10,Electronic
1,"tôi chưa_sử_dụng được , liên_hệ với shop cũng mất_hút luôn !","Lược Chải Tóc Điện Ion Âm METIS Lược Duỗi Thẳng, Bảo Vệ Tóc Cao Cấp Với 50 Triệu Ion Âm",1,2025-08-09,Electronic
1,"sản_phẩm không_đáng tiền , dùng 1 lần đã rỉ_sét , trông mất vệ_sinh , giữ ấm không_quá 2 tiếng","Hộp Đựng Cơm Túi Đựng Cơm Trưa Giữ Nhiệt Văn Phòng Cách Nhiệt, Combo 3 Ngăn Đựng Thức Ăn 2 Lớp Bằng Thép Không Gỉ 304",1,2025-08-09,Electronic
1,đối_tượng sử_dụng : cân_đo không_có_tác_dụng,Cân Điện Tử METIS Sạc USB Kết Nối Bluetooth Phân Tích Chỉ Số Cơ Thể Trọng Lượng Tối Đa 180kg,1,2025-08-08,Electronic
1,công_dụng : cân_đối_tượng sử_dụng : tất_cả mọi người chăm_sóc khách_hàng kém . đánh_giá 1 sao tệ cãi,Cân Điện Tử METIS Sạc USB Kết Nối Bluetooth Phân Tích Chỉ Số Cơ Thể Trọng Lượng Tối Đa 180kg,1,2025-08-08,Electronic
1,công_dụng : đo cân nặng chăm_sóc khách_hàng siêu_kém . mua 2 lần đều không_thước .,Cân Điện Tử METIS Sạc USB Kết Nối Bluetooth Phân Tích Chỉ Số Cơ Thể Trọng Lượng Tối Đa 180kg,1,2025-08-08,Electronic
1,"5 phút nhảy lên cân 3 lần , mỗi lần hiện số cân khác nhau , chênh nhau phải cả 1 kg , đéo hiểu kiểu gì , đểu_dỏm , mua cũng có rẻ đâu",Cân Điện Tử METIS Sạc USB Kết Nối Bluetooth Phân Tích Chỉ Số Cơ Thể Trọng Lượng Tối Đa 180kg,1,2025-08-08,Electronic
1,"xài đúng 7 tuần , sét rỉ mẹ nó mất","Hộp Đựng Cơm Túi Đựng Cơm Trưa Giữ Nhiệt Văn Phòng Cách Nhiệt, Combo 3 Ngăn Đựng Thức Ăn 2 Lớp Bằng Thép Không Gỉ 304",2,2025-08-07,Electronic
1,"sử_dụng mới được 2 lần đã sét , quá thất_vọng","Hộp Đựng Cơm Túi Đựng Cơm Trưa Giữ Nhiệt Văn Phòng Cách Nhiệt, Combo 3 Ngăn Đựng Thức Ăn 2 Lớp Bằng Thép Không Gỉ 304",1,2025-08-07,Electronic
1,"cân đểu mọi người đừng_mua , không_cân được đâu , cho dây sạc còn không_cắm vào được cân nhé",Cân Điện Tử METIS Sạc USB Kết Nối Bluetooth Phân Tích Chỉ Số Cơ Thể Trọng Lượng Tối Đa 180kg,1,2025-08-06,Electronic
1,"hàng lỗi , lúc hoàn thì shopee không_hỗ_trợ , 2 lần rồi vẫn không_được , không_hiểu nổi",Cân Điện Tử METIS Sạc USB Kết Nối Bluetooth Phân Tích Chỉ Số Cơ Thể Trọng Lượng Tối Đa 180kg,1,2025-08-06,Electronic
1,như quần_xài được đúng 1 lần,Máy Sấy Giày Khử Mùi Bằng Tia Cực Tím Thông Minh Có Hiển Thị Nhiệt Độ METIS Combo Làm Khô Tất Đa Năng,2,2025-08-05,Electronic
1,mặt cân bị xước nhiều,"Cân Tiểu Ly Điện Tử Nhà Bếp 1g-10kg, 0,1g- 5kg METIS Độ Chính Xác Cao, Chất Liệu Hợp Kim Thép Bền Bỉ Tặng Kèm 2 pin",1,2025-08-05,Electronic
1,"cân rất dỏm luôn , đèn thì mờ , phí tiền","Cân Tiểu Ly Điện Tử Nhà Bếp 1g-10kg, 0,1g- 5kg METIS Độ Chính Xác Cao, Chất Liệu Hợp Kim Thép Bền Bỉ Tặng Kèm 2 pin",1,2025-08-04,Electronic
1,chất_lượng sản_phẩm : kém thật_sự là thất_vọng,"Hộp Đựng Cơm Túi Đựng Cơm Trưa Giữ Nhiệt Văn Phòng Cách Nhiệt, Combo 3 Ngăn Đựng Thức Ăn 2 Lớp Bằng Thép Không Gỉ 304",1,2025-08-04,Electronic
1,hàng lỗi cửa_hàng không_chịu trách_nhiệm,Cân Điện Tử METIS Sạc USB Kết Nối Bluetooth Phân Tích Chỉ Số Cơ Thể Trọng Lượng Tối Đa 180kg,1,2025-08-04,Electronic
1,mới nhận hàng về đã thiếu mất vít treo đồ .,"Máy Sấy Quần Áo Gấp Gọn Treo Tường Sang Trọng Nhỏ Gọn METIS, Combo Làm Khô Đồ Với Công Nghệ Sấy 3D Tiết Kiệm Điện",1,2025-08-03,Electronic
1,"đúng với mô_tả : sản_phẩm khác trên ảnh sản_phẩm giao khác mẫu ảnh nhiều , còn giao thiếu đũa","Hộp Đựng Cơm Túi Đựng Cơm Trưa Giữ Nhiệt Văn Phòng Cách Nhiệt, Combo 3 Ngăn Đựng Thức Ăn 2 Lớp Bằng Thép Không Gỉ 304",1,2025-08-03,Electronic
1,cân gì mà ai cân cũng nặng hơn 100 cân vậy á trăng_tròn,Cân Điện Tử METIS Sạc USB Kết Nối Bluetooth Phân Tích Chỉ Số Cơ Thể Trọng Lượng Tối Đa 180kg,1,2025-08-01,Electronic
1,"cân quá tệ , không_đạt tiêu_chuẩn nên chỉ đáng 1 sao , mọi người nên né cửa_hàng này ra",Cân Điện Tử METIS Sạc USB Kết Nối Bluetooth Phân Tích Chỉ Số Cơ Thể Trọng Lượng Tối Đa 180kg,1,2025-07-29,Electronic
1,"sản_phẩm tệ bảo_hành 3 tháng , 12 tháng , 24 tháng cũng như nhau thôi","Hộp Đựng Cơm Túi Đựng Cơm Trưa Giữ Nhiệt Văn Phòng Cách Nhiệt, Combo 3 Ngăn Đựng Thức Ăn 2 Lớp Bằng Thép Không Gỉ 304",1,2025-07-29,Electronic
1,giao không_đúng sản_phẩm,Cân Điện Tử METIS Sạc USB Kết Nối Bluetooth Phân Tích Chỉ Số Cơ Thể Trọng Lượng Tối Đa 180kg,1,2025-07-28,Electronic
1,cân nhảy_số tùm lùm,Cân Điện Tử METIS Sạc USB Kết Nối Bluetooth Phân Tích Chỉ Số Cơ Thể Trọng Lượng Tối Đa 180kg,1,2025-07-27,Electronic
1,cân ảo khó_chịu vợ_chồng,Cân Điện Tử METIS Sạc USB Kết Nối Bluetooth Phân Tích Chỉ Số Cơ Thể Trọng Lượng Tối Đa 180kg,1,2025-07-26,Electronic
1,"sản_phẩm mới khui ra thì cái túi đựng mới cầm lên thì đứt , còn cái hộp đựng cơm cảm_giác muốn bị oxi hóa","Hộp Đựng Cơm Túi Đựng Cơm Trưa Giữ Nhiệt Văn Phòng Cách Nhiệt, Combo 3 Ngăn Đựng Thức Ăn 2 Lớp Bằng Thép Không Gỉ 304",1,2025-07-25,Electronic
1,mới xài chưa_được nửa tháng mà rỉ sét rồi . ghê quá,"Hộp Đựng Cơm Túi Đựng Cơm Trưa Giữ Nhiệt Văn Phòng Cách Nhiệt, Combo 3 Ngăn Đựng Thức Ăn 2 Lớp Bằng Thép Không Gỉ 304",1,2025-07-25,Electronic
1,cân không_đúng bị chênh_lệch với cân nặng thật tận 8 kg,Cân Điện Tử METIS Sạc USB Kết Nối Bluetooth Phân Tích Chỉ Số Cơ Thể Trọng Lượng Tối Đa 180kg,1,2025-07-24,Electronic
1,cân dùng được tuần nó như này . cân này mà bán được à ?,"Cân Tiểu Ly Điện Tử Nhà Bếp 1g-10kg, 0,1g- 5kg METIS Độ Chính Xác Cao, Chất Liệu Hợp Kim Thép Bền Bỉ Tặng Kèm 2 pin",1,2025-07-24,Electronic
1,"dùng 1,2 hôm gỉ rồi , siêu độc_hại","Hộp Đựng Cơm Túi Đựng Cơm Trưa Giữ Nhiệt Văn Phòng Cách Nhiệt, Combo 3 Ngăn Đựng Thức Ăn 2 Lớp Bằng Thép Không Gỉ 304",1,2025-07-23,Electronic
1,sấy lâu khô chọn chế_độ 320 p_sấy xong cái nắp trên bằng nhựa nó chảy ra luôn : không_xứng với giá tiền,"Máy Sấy Quần Áo Gấp Gọn Treo Tường Sang Trọng Nhỏ Gọn METIS, Combo Làm Khô Đồ Với Công Nghệ Sấy 3D Tiết Kiệm Điện",3,2025-07-23,Electronic
1,"hàng bị lỗi mà vẫn cố_chấp giao , hộp thì bé tí","Hộp Đựng Cơm Túi Đựng Cơm Trưa Giữ Nhiệt Văn Phòng Cách Nhiệt, Combo 3 Ngăn Đựng Thức Ăn 2 Lớp Bằng Thép Không Gỉ 304",1,2025-07-21,Electronic
1,"cân hỏng ngay từ lần đầu cân , tôi nặng 39 kg nhưng đứng lên cân lại hiện 78 kg",Cân Điện Tử METIS Sạc USB Kết Nối Bluetooth Phân Tích Chỉ Số Cơ Thể Trọng Lượng Tối Đa 180kg,1,2025-07-21,Electronic
1,mới mua đã han gỉ,"Hộp Đựng Cơm Túi Đựng Cơm Trưa Giữ Nhiệt Văn Phòng Cách Nhiệt, Combo 3 Ngăn Đựng Thức Ăn 2 Lớp Bằng Thép Không Gỉ 304",1,2025-07-21,Electronic
1,hàng kém chất_lượng so với giá . bảo_hành 12 tháng mua được nửa tháng dùng đã hỏng nhanh hết pin . phải bảo_hành cho khách nhưng bắt khách đặt lại trong khi sản_phẩm không_đặt được . nói_chung là phí tiền,"Quạt cầm tay mini tích điện METIS gió mạnh 16000 vòng/phút có dây đeo pin 4000mAh, màn hình LED hiển thị, type-C",2,2025-07-19,Electronic
1,bao_bì : quá khó dùng,"Lược Chải Tóc Điện Ion Âm METIS Lược Duỗi Thẳng, Bảo Vệ Tóc Cao Cấp Với 50 Triệu Ion Âm",1,2025-07-17,Electronic
1,"cân gì nhảy_số tùm_lum , từ trưa đến chiều lệch 10 kg ?",Cân Điện Tử METIS Sạc USB Kết Nối Bluetooth Phân Tích Chỉ Số Cơ Thể Trọng Lượng Tối Đa 180kg,1,2025-07-17,Electronic
1,đúng với mô_tả : không_chất_lượng sản_phẩm : kém không_nên_mua mọi_người nhé mình mua dùng một thời_gian là hư mà mình mua bảo_hành 24 tháng mà không_được_bảo_hành tức_giận tức_giận,"Quạt cầm tay mini tích điện METIS gió mạnh 16000 vòng/phút có dây đeo pin 4000mAh, màn hình LED hiển thị, type-C",1,2025-07-17,Electronic
1,cân vỡ,Cân Điện Tử METIS Sạc USB Kết Nối Bluetooth Phân Tích Chỉ Số Cơ Thể Trọng Lượng Tối Đa 180kg,1,2025-07-17,Electronic
1,mình cân_gam mà không_cân được,"Cân Tiểu Ly Điện Tử Nhà Bếp 1g-10kg, 0,1g- 5kg METIS Độ Chính Xác Cao, Chất Liệu Hợp Kim Thép Bền Bỉ Tặng Kèm 2 pin",1,2025-07-16,Electronic
1,cân sai_số quá . mỗi lần cân 1 số khác nhau . chênh nhau cả 500 g 700 g . thất_vọng quá,Cân Điện Tử METIS Sạc USB Kết Nối Bluetooth Phân Tích Chỉ Số Cơ Thể Trọng Lượng Tối Đa 180kg,1,2025-07-15,Electronic
1,"hàng nhái , dùng nhanh hỏng lắm . các bạn đừng_mua nhé","Quạt cầm tay mini tích điện METIS gió mạnh 16000 vòng/phút có dây đeo pin 4000mAh, màn hình LED hiển thị, type-C",1,2025-07-15,Electronic
1,"shopee trung_tâm_thương_mại mà hàng_không chuẩn , mỗi lần đứng lên cân là 1 số cân nặng khác nhau không_chuẩn , giá rẻ nên không_buồn_đổi trả",Cân Điện Tử METIS Sạc USB Kết Nối Bluetooth Phân Tích Chỉ Số Cơ Thể Trọng Lượng Tối Đa 180kg,1,2025-07-14,Electronic
1,hộp cơm để 4 h sau mở ra nguội ngắc,"Hộp Đựng Cơm Túi Đựng Cơm Trưa Giữ Nhiệt Văn Phòng Cách Nhiệt, Combo 3 Ngăn Đựng Thức Ăn 2 Lớp Bằng Thép Không Gỉ 304",1,2025-07-14,Electronic
1,chất_lượng sản_phẩm : không_sạc được,"Quạt cầm tay mini tích điện METIS gió mạnh 16000 vòng/phút có dây đeo pin 4000mAh, màn hình LED hiển thị, type-C",1,2025-07-14,Electronic
1,nhấc lên bụi lại đầy ra sàn,Cân Điện Tử METIS Sạc USB Kết Nối Bluetooth Phân Tích Chỉ Số Cơ Thể Trọng Lượng Tối Đa 180kg,1,2025-07-13,Electronic
1,có hiện_tượng rỉ sét,"Hộp Đựng Cơm Túi Đựng Cơm Trưa Giữ Nhiệt Văn Phòng Cách Nhiệt, Combo 3 Ngăn Đựng Thức Ăn 2 Lớp Bằng Thép Không Gỉ 304",1,2025-07-13,Electronic
1,dùng 2 lần hỏng chẳng_còn_gì để nói chịu,Máy Sấy Giày Khử Mùi Bằng Tia Cực Tím Thông Minh Có Hiển Thị Nhiệt Độ METIS Combo Làm Khô Tất Đa Năng,2,2025-07-11,Electronic
1,304 mà mới dùng được 1 hôm đã rỉ,"Hộp Đựng Cơm Túi Đựng Cơm Trưa Giữ Nhiệt Văn Phòng Cách Nhiệt, Combo 3 Ngăn Đựng Thức Ăn 2 Lớp Bằng Thép Không Gỉ 304",1,2025-07-09,Electronic
1,"không_đóng_gói cẩn_thận gì cả , bọc mỗi cái bọc ngoài chả_có_hộp giấy . gói hàng ẩu . mình xem đánh_giá thấy đóng_gói vừa bọc vừa hộp cẩn_thận mình mới đặt_hàng nhưng nhận về thấy gói mỗi cái bọc , thất_vọng","Hộp Đựng Cơm Túi Đựng Cơm Trưa Giữ Nhiệt Văn Phòng Cách Nhiệt, Combo 3 Ngăn Đựng Thức Ăn 2 Lớp Bằng Thép Không Gỉ 304",1,2025-07-09,Electronic
1,"chất_lượng sản_phẩm : nhanh hết pin , dùng tầm 10 phút . sạc được 3 lần là bật máy không_lên , hư luôn","Máy Hút Bụi Cầm Tay Không Dây METIS Nhật Bản 8 Đầu Hút, Máy Hút Bụi Ô Tô, Giường Nệm, Lông Chó Mèo Đa Năng",1,2025-07-06,Electronic
1,"cân quá chán , nhảy_loạn_xạ hết cả lên","Cân Tiểu Ly Điện Tử Nhà Bếp 1g-10kg, 0,1g- 5kg METIS Độ Chính Xác Cao, Chất Liệu Hợp Kim Thép Bền Bỉ Tặng Kèm 2 pin",1,2025-07-05,Electronic
1,"đối_tượng sử_dụng : 80 công_dụng : cân trọng_lượng cơ_thể giao nhanh , đóng_gói cẩn_thận , nhưng cân cùng 1 lúc lại ra 2 số cân khác nhau ? không_chuẩn_xác lắm nhỉ ?",Cân Điện Tử METIS Sạc USB Kết Nối Bluetooth Phân Tích Chỉ Số Cơ Thể Trọng Lượng Tối Đa 180kg,3,2025-07-03,Electronic
1,inox gì mà xài mới mấy ngày đã rỉ sét . giao túi rách nhưng đổi trả thì tội cửa_hàng . nhưng ghi inox 304 mà chà_rửa vẫn rỉ sét cỡ đó thì thôi thua,"Hộp Đựng Cơm Túi Đựng Cơm Trưa Giữ Nhiệt Văn Phòng Cách Nhiệt, Combo 3 Ngăn Đựng Thức Ăn 2 Lớp Bằng Thép Không Gỉ 304",2,2025-07-02,Electronic
1,"đã bị gỉ sét , không_phải_inox 304","Hộp Đựng Cơm Túi Đựng Cơm Trưa Giữ Nhiệt Văn Phòng Cách Nhiệt, Combo 3 Ngăn Đựng Thức Ăn 2 Lớp Bằng Thép Không Gỉ 304",1,2025-07-02,Electronic
1,giao cân bị vỡ hết rồi nhắn_tin cửa_hàng không_trả_lời khiếu_nại bị hủy 2 lần nói_chung tệ,Cân Điện Tử METIS Sạc USB Kết Nối Bluetooth Phân Tích Chỉ Số Cơ Thể Trọng Lượng Tối Đa 180kg,1,2025-07-02,Electronic
1,"mô_tả sản_phẩm để 2,5_l mang về đổ nước chưa_được 2 l đã đầy tràn nắp đậy lỏng_lẻo không_kín_hở khi nấu nước sôi dây_điện rất ngắn . trao_đổi với cửa_hàng mà cửa_hàng không_trả_lời .","Ấm Siêu Tốc 2,5L, Ấm Đun Nước METIS Công Suất Cao 1500W Tự Ngắt Điện Khi Sôi, 2 Lớp Cách Nhiệt Chống Bỏng",1,2025-06-30,Electronic
1,"đối_tượng sử_dụng : mọi người công_dụng : cân người hướng_dẫn sử_dụng bảo_gỡ lớp phim ra , mà của mình không_hề_có_lớp phim , hộp thì không_có_niêm_phong . shop gửi mình đồ second hand à",Cân Điện Tử METIS Sạc USB Kết Nối Bluetooth Phân Tích Chỉ Số Cơ Thể Trọng Lượng Tối Đa 180kg,1,2025-06-30,Electronic
1,"không_giống_hình , mà nhanh hết pin chế_độ 1 thấp nhất mà 1 phút tụt 1 pin .","Quạt cầm tay mini tích điện METIS gió mạnh 16000 vòng/phút có dây đeo pin 4000mAh, màn hình LED hiển thị, type-C",1,2025-06-28,Electronic
1,"cân rất là không_chuẩn nhé , không_biết có sao không_nhưng mỗi lúc cân 1 kiểu không_hiểu kiểu gì",Cân Điện Tử METIS Sạc USB Kết Nối Bluetooth Phân Tích Chỉ Số Cơ Thể Trọng Lượng Tối Đa 180kg,1,2025-06-28,Electronic
1,kêu 1 m8 hóa ra là 1 m,"Ổ cắm điện đa năng METIS 2 cổng usb chịu tải 2000W, Combo Máy rửa mặt 4 trong 1 thiết kế mini giúp rửa mặt di tinh chất",1,2025-06-27,Electronic
1,"sau 2 tuần chết_queo . quạt không_quay nữa , sạc bình_thường .","Quạt cầm tay mini tích điện METIS gió mạnh 16000 vòng/phút có dây đeo pin 4000mAh, màn hình LED hiển thị, type-C",1,2025-06-27,Electronic
1,máy dùng được 4 lần là hư,Máy Sấy Giày Khử Mùi Bằng Tia Cực Tím Thông Minh Có Hiển Thị Nhiệt Độ METIS Combo Làm Khô Tất Đa Năng,2,2025-06-26,Electronic
1,đúng với mô_tả : hàng bị mốc ở ngoài . bẩn ở trong . không_phải hàng nào cũng đóng_gói luôn gửi cho khách được . bởi_vì đây là vết mốc nó đã có trước khi đóng hàng rồi . chứ không_phải trong quá_trình vận_chuyển hàng hơn 1 ngày mà nó bẩn luôn được,"Hộp Đựng Cơm Túi Đựng Cơm Trưa Giữ Nhiệt Văn Phòng Cách Nhiệt, Combo 3 Ngăn Đựng Thức Ăn 2 Lớp Bằng Thép Không Gỉ 304",1,2025-06-25,Electronic
1,cân được 1 tháng thì tắt luôn không_mở lại được dù đã thay pin mới,"Cân Tiểu Ly Điện Tử Nhà Bếp 1g-10kg, 0,1g- 5kg METIS Độ Chính Xác Cao, Chất Liệu Hợp Kim Thép Bền Bỉ Tặng Kèm 2 pin",1,2025-06-24,Electronic
1,"cửa_hàng bán hàng đểu , chất_lượng kém đun hở điện_may phát_hiện sớm không_thì toang , nhắn_tin thì tin nhắn không_khả_dụng . quá đen","Ấm Siêu Tốc 2,5L, Ấm Đun Nước METIS Công Suất Cao 1500W Tự Ngắt Điện Khi Sôi, 2 Lớp Cách Nhiệt Chống Bỏng",2,2025-06-22,Electronic
1,"mình mua 2 cái , 01 cái không_chạy .","Quạt cầm tay mini tích điện METIS gió mạnh 16000 vòng/phút có dây đeo pin 4000mAh, màn hình LED hiển thị, type-C",1,2025-06-22,Electronic
1,đánh_giá ban_đầu thì dễ sử_dụng không_biết có tiêu_thụ nhiều điện_năng không_về phải khoan hoặc dùng móc treo cố_định mới giữ máy thẳng để nhiệt_tỏa đều được móc treo theo máy treo sẽ bị lệch nhé mọi_người bổ_sung chưa_dùng được 1 tháng hỏng rồi nhé mọi_người nhựa chỗ phần sấy chảy ra hết,"Máy Sấy Quần Áo Gấp Gọn Treo Tường Sang Trọng Nhỏ Gọn METIS, Combo Làm Khô Đồ Với Công Nghệ Sấy 3D Tiết Kiệm Điện",15,2025-06-20,Electronic
1,hàng nhận về rất bẩn mọi người cân_nhắc trước khi mua,"Hộp Đựng Cơm Túi Đựng Cơm Trưa Giữ Nhiệt Văn Phòng Cách Nhiệt, Combo 3 Ngăn Đựng Thức Ăn 2 Lớp Bằng Thép Không Gỉ 304",2,2025-06-20,Electronic
1,không_như,"Ấm Siêu Tốc 2,5L, Ấm Đun Nước METIS Công Suất Cao 1500W Tự Ngắt Điện Khi Sôi, 2 Lớp Cách Nhiệt Chống Bỏng",1,2025-06-19,Electronic
1,"hàng mới nhận mà không_sử_dụng được , số nhảy tùm_lum , không_bao_giờ quay về số 0","Cân Tiểu Ly Điện Tử Nhà Bếp 1g-10kg, 0,1g- 5kg METIS Độ Chính Xác Cao, Chất Liệu Hợp Kim Thép Bền Bỉ Tặng Kèm 2 pin",1,2025-06-18,Electronic
1,"chất_lượng sản_phẩm : không_được_lắm đúng với mô_tả : đúng sản_phẩm đã đặt , nhưng không_nghĩ là quạt_yếu đến vậy . không_hài_lòng lắm","Quạt cầm tay mini tích điện METIS gió mạnh 16000 vòng/phút có dây đeo pin 4000mAh, màn hình LED hiển thị, type-C",1,2025-06-15,Electronic
1,"cân cân không_đúng số cân_nha , mình vừa leo lên thì là 52 , bước xuống leo lên lại thành 54 hơi_mỉm_cười",Cân Điện Tử METIS Sạc USB Kết Nối Bluetooth Phân Tích Chỉ Số Cơ Thể Trọng Lượng Tối Đa 180kg,1,2025-06-15,Electronic
1,kinh_nghiệm sử_dụng : dùng chưa_tới mấy ngày đã bị cháy,"Máy Sấy Tóc Gấp Gọn Mini, Máy Sấy Tóc Tạo Kiểu Công Suất 2200W Chuẩn Salon Sấy Khô Siêu Nhanh",1,2025-06-14,Electronic
1,chất_lượng sản_phẩm : kém,"Quạt cầm tay mini tích điện METIS gió mạnh 16000 vòng/phút có dây đeo pin 4000mAh, màn hình LED hiển thị, type-C",1,2025-06-13,Electronic
1,đối_tượng sử_dụng : tùy đối_tượng công_dụng : đo cân nặng cơ_thể giao đúng màu cân nhưng_mà cân bị lỗi rồi cân không_được,Cân Điện Tử METIS Sạc USB Kết Nối Bluetooth Phân Tích Chỉ Số Cơ Thể Trọng Lượng Tối Đa 180kg,1,2025-06-12,Electronic
1,nạp căng chạy được 1 tiếng hết pin pin yếu 1 ngôi_sao là 1 tiếng . có thế thôi nhướn mày,"Quạt Tích Điện Điều Hòa METIS Kẹp Quần Áo Đa Năng Mini Pin 12000mAh Nhiều Mức Độ Gió Mang Đi Du Lịch Phượt, Làm Việc",1,2025-06-11,Electronic
1,chạy được 1 tiếng hết pin pin yếu thì 1 ngôi_sao cứ thế thôi nhướn mày,"Quạt Tích Điện Điều Hòa METIS Kẹp Quần Áo Đa Năng Mini Pin 12000mAh Nhiều Mức Độ Gió Mang Đi Du Lịch Phượt, Làm Việc",1,2025-06-11,Electronic
1,"quá tệ , không_nên_mua . mình mới bán matcha , ngày chưa_được 10 ly . dùng chưa_được 1 tháng cân đã tự nhảy tùm_lum . không_thể_nào cân được . mua 2 cái quá phí tiền .","Cân Tiểu Ly Điện Tử Nhà Bếp 1g-10kg, 0,1g- 5kg METIS Độ Chính Xác Cao, Chất Liệu Hợp Kim Thép Bền Bỉ Tặng Kèm 2 pin",4,2025-06-11,Electronic
1,"chất_lượng sản_phẩm : quá mỏng , không_xứng_đáng với giá tiền bỏ ra","Hộp Đựng Cơm Túi Đựng Cơm Trưa Giữ Nhiệt Văn Phòng Cách Nhiệt, Combo 3 Ngăn Đựng Thức Ăn 2 Lớp Bằng Thép Không Gỉ 304",1,2025-06-08,Electronic
1,"sao để bình bán nói 2,5_trăm nghìn đồng mà đong nước lại có 1,8_trăm nghìn đồng vậy cửa_hàng ?_tem dán cũng dán ẩu nữa !","Ấm Siêu Tốc 2,5L, Ấm Đun Nước METIS Công Suất Cao 1500W Tự Ngắt Điện Khi Sôi, 2 Lớp Cách Nhiệt Chống Bỏng",1,2025-06-07,Electronic
1,lỗi màn_hình hiển_thị,Cân Điện Tử METIS Sạc USB Kết Nối Bluetooth Phân Tích Chỉ Số Cơ Thể Trọng Lượng Tối Đa 180kg,1,2025-06-04,Electronic
1,ấm nước sôi mà không_tự_động ngắt,"Ấm Siêu Tốc 2,5L, Ấm Đun Nước METIS Công Suất Cao 1500W Tự Ngắt Điện Khi Sôi, 2 Lớp Cách Nhiệt Chống Bỏng",1,2025-06-04,Electronic
1,"bình khá to nhưng phần tay cầm lại bị rò nước , mới mua đã thế , kiểu này không_biết dùng bền không","Ấm Siêu Tốc 2,5L, Ấm Đun Nước METIS Công Suất Cao 1500W Tự Ngắt Điện Khi Sôi, 2 Lớp Cách Nhiệt Chống Bỏng",1,2025-06-02,Electronic
1,"sản_phẩm ra ten , inox dỏm rồi","Hộp Đựng Cơm Túi Đựng Cơm Trưa Giữ Nhiệt Văn Phòng Cách Nhiệt, Combo 3 Ngăn Đựng Thức Ăn 2 Lớp Bằng Thép Không Gỉ 304",1,2025-06-02,Electronic
1,mới sử_dụng được vài tuần thì hư,Cân Điện Tử METIS Sạc USB Kết Nối Bluetooth Phân Tích Chỉ Số Cơ Thể Trọng Lượng Tối Đa 180kg,1,2025-06-02,Electronic
1,thật_sự nó lởm_vãi cả chưởng,"Ấm Siêu Tốc 2,5L, Ấm Đun Nước METIS Công Suất Cao 1500W Tự Ngắt Điện Khi Sôi, 2 Lớp Cách Nhiệt Chống Bỏng",1,2025-06-02,Electronic
1,"giao hàng nắp thì bể , dùng được 1 lần không_sử_dụng được nữa . làm_ăn bán hàng bộ không_kiểm_tra hàng trước khi giao à . không_được_thì dẹp cái cửa_hàng luôn đi","Ấm Siêu Tốc 2,5L, Ấm Đun Nước METIS Công Suất Cao 1500W Tự Ngắt Điện Khi Sôi, 2 Lớp Cách Nhiệt Chống Bỏng",1,2025-06-01,Electronic
1,"xài sạc 2 lần cháy mất rồi , đồng_ý hoàn_trả nhưng hứa_hẹn không_trả_lời , mất uy_tín quá","Quạt cầm tay mini tích điện METIS gió mạnh 16000 vòng/phút có dây đeo pin 4000mAh, màn hình LED hiển thị, type-C",1,2025-05-31,Electronic
1,"máy sấy không_có_gió , chỉ hơi âm_ấm thôi , nút_vặn dễ hỏng",Máy Sấy Giày Khử Mùi Bằng Tia Cực Tím Thông Minh Có Hiển Thị Nhiệt Độ METIS Combo Làm Khô Tất Đa Năng,2,2025-05-31,Electronic
1,đúng với mô_tả : mới dùng lần đầu đã hỏng rồi chất_lượng sản_phẩm : kém,"Quạt cầm tay mini tích điện METIS gió mạnh 16000 vòng/phút có dây đeo pin 4000mAh, màn hình LED hiển thị, type-C",1,2025-05-30,Electronic
1,cân không_được_1 vật mà cân nhiều lần ra nhiều khối_lượng hồi thì 3 g hồi thì 5 g không_chính_xác,"Cân Tiểu Ly Điện Tử Nhà Bếp 1g-10kg, 0,1g- 5kg METIS Độ Chính Xác Cao, Chất Liệu Hợp Kim Thép Bền Bỉ Tặng Kèm 2 pin",1,2025-05-29,Electronic
1,đúng với mô_tả : không_dùng với mô_tả chất_lượng sản_phẩm : kém,"Quạt Tích Điện Điều Hòa METIS Kẹp Quần Áo Đa Năng Mini Pin 12000mAh Nhiều Mức Độ Gió Mang Đi Du Lịch Phượt, Làm Việc",1,2025-05-28,Electronic
1,"mua cái cân mà thất_vọng tràn_trề . cân 3 lần 3 số khác nhau . cảm_thấy sợ hàng Shopee_ghê . từ nay ra ngoài mua cho chắc . mọi người mua thì nên cẩn_thận đồ đểu nhé mọi người ,",Cân Điện Tử METIS Sạc USB Kết Nối Bluetooth Phân Tích Chỉ Số Cơ Thể Trọng Lượng Tối Đa 180kg,1,2025-05-28,Electronic
1,đưa nhầm hàng . không_giải_quyết,Cân Điện Tử METIS Sạc USB Kết Nối Bluetooth Phân Tích Chỉ Số Cơ Thể Trọng Lượng Tối Đa 180kg,1,2025-05-28,Electronic
1,trong để tặng dây mà không_có_dây,"Quạt cầm tay mini tích điện METIS gió mạnh 16000 vòng/phút có dây đeo pin 4000mAh, màn hình LED hiển thị, type-C",1,2025-05-25,Electronic
1,"không_giữ nhiệt nhanh_má , cố mua loại đắt nhưng cũng vô_nghĩa","Kệ treo máy sấy tóc dán tường nhà tắm, Giá treo máy sấy, để đồ phòng tắm đa năng tiện lợi",1,2025-05-24,Electronic
1,"gửi sai_mẫu . đã thế đặt màu hồng lại gửi màu đen . làm_ăn linh_tinh , không_có_chuyện nhầm_lẫn được như_thế",Cân Điện Tử METIS Sạc USB Kết Nối Bluetooth Phân Tích Chỉ Số Cơ Thể Trọng Lượng Tối Đa 180kg,1,2025-05-23,Electronic
1,cân không_đúng . bình_thường cân 55 kg giờ cân này lại 53 . phí cả tiền không_bằng cái cân 50 k,Cân Điện Tử METIS Sạc USB Kết Nối Bluetooth Phân Tích Chỉ Số Cơ Thể Trọng Lượng Tối Đa 180kg,1,2025-05-23,Electronic
1,quán mới mua sài 1 tuần mà sạc không_vào còn tụt_pin nữa,"Bàn chải vệ sinh khe hở góc hẹp đa năng, chổi cọ vệ sinh khe nhà tắm,cửa nhà bếp nhỏ gọn tiện lợi BCK01",1,2025-05-21,Electronic
1,đúng với mô_tả : sản_phẩm hoàn_thiện kém . chất_lượng sản_phẩm : ấm siêu_tốc hỏng vào điện nhưng không_sôi_nước .,"Ấm Siêu Tốc 2,5L, Ấm Đun Nước METIS Công Suất Cao 1500W Tự Ngắt Điện Khi Sôi, 2 Lớp Cách Nhiệt Chống Bỏng",1,2025-05-21,Electronic
1,cân dỏm tự_nhiên cân 70 kg cái lúc sau khoảng 1 2 phút lên cân lại 73 kg chả_hiểu,Cân Điện Tử METIS Sạc USB Kết Nối Bluetooth Phân Tích Chỉ Số Cơ Thể Trọng Lượng Tối Đa 180kg,2,2025-05-19,Electronic
1,"cân gì mà mỗi lần leo lên là hiển_thị 1 số cân khác nhau . mình cân chưa_bao_giờ nó hiện đúng số cân nặng thật cả . không_xứng mua luôn ý , phí hoài 95 k",Cân Điện Tử METIS Sạc USB Kết Nối Bluetooth Phân Tích Chỉ Số Cơ Thể Trọng Lượng Tối Đa 180kg,1,2025-05-16,Electronic
1,"cân 3 lần liên_tiếp là số khác nhau , chả_giống nhau .",Cân Điện Tử METIS Sạc USB Kết Nối Bluetooth Phân Tích Chỉ Số Cơ Thể Trọng Lượng Tối Đa 180kg,1,2025-05-16,Electronic
1,đặt màu xanh lá đi giao màu dương_bão_đơn hay gì mà giao_lộn vậy má,"Ấm Siêu Tốc 2,5L, Ấm Đun Nước METIS Công Suất Cao 1500W Tự Ngắt Điện Khi Sôi, 2 Lớp Cách Nhiệt Chống Bỏng",1,2025-05-16,Electronic
1,cửa_hàng vô_trách_nhiệm . quạt lỗi không_hỗ_trợ khách bảo_hành,Miếng Dán Tường Treo và Cố Định Ổ Cắm Điện Đa Năng,1,2025-05-14,Electronic
1,"cân chập_chờn , mở lên sử_dụng được 1 lúc khoảng 20 s tự_ngắt , lại phải khởi_động lại rất bất_tiện",Cân Điện Tử METIS Sạc USB Kết Nối Bluetooth Phân Tích Chỉ Số Cơ Thể Trọng Lượng Tối Đa 180kg,3,2025-05-14,Electronic
1,"cân không_chuẩn_xác nhảy tùm_lum số mặc_dù đứng lên cân trong 1 thời_điểm . haizz chán . đứng cân 10 lần nhảy 10 số , xài 1 thời_gian rồi mới biết nó bị vậy . đã vậy kết_nối app cũng không_được_cho_dù mình làm đúng",Cân Điện Tử METIS Sạc USB Kết Nối Bluetooth Phân Tích Chỉ Số Cơ Thể Trọng Lượng Tối Đa 180kg,1,2025-05-14,Electronic
1,"mình thấy đánh_giá khá cao nên mua thử , nhưng cân mở lên chưa_đứng thì nhảy_số liên_tục , mình kết_nối với app trên điện_thoại cũng không_cân được",Cân Điện Tử METIS Sạc USB Kết Nối Bluetooth Phân Tích Chỉ Số Cơ Thể Trọng Lượng Tối Đa 180kg,1,2025-05-13,Electronic
1,sao mà cân lên tận mấy trăm vậy ? hàng đểu,"Bàn chải vệ sinh khe hở góc hẹp đa năng, chổi cọ vệ sinh khe nhà tắm,cửa nhà bếp nhỏ gọn tiện lợi BCK01",1,2025-05-13,Electronic
1,dùng vài hôm là thành đồ đồng_nát,"Máy Hút Bụi Cầm Tay Không Dây METIS Nhật Bản 8 Đầu Hút, Máy Hút Bụi Ô Tô, Giường Nệm, Lông Chó Mèo",2,2025-05-12,Electronic
1,không_giao sản_phẩm này,"Bàn chải vệ sinh khe hở góc hẹp đa năng, chổi cọ vệ sinh khe nhà tắm,cửa nhà bếp nhỏ gọn tiện lợi BCK01",1,2025-05-12,Electronic
1,"quạt dùng 3 ngày hỏng , không_chạy , sạc không_vào , gọi bảo_hành thì không_đến . quá tệ","Quạt cầm tay mini tích điện METIS gió mạnh 16000 vòng/phút có dây đeo pin 4000mAh, màn hình LED hiển thị, type-C",1,2025-05-10,Electronic
1,"giao sai_mã , cân không_chuẩn , mỗi lần đứng lên số lại khác nhau",Cân Điện Tử METIS Sạc USB Kết Nối Bluetooth Phân Tích Chỉ Số Cơ Thể Trọng Lượng Tối Đa 180kg,1,2025-05-10,Electronic
1,"không_có_nhu_cầu trả hàng . đánh_giá 1 sao cho dịch_vụ giải_đáp khiếu_nại_tệ trước_sau đều phản_hồi theo kiểu do không_note màu , giao màu ngẫu_nhiên trong khi mô_tả hoàn_toàn khác . nếu rõ_ràng và tránh nhầm_lẫn thì nên ghi rõ để khách chọn màu hoặc ghi rõ giao màu ngẫu_nhiên . chưa_đề_cập tới vấn_đề chất_lượng sản_phẩm , trên đơn hàng rõ_ràng có 4 màu : xanh lá , đỏ , đen . không_hề_có_xanh đen vậy hàng này là hàng gì , chính hãng không ? hay lấy hình_ảnh khác và giao hàng khác cho khách tôi mua sản_phẩm không_với mục_đích sử_dụng và cần đúng tông_màu theo nhu_cầu cá_nhân để làm_việc . nếu vì sử_dụng đã chọn sản_phẩm với giá tiền cao hơn chất_lượng hơn . và cách phản_hồi cực_kỳ_tệ , không_thiện_chí .","Ấm Siêu Tốc GUGKOO 2,5L, Ấm Đun Nước METIS Công Suất Cao 1500W Tự Ngắt Điện Khi Sôi, 2 Lớp Cách Nhiệt Chống Bỏng",3,2025-05-09,Electronic
1,"đúng với mô_tả : không_đúng chất_lượng sản_phẩm : quá tồi_tệ , rác_thải mình không_ngờ rằng , mình vô_tình mua phải hàng made in china , từ trước đến nay mình rất kỳ_thị hàng hóa made in china , vì chất_lượng kém , hàng giả hàng nhái rất nhiều , vậy_mà nhiều người lại đánh_giá 5 sao cho sản_phẩm này , mình không_hiểu là các bạn có đủ tỉnh_táo , thông_minh khi đánh_giá sản_phẩm không . đã sử_dụng sản_phẩm chưa_mà_lại đánh_giá 5 sao cho sản_phẩm , chắc là mọi người thấy sản_phẩm có ngoại_hình đẹp , bắt_mắt nên mới 5 sao thôi . quyết_tâm tẩy_chay sản_phẩm này nói_riêng và hàng hóa made in china nói_chung .","Cân Tiểu Ly Điện Tử Nhà Bếp 1g-10kg, 0,1g- 5kg METIS Độ Chính Xác Cao, Chất Liệu Hợp Kim Thép Bền Bỉ Tặng Kèm 2 pin",5,2025-05-08,Electronic
1,không_nhận được hàng tặng kèm,"Bàn chải vệ sinh khe hở góc hẹp đa năng, chổi cọ vệ sinh khe nhà tắm,cửa nhà bếp nhỏ gọn tiện lợi BCK01",1,2025-05-07,Electronic
1,"không_phải_inox 304 rồi biết ngay hàng rẻ không_phải_inox tiêu_chuẩn an_toàn rồi , thử bằng thuốc đỏ lòm","Ấm Siêu Tốc GUGKOO 2,5L, Ấm Đun Nước METIS Công Suất Cao 1500W Tự Ngắt Điện Khi Sôi, 2 Lớp Cách Nhiệt Chống Bỏng",2,2025-05-05,Electronic
1,chất_lượng sản_phẩm : tệ đúng với mô_tả : không_tính_năng nổi_bật : sử_dụng 1 lần hư_khét như cháy vậy đó sử_dụng được 1 lần sạc mà nó hư luôn trời_ơi cửa_hàng làm_ăn dỏm dễ sợ,"Quạt cầm tay mini tích điện METIS gió mạnh 16000 vòng/phút có dây đeo pin 4000mAh, màn hình LED hiển thị, type-C",1,2025-05-05,Electronic
1,đúng với mô_tả : sai tên là cân nhưng giao hàng đến là đèn,"Cân Tiểu Ly Điện Tử Nhà Bếp 1g-10kg, 0,1g- 5kg METIS Độ Chính Xác Cao, Chất Liệu Hợp Kim Thép Bền Bỉ Tặng Kèm 2 pin",6,2025-05-05,Electronic
1,"sản_phẩm lỗi , đã gọi cửa_hàng và chắc_chắn sản_phẩm lỗi , mọi người nên chú_ý kẻo rơi vào cái lỗi mất thời_gian trả hàng hoàn tiền",Cân Điện Tử METIS Sạc USB Kết Nối Bluetooth Phân Tích Chỉ Số Cơ Thể Trọng Lượng Tối Đa 180kg,2,2025-05-03,Electronic
1,"chất_lượng sản_phẩm : dùng lần thứ 3 thì hỏng , chất_lượng kém","Cân Tiểu Ly Điện Tử Nhà Bếp 1g-10kg, 0,1g- 5kg METIS Độ Chính Xác Cao, Chất Liệu Hợp Kim Thép Bền Bỉ Tặng Kèm 2 pin",1,2025-05-01,Electronic
1,không_nên_mua nha_sạc thì rất lâu nhưng sài được có tí là hết pin chắc chưa_đến 1 tiếng ạ ! ! ! sài xong rồi tôi mới đánh_giá đây,"Lược Chải Tóc Điện Ion Âm METIS Lược Duỗi Thẳng, Bảo Vệ Tóc Cao Cấp Với 50 Triệu Ion Âm",1,2025-04-28,Electronic
1,hàng nhựa mà bán quảng_cáo hợp kim nhựa nhìn như đồ_chơi của trẻ_con ?,"Cân Tiểu Ly Điện Tử Nhà Bếp 1g-10kg, 0,1g- 5kg METIS Độ Chính Xác Cao, Chất Liệu Hợp Kim Thép Bền Bỉ Tặng Kèm 2 pin",1,2025-04-28,Electronic
1,"chất_lượng nó tệ thật_sự , giới_thiệu là inox 304 nhưng sau 4 lần sử_dụng đã bắt_đầu gỉ sét , phần nắp đóng lại luôn bị hở và kết_quả là tôi bị đổ hết nước canh , giá_cả không_hẳn_là rẻ nhưng chất_lượng thua xa hàng chợ , mọi_người không_nên_mua !","Hộp Đựng Cơm Túi Đựng Cơm Trưa Giữ Nhiệt Văn Phòng Cách Nhiệt, Combo 3 Ngăn Đựng Thức Ăn 2 Lớp Bằng Thép Không Gỉ 304",12,2025-04-26,Electronic
1,"mẹo : quá thất_vọng , không_hề_như trên hình nhé_mọi_người . chải không_thẳng luôn ý ạ nghẹn_ngào nghẹn_ngào","Lược Chải Tóc Điện Ion Âm METIS Lược Duỗi Thẳng, Bảo Vệ Tóc Cao Cấp Với 50 Triệu Ion Âm",1,2025-04-25,Electronic
1,cân không_chuẩn_tí nào . cân vài lần thì trọng_lượng khác nhau . thất_vọng,Cân Điện Tử METIS Sạc USB Kết Nối Bluetooth Phân Tích Chỉ Số Cơ Thể Trọng Lượng Tối Đa 180kg,1,2025-04-24,Electronic
1,không_sử_dụng được không_kết_nối được với app nào cả đứng cả buổi không_nhảy_số xong tắt tối thui,Cân Điện Tử METIS Sạc USB Kết Nối Bluetooth Phân Tích Chỉ Số Cơ Thể Trọng Lượng Tối Đa 180kg,3,2025-04-23,Electronic
1,không_như hình_ảnh,Máy Sấy Tóc Ion Âm 5in1 METIS Không Cánh Quạt 3 Tốc Độ Công Suất 2200W 2 Chiều Tặng Kèm Đầu Sấy,1,2025-04-18,Electronic
1,"cân siêu_tệ , toàn cân sai . không_nên_mua nha , phí tiền !",Cân Điện Tử METIS Sạc USB Kết Nối Bluetooth Phân Tích Chỉ Số Cơ Thể Trọng Lượng Tối Đa 180kg,1,2025-04-16,Electronic
1,sản_phẩm tệ . số không_chính_xác,Cân Điện Tử METIS Sạc USB Kết Nối Bluetooth Phân Tích Chỉ Số Cơ Thể Trọng Lượng Tối Đa 180kg,1,2025-04-15,Electronic
1,lúc đầu mỗi lần cân là mỗi ký khác nhau chênh_lệch vài cân cũng tạm được mà giờ dùng cỡ 2 tuần cân_số nhảy_tùm lum mình gần 80 kg mà cân_nhảy khoảng 30 kg,Cân Điện Tử METIS Sạc USB Kết Nối Bluetooth Phân Tích Chỉ Số Cơ Thể Trọng Lượng Tối Đa 180kg,1,2025-04-15,Electronic
1,bao_bì : giả_mạo kinh_nghiệm sử_dụng : chán tốc_độ chậm,Máy chà gót chân METIS loại bỏ da chết và vết chai cho tiệm Nail mài gót chân tại nhà 2 đầu mài Sạc USB,1,2025-04-15,Electronic
1,"inox 304 giả , bị gỉ sét , mới sử_dụng mấy lần","Hộp Đựng Cơm Túi Đựng Cơm Trưa Giữ Nhiệt Văn Phòng Cách Nhiệt, Combo 3 Ngăn Đựng Thức Ăn 2 Lớp Bằng Thép Không Gỉ 304",2,2025-04-15,Electronic
1,đây là hàng Trung_Quốc .,Cân Điện Tử METIS Sạc USB Kết Nối Bluetooth Phân Tích Chỉ Số Cơ Thể Trọng Lượng Tối Đa 180kg,2,2025-04-14,Electronic
1,"sản_phẩm quá tệ làm pha sắt về xài có 1 lần là bị gỉ sét nhìn kinh lắm , nhìn_mã ngoài dễ_thương mà bên trong không_an_toàn chút nào","Hộp Đựng Cơm Túi Đựng Cơm Trưa Giữ Nhiệt Văn Phòng Cách Nhiệt, Combo 3 Ngăn Đựng Thức Ăn 2 Lớp Bằng Thép Không Gỉ 304",3,2025-04-11,Electronic
1,cân nhảy linh_tinh không_chính_xác . mua về phí tiền nhé mọi_người . mỗi lần lên cân là 1 số cân_nhảy khác nhau,Cân Điện Tử METIS Sạc USB Kết Nối Bluetooth Phân Tích Chỉ Số Cơ Thể Trọng Lượng Tối Đa 180kg,2,2025-04-10,Electronic
1,"cân kém , cân sai_số , cân đi cân lại mà vẫn không_biết mình bao_nhiêu cân",Cân Điện Tử METIS Sạc USB Kết Nối Bluetooth Phân Tích Chỉ Số Cơ Thể Trọng Lượng Tối Đa 180kg,1,2025-04-10,Electronic
1,"đúng với mô_tả : không_đặt mua cân tiểu_ly , giao sản_phẩm ghi bên ngoài là cân tiểu_ly nhưng lại là đèn học","Cân Tiểu Ly Điện Tử Nhà Bếp 1g-10kg, 0,1g- 5kg METIS Độ Chính Xác Cao, Chất Liệu Hợp Kim Thép Bền Bỉ Tặng Kèm 2 pin",1,2025-04-08,Electronic
1,đúng với mô_tả : không_chất_lượng sản_phẩm : tệ không_phải_inox 304 . mọi người cẩn_thận !,"Hộp Đựng Cơm Túi Đựng Cơm Trưa Giữ Nhiệt Văn Phòng Cách Nhiệt, Combo 3 Ngăn Đựng Thức Ăn 2 Lớp Bằng Thép Không Gỉ 304",1,2025-04-07,Electronic
1,"chỉ cân thôi , cài app mất phí",Cân Điện Tử METIS Sạc USB Kết Nối Bluetooth Phân Tích Chỉ Số Cơ Thể Trọng Lượng Tối Đa 180kg,2,2025-04-06,Electronic
1,cân không_chuẩn nhảy_loạn_xạ tùm lum,Cân Điện Tử METIS Sạc USB Kết Nối Bluetooth Phân Tích Chỉ Số Cơ Thể Trọng Lượng Tối Đa 180kg,2,2025-04-02,Electronic
1,chất_lượng cực_kỳ_tệ . sai_số 2 kg . thử rất nhiều lần . không_nên_mua phí tiền,Cân Điện Tử METIS Sạc USB Kết Nối Bluetooth Phân Tích Chỉ Số Cơ Thể Trọng Lượng Tối Đa 180kg,4,2025-04-02,Electronic
1,nó lừa_đảo không_đúng đâu_anh_em nhé anh_em xem hàng trước khi thanh_toán hàng thì giảm_giá mà mẹ nó gửi cái đồ nhựa gì đó cười_khẩy,Máy Sấy Tóc Ion Âm 5in1 METIS Không Cánh Quạt 3 Tốc Độ Công Suất 2200W 2 Chiều Tặng Kèm Đầu Sấy,1,2025-03-31,Electronic
1,tải ứng_dụng không_được,Cân Điện Tử METIS Sạc USB Kết Nối Bluetooth Phân Tích Chỉ Số Cơ Thể Trọng Lượng Tối Đa 180kg,1,2025-03-29,Electronic
1,không_thể_nào kết_nối được điện_thoại mặc_dù đã làm theo đúng hướng_dẫn và thử lại nhiều lần,Cân Điện Tử METIS Sạc USB Kết Nối Bluetooth Phân Tích Chỉ Số Cơ Thể Trọng Lượng Tối Đa 180kg,2,2025-03-27,Electronic
1,"chất_lượng sản_phẩm : 3 10 đúng với mô_tả : sản_phẩm bằng nhựa chưa_dùng , vừa khui ra thì thất_vọng toàn_bộ ! sản_phẩm dơ từ trong ra ngoài , muỗng_đũa hay giỏ đều rất dơ !_bọc lại thì rách teng beng ! mua bảo_hành 24 tháng nhưng nhận hàng thua hàng mì_ăn_liền ngoài chợ nữa !_khuyên không_nên_mua ! 3 điểm vì giao hàng nhanh ! hết .","Hộp Đựng Cơm Túi Đựng Cơm Trưa Giữ Nhiệt Văn Phòng Cách Nhiệt, Combo 3 Ngăn Đựng Thức Ăn 2 Lớp Bằng Thép Không Gỉ 304",1,2025-03-25,Electronic
1,công_dụng : cân lởm_cân sai_lệch,Cân Điện Tử METIS Sạc USB Kết Nối Bluetooth Phân Tích Chỉ Số Cơ Thể Trọng Lượng Tối Đa 180kg,2,2025-03-19,Electronic
1,"giao hàng sai địa_chỉ 1 sao nha , khiếu_nại Shopee thì bị từ_chối không_giải_quyết","Ấm Siêu Tốc GUGKOO 2,5L, Ấm Đun Nước METIS Công Suất Cao 1500W Tự Ngắt Điện Khi Sôi, 2 Lớp Cách Nhiệt Chống Bỏng",1,2025-03-01,Electronic
1,"được 40 50 cm , quá bất_tiện .","Ấm Siêu Tốc GUGKOO 2,5L, Ấm Đun Nước METIS Công Suất Cao 1500W Tự Ngắt Điện Khi Sôi, 2 Lớp Cách Nhiệt Chống Bỏng",1,2025-02-25,Electronic
1,bán đồ không_xài được,"Ấm Siêu Tốc GUGKOO 2,5L, Ấm Đun Nước METIS Công Suất Cao 1500W Tự Ngắt Điện Khi Sôi, 2 Lớp Cách Nhiệt Chống Bỏng",1,2025-02-16,Electronic
1,cân sử_dụng pin không_phải_sạc usb,Cân Điện Tử METIS Sạc USB Kết Nối Bluetooth Phân Tích Chỉ Số Cơ Thể Trọng Lượng Tối Đa 180kg,5,2025-02-07,Electronic
1,dây ngắn vậy cắm vô_lỗ đít hay gì,"Ấm Siêu Tốc GUGKOO 2,5L, Ấm Đun Nước METIS Công Suất Cao 1500W Tự Ngắt Điện Khi Sôi, 2 Lớp Cách Nhiệt Chống Bỏng",1,2025-02-04,Electronic
1,bỏ tiền ra mua máy về và cái kết : quá không_thích nha tốn tiền ghê,Máy Sấy Tóc Ion Âm 5in1 METIS Không Cánh Quạt 3 Tốc Độ Công Suất 2200W 2 Chiều Tặng Kèm Đầu Sấy,1,2025-01-24,Electronic
1,đặt màu xanh mà giao màu đỏ .,"Ấm Siêu Tốc GUGKOO 2,5L, Ấm Đun Nước METIS Công Suất Cao 1500W Tự Ngắt Điện Khi Sôi, 2 Lớp Cách Nhiệt Chống Bỏng",1,2025-01-23,Electronic
1,tính_năng nổi_bật : tệ chất_lượng sản_phẩm : tệ đúng với mô_tả : không_mua về chưa_gì đã xì nước nhắn_tin thì không_thèm trả_lời,"Ấm Siêu Tốc GUGKOO 2,5L, Ấm Đun Nước METIS Công Suất Cao 1500W Tự Ngắt Điện Khi Sôi, 2 Lớp Cách Nhiệt Chống Bỏng",2,2025-01-19,Electronic
1,"đối_tượng sử_dụng : mọi_người công_dụng : cân cân không_chuẩn gì hết nha , lúc lên lúc xuống , đứng cân mà cân cứ nhấp_nháy không_xác_định được cân nặng là tự tắt luôn , làm tốn voucher 50 k",Cân Điện Tử METIS Sạc USB Kết Nối Bluetooth Phân Tích Chỉ Số Cơ Thể Trọng Lượng Tối Đa 180kg,5,2025-01-19,Electronic
1,nhanh hết pin không_như mô_tả,"Lược Chải Tóc Điện Ion Âm METIS Lược Duỗi Thẳng, Bảo Vệ Tóc Cao Cấp Với 50 Triệu Ion Âm",2,2025-01-13,Electronic
1,mới mở hộp ra đã bể đáy rồi,"Ấm Siêu Tốc GUGKOO 2,5L, Ấm Đun Nước METIS Công Suất Cao 1500W Tự Ngắt Điện Khi Sôi, 2 Lớp Cách Nhiệt Chống Bỏng",1,2024-12-27,Electronic
1,đặt màu đen đưa màu hồng là sao vậy .,Cân Điện Tử METIS Sạc USB Kết Nối Bluetooth Phân Tích Chỉ Số Cơ Thể Trọng Lượng Tối Đa 180kg,2,2024-12-26,Electronic
1,lược không_nóng không_dùng được các bác ơi đừng_ngu mà mua . nó không_cho trả hàng đâu,"Lược Chải Tóc Điện Ion Âm METIS Lược Duỗi Thẳng, Bảo Vệ Tóc Cao Cấp Với 50 Triệu Ion Âm",3,2024-12-20,Electronic
1,"đúng với mô_tả : 0 tính_năng nổi_bật : 0 chất_lượng sản_phẩm : 0 bình_dỏm lắm nha_mọi_người , đừng_mua phí tiền","Ấm Siêu Tốc GUGKOO 2,5L, Ấm Đun Nước METIS Công Suất Cao 1500W Tự Ngắt Điện Khi Sôi, 2 Lớp Cách Nhiệt Chống Bỏng",1,2024-12-12,Electronic
1,"bao_bì mẫu_mã : sai công_dụng : thẳng tóc máy to , không_hề_nhỏ gọn , máy hỏng lúc được lúc không_trả hàng mãi không_thấy giao_hàng qua lấy , thấy màu trên ảnh ghi tím hồng_be nhưng về nhận được cái máy đen thùi_lùi . hãy mua những bên khác uy_tín hơn .","Lược Chải Tóc Điện Ion Âm METIS Lược Duỗi Thẳng, Bảo Vệ Tóc Cao Cấp Với 50 Triệu Ion Âm",1,2024-12-12,Electronic
1,"áo mỏng , nhỏ so với ảnh , mưa chắc ướt hết","Áo Mưa Che Phủ Toàn Thân Nửa Trước Trong Suốt Cho Mẹ Và Bé, Vải Dù Siêu Nhẹ Có Kính Chắn Bảo Vệ AM03",1,2024-12-04,Electronic
1,"đang nấu_ăn , nó xì_khói lên : hàng bán quá kém , rút dây không_kịp không_biết có gì xảy ra","Ổ cắm điện đa năng METIS 2 cổng usb chịu tải 2000W, Ổ điện thông minh trắng dây dài 4M có chốt an toàn tiện dụng",1,2024-12-03,Electronic
1,rất tệ . sạc cả đêm xài 5 phút là hết điện . mà không_nóng nữa chỉ ấm ấm tóc thôi . không_nên_mua nhé các bạn . nói_chung nên vứt tức_giận tức_giận,"Lược Chải Tóc Điện Ion Âm METIS Lược Duỗi Thẳng, Bảo Vệ Tóc Cao Cấp Với 50 Triệu Ion Âm",11,2024-11-29,Electronic
1,chất_lượng sản_phẩm : haiz nói_chung hơi buồn ịehejeie eijeb ịebeb ieieieo ieiejejrj ieiejej iêjej ueueowojebr ieiehru7f,"Ấm Siêu Tốc GUGKOO 2,5L, Ấm Đun Nước METIS Công Suất Cao 1500W Tự Ngắt Điện Khi Sôi, 2 Lớp Cách Nhiệt Chống Bỏng",1,2024-11-28,Electronic
1,"bao_bì mẫu_mã : cung_cấp nhanh hết pin quá . sạc 4 tiếng mới đầy , xài có 1 lần chải mà hết pin rồi","Lược Chải Tóc Điện Ion Âm METIS Lược Duỗi Thẳng, Bảo Vệ Tóc Cao Cấp Với 50 Triệu Ion Âm",2,2024-11-24,Electronic
1,thật_sự rất tệ mọi người không_nên_mua sạc mãi không_đầy pin chỉ được vạch mà dùng tầm 2 3 phút pin chỉ còn 1 vạch . định trả hàng nhưng rắc_rối quá nên thôi,"Lược Chải Tóc Điện Ion Âm METIS Lược Duỗi Thẳng, Bảo Vệ Tóc Cao Cấp Với 50 Triệu Ion Âm",1,2024-11-21,Electronic
1,"sản_phẩm đẹp mà sao không_thấy giống hình_ảnh mô_tả vậy . bấm nút mở chưa_được 1 giây thì đã tắt rồi , cũng không_có_nút nào bấm tăng hay giảm cả . cho trả hàng đi","Lược Chải Tóc Điện Ion Âm METIS Lược Duỗi Thẳng, Bảo Vệ Tóc Cao Cấp Với 50 Triệu Ion Âm",1,2024-11-21,Electronic
1,"qua một thời_gian sử_dụng , cụ_thể là 1 tháng thì nồi không_sử_dụng được nữa , ổ_cắm chảy nhựa cứng_ngắc không_rút ra được gần 200 cho một tháng sử_dụng thì cũng tiếc tiền ai có ý_định mua thì cân_nhắc nhé ạ","Nồi lẩu điện đa năng 2 tầng 28cm METIS MANDELI công suất 1000W chống dính cao cấp, tặng kèm xưởng hấp tiện dụng",1,2024-11-02,Electronic
1,treo đầu dê bán thịt chó,Ổ cắm điện METIS xanh đa năng chống giật tích hợp 3 cổng USB,1,2024-10-17,Electronic
1,áo_mưa quá nhỏ không_trùm hết xe tay ga mua về đi ướt hết,Áo Mưa Trong Suốt 1 Đầu METIS Bảo Vệ Toàn Diện Áo Mưa Người Lớn Và Trẻ Em Chống Trượt An Toàn Cho Mẹ Và Bé,1,2024-10-08,Electronic
1,"cực_kỳ dỏm luôn , sạc đầy pin rồi nhưng để không_sạc tầm 30 phút thôi là tắt ngỏm luôn . pin cực_kỳ yếu . không_đáng mua","Máy Đánh Trứng Cầm Tay METIS 7 Tốc Độ + Tặng Kèm 4 Đầu Đánh Trứng Cao Cấp, Hoạt Động Êm Ái",1,2024-10-01,Electronic
1,"chậu hôi mùi nhựa , ống gắn xả lỏng_lẻo , không_hài_lòng","Chậu Gội Đầu Tại Nhà - Thau Gội Đầu Chăm Sóc Người Già, Bà Bầu, Trẻ Nhỏ Có Đệm Lót Đỡ Cổ Silicone Siêu Mềm Tiện Dụng",1,2024-09-28,Electronic
1,hàng_không đúng mô_tả,Máy hút bụi mini cầm tay không dây METIS lực hút 20000Pa công suất 120W,1,2024-09-26,Electronic
1,treo đầu heo bán thịt_cầy,Áo Mưa Trong Suốt 1 Đầu METIS Bảo Vệ Toàn Diện Áo Mưa Người Lớn Và Trẻ Em Chống Trượt An Toàn Cho Mẹ Và Bé,1,2024-09-24,Electronic
1,mùi hương : không_dùng sản_phẩm đã đặt chất_lượng sản_phẩm : đặt sản_phẩm giá cao với 180 ml mà giao hàng rẻ_tiền với 150 ml không_đúng tên của sản_phẩm nữa,"Lọ tỏa hương thơm tự nhiên dễ chịu METIS, sáp thơm phòng khử mùi thế hệ mới dung tích 180ml",1,2024-09-22,Electronic
1,tệ lắm xài không_được_bị cháy ra lửa không_xài được bán hàng chất_lượng cho người ta đi,"Máy Sấy Tóc Gấp Gọn Mini, Máy Sấy Tóc Tạo Kiểu Công Suất 2200W Chuẩn Salon Sấy Khô Siêu Nhanh",1,2024-09-20,Electronic
1,đúng với mô_tả : không_chất_lượng sản_phẩm : chán áo không_dài rộng trùm như hình . thậm_chí vạt sau chỉ quá mông một_chút . đúng là hình trên mạng và hàng nhận thực_tế :,Áo Mưa Trong Suốt 1 Đầu METIS Bảo Vệ Toàn Diện Áo Mưa Người Lớn Và Trẻ Em Chống Trượt An Toàn Cho Mẹ Và Bé,1,2024-09-18,Electronic
1,"kinh_nghiệm sử_dụng : sử_dụng vẫn ổn , nhưng_mà không_khi mở lên có mùi nhựa kiểu chảy nên khá quan_ngại , sau khi sử_dụng một thời_gian mới rõ được . xin chào , nay mình đã trải_nghiệm và sẽ review lại , mình xài được tầm 2,3 lần là bị như hình 2 như trên . mình biết là giá rẻ cụ_thể là hơn 80 k nhưng_mà nhận được chất_lượng như_vầy hơi thất_vọng trầm_ngâm . thêm nữa là mùi nhựa lúc sử_dụng rất khó_chịu nha mọi người . bao_bì : cũng được kinh_nghiệm sử_dụng : sử_dụng vẫn ổn , nhưng_mà không_khi mở lên có mùi nhựa kiểu chảy nên khá quan_ngại , sau khi sử_dụng một thời_gian mới rõ được . bao_bì : cũng được","Máy Sấy Tóc Gấp Gọn Mini, Máy Sấy Tóc Tạo Kiểu Công Suất 2200W Chuẩn Salon Sấy Khô Siêu Nhanh",1,2024-09-17,Electronic
1,không_có_đầu hút_chăn nệm,Máy hút bụi mini cầm tay không dây METIS lực hút 20000Pa công suất 120W,1,2024-09-16,Electronic
1,máy bị lỗi dùng không_được,Máy cạo râu nam đa năng METIS 4in1 với 3 lưới kép hàng cao cấp IP X7 kháng nước hiện đại,1,2024-09-15,Electronic
1,quá tệ,Cân Điện Tử METIS Sạc USB Kết Nối Bluetooth Phân Tích Chỉ Số Cơ Thể Trọng Lượng Tối Đa 180kg,1,2024-09-09,Electronic
1,dùng nhanh hết pin quá . chắc được 30 phút,"Máy Hút Bụi Cầm Tay Không Dây METIS Nhật Bản 8 Đầu Hút, Máy Hút Bụi Ô Tô, Giường Nệm, Lông Chó Mèo",3,2024-08-31,Electronic
1,"lần đầu mua hàng cho 1 sao cười_ra_nước_mắt vì quá là dỏm thấy mọi người bình_luận được đó nên lỡ_dại mua theo cái chả_thấy có_ích gì cho mình luôn , ánh_sáng cực_kỳ yếu . mọi người tính mua nên cân_nhắc mặt hề","Đèn học chống cận METIS, đèn bàn học tích điện có nút cảm ứng 3 chế độ ánh sáng bảo vệ mắt, thiết thế gấp gọn tiện lợi",1,2024-08-30,Electronic
1,cân không_chuẩn chênh_lệch 10 kg,Cân Điện Tử METIS Sạc USB Kết Nối Bluetooth Phân Tích Chỉ Số Cơ Thể Trọng Lượng Tối Đa 180kg,2,2024-08-30,Electronic
1,"chất_lượng sản_phẩm : tệ đúng với mô_tả : đúng đúng thì đúng với mô_tả . nhưng đánh trứng được đúng 1 lần , mà trứng nó chưa_phồng xốp là máy tắt rồi . mấy lần sau là máy ngưng luôn , không_hoạt_động . khắc_phục lại đi shop ơi thở_phào","Máy Đánh Trứng Cầm Tay METIS 7 Tốc Độ + Tặng Kèm 4 Đầu Đánh Trứng Cao Cấp, Hoạt Động Êm Ái",1,2024-08-30,Electronic
1,đúng với mô_tả : không_đúng trong hình đăng bán pin lớn tem_mác đầy_đủ lúc nhận được pin nhỏ hơn không_tem mác,"Quạt Tích Điện METIS Pin 10 Cell Dùng Liên Tục 8H, Quạt Để Bàn Tích Điện 2 Cấp Độ Gió Siêu Mát Bảo Hành 12 Tháng",1,2024-08-28,Electronic
1,quạt quá yếu,Quạt Tích Điện Điều Hòa METIS Kẹp Quần Áo Kiêm Sạc Dự Phòng Pin 6000MAH Sử Dụng Lên Tới 6H,1,2024-08-17,Electronic
1,quạt mua về không_chạy được,"Quạt mini, Quạt kẹp bàn tích điện METIS, dung lượng pin lớn 7500 mAh, xoay 360 độ làm mát không khí",1,2024-08-16,Electronic
1,quạt xài được mấy hôm hư rồi quá tệ tốn tiền mua cái khác,Quạt điều hoà phun sương mini quạt hơi nước METIS để bàn 3 chế độ gió dung tích bình chứa nước 600ml,1,2024-08-14,Electronic
1,dùng 3 hôm thì không_lên_đèn nữa,"Đèn học chống cận METIS, đèn bàn học tích điện có nút cảm ứng 3 chế độ ánh sáng bảo vệ mắt, thiết thế gấp gọn tiện lợi",1,2024-08-11,Electronic
1,đúng với mô_tả : đúng hàng chất_lượng sản_phẩm : máy mới mua về cắm vào mà không_chạy,"Máy Đánh Trứng Cầm Tay METIS 7 Tốc Độ + Tặng Kèm 4 Đầu Đánh Trứng Cao Cấp, Hoạt Động Êm Ái",1,2024-08-10,Electronic
1,"chất_lượng sản_phẩm : không_tốt không_dính , dùng khác gì 502 đâu","Keo Dán Đa Năng Siêu Dính METIS, Siêu Bền Dán Đa Năng Dán Mọi Chất Liệu, Chống Nước KSD01",1,2024-08-02,Electronic
1,bị lệch cân với nhảy_số nhiều shop không_lỗi thì shop không_đổi,Cân Điện Tử METIS Sạc USB Kết Nối Bluetooth Phân Tích Chỉ Số Cơ Thể Trọng Lượng Tối Đa 180kg,2,2024-08-01,Electronic
1,"đúng với mô_tả : không_hề_như mô_tả nhé , toàn tâng bốc gấp 2 gấp 3 là ít tính_năng nổi_bật : tậm tịt chất_lượng sản_phẩm : kém mọi người cân_nhắc khi mua nhé , được căng lắm 2 giờ hết điện , quạt thì yếu",Quạt Tích Điện Điều Hòa METIS Kẹp Quần Áo Kiêm Sạc Dự Phòng Pin 6000MAH Sử Dụng Lên Tới 6H,2,2024-07-23,Electronic
1,"shop không_giao_tăm , đã nhắn_shop nhưng bịch_tăm có 8 k_nhác nhắn qua về quay video các kiểu cười_ra_nước_mắt","Hộp 50 tăm chỉ nha khoa tiệt trùng, tăm nha khoa vệ sinh kẽ răng lợi chuyên dụng - TNK50",1,2024-07-22,Electronic
1,không_mát cho lắm gió yếu,Quạt Tích Điện Điều Hòa METIS Kẹp Quần Áo Kiêm Sạc Dự Phòng Pin 6000MAH Sử Dụng Lên Tới 6H,1,2024-07-21,Electronic
1,tạm gội cho bà đẻ sau sinh nên khá ổn_đỡ phải lách cách lỉnh_kỉnh đồ_vật khác đã gội_gội tạm tốt ổn_ảnh mang tính_chất_minh họa,"Chậu Gội Đầu Tại Nhà - Thau Gội Đầu Chăm Sóc Người Già, Bà Bầu, Trẻ Nhỏ Có Đệm Lót Đỡ Cổ Silicone Siêu Mềm Tiện Dụng",1,2024-07-20,Electronic
1,giao hàng chậm,Quạt Tích Điện Điều Hòa METIS Kẹp Quần Áo Kiêm Sạc Dự Phòng Pin 6000MAH Sử Dụng Lên Tới 6H,1,2024-07-20,Electronic
1,đã dùng quạt_yếu lắm . sạc pin thì siêu_chậm . sạc thì chưa_50 % pin đã hết rồi,Quạt Tích Điện Điều Hòa METIS Kẹp Quần Áo Kiêm Sạc Dự Phòng Pin 6000MAH Sử Dụng Lên Tới 6H,1,2024-07-17,Electronic
1,không_mát_tí nào,"Hộp 50 tăm chỉ nha khoa tiệt trùng, tăm nha khoa vệ sinh kẽ răng lợi chuyên dụng - TNK50",1,2024-07-15,Electronic
1,"quạt quá yếu_thổi không_chút cảm_giác , mua phí tiền",Quạt Tích Điện Điều Hòa METIS Kẹp Quần Áo Kiêm Sạc Dự Phòng Pin 6000MAH Sử Dụng Lên Tới 6H,1,2024-07-14,Electronic
1,máy chạy_yếu không_mát_chi cả,Quạt Tích Điện Điều Hòa METIS Kẹp Quần Áo Kiêm Sạc Dự Phòng Pin 6000MAH Sử Dụng Lên Tới 6H,1,2024-07-13,Electronic
1,túi quá mỏng,"Quạt mini, Quạt kẹp bàn tích điện METIS, dung lượng pin lớn 7500 mAh, xoay 360 độ làm mát không khí",1,2024-07-09,Electronic
1,đểu,Quạt đeo cổ METIS cao cấp 3 tốc độ gió thiết kế màn hình led sử dụng liên tục lên đến 18h,1,2024-07-08,Electronic
1,đúng với mô_tả : không_tốt tính_năng nổi_bật : không_sạc được chất_lượng sản_phẩm : lừa_đảo,Quạt kẹp quần áo METIS quạt điều hòa cơ thể dung lượng 10000mAh sử dụng 3-5h với 100 mức độ gió,1,2024-07-07,Electronic
1,"chất_lượng sản_phẩm : tệ sạc pin được 30 phút là hết , quạt không_mát , nếu chỉ dùng để quạt không_thì được khoảng hơn tiếng nhưng thà không_có_còn hơn quạt_phè phè chả_có_tí_mát nào phí tiền",Quạt Tích Điện Điều Hòa METIS Kẹp Quần Áo Kiêm Sạc Dự Phòng Pin 6000MAH Sử Dụng Lên Tới 6H,4,2024-07-06,Electronic
1,"quá quá tệ luôn , quạt_yếu xìu",Quạt Tích Điện Điều Hòa METIS Kẹp Quần Áo Kiêm Sạc Dự Phòng Pin 6000MAH Sử Dụng Lên Tới 6H,1,2024-07-05,Electronic
1,"quạt kiểu gì , sạc_pin nóng_hổi không_bật được mà kêu đổi đầu pin","Quạt mini, Quạt kẹp bàn tích điện METIS, dung lượng pin lớn 7500 mAh, xoay 360 độ làm mát không khí",1,2024-07-05,Electronic
1,nạp đầy pin báo xanh rồi nhưng vẫn bị yếu .,"Hộp 50 tăm chỉ nha khoa tiệt trùng, tăm nha khoa vệ sinh kẽ răng lợi chuyên dụng - TNK50",1,2024-07-03,Electronic
5,giữ nhiệt : tốt chất_liệu : tốt tốt,"Hộp Đựng Cơm Giữ Nhiệt, Hộp Cơm Trưa Văn Phòng 3 Tầng Cách Nhiệt Bằng Thép Không Gỉ 304 An Toàn",1,2026-05-04,Electronic
5,mới dùng chưa_biết sẽ như_thế_nào cười,[XẢ HÀNG] Cân Điện Tử Sạc USB Kết Nối Bluetooth Phân Tích Chỉ Số Cơ Thể Trọng Lượng Tối Đa 180kg,1,2026-05-04,Electronic
5,"công_dụng : được đối_tượng sử_dụng : được giúp giữ bàn_chải sạch_sẽ , thoáng khô , hạn_chế vi_khuẩn bám nhờ thiết_kế có lỗ thoát nước hoặc treo úp . chất_liệu nhựa_abs hoặc gốm sứ_bền , dễ vệ_sinh , không_bám bẩn , an_toàn cho sức khỏe . nhiều mẫu đa_năng kèm kệ dán tường , nam_châm giữ_cốc chắc_chắn , tiết_kiệm không_gian và decor dễ_thương . phù_hợp cả gia_đình hoặc đi du_lịch .",[XẢ HÀNG] Cân Điện Tử Sạc USB Kết Nối Bluetooth Phân Tích Chỉ Số Cơ Thể Trọng Lượng Tối Đa 180kg,1,2026-05-04,Electronic
5,"dùng được đóng_gói hàng tốt , giao hàng nhanh , chăm_sóc khách_hàng tốt",[XẢ HÀNG] Cân Điện Tử Sạc USB Kết Nối Bluetooth Phân Tích Chỉ Số Cơ Thể Trọng Lượng Tối Đa 180kg,1,2026-05-01,Electronic
5,thích cái màu đen mà shop giao cái màu trắng . nhìn hoa cả mắt . giao hàng nhanh . cân chuẩn . được shop ổn ổn,[XẢ HÀNG] Cân Điện Tử Sạc USB Kết Nối Bluetooth Phân Tích Chỉ Số Cơ Thể Trọng Lượng Tối Đa 180kg,1,2026-05-01,Electronic
5,"giữ nhiệt : hộp cơm giữ nhiệt_tốt , thức_ăn vẫn còn ấm sau vài giờ chất_liệu : chất_liệu sản_phẩm tốt","Hộp Đựng Cơm Giữ Nhiệt, Hộp Cơm Trưa Văn Phòng 3 Tầng Cách Nhiệt Bằng Thép Không Gỉ 304 An Toàn",1,2026-04-30,Electronic
5,"cân đúng , giống với hình_ảnh , độ_chính_xác cao , nhỏ gọn_tiện di_chuyển dễ sử_dụng",[XẢ HÀNG] Cân Điện Tử Sạc USB Kết Nối Bluetooth Phân Tích Chỉ Số Cơ Thể Trọng Lượng Tối Đa 180kg,1,2026-04-30,Electronic
5,đối_tượng sử_dụng : mọi người công_dụng : dễ dùng thông_số trên app không_chuẩn đâu_mọi người nhưng số không_thì đúng nha_shop giao hàng nhanh đóng_gói hàng cẩn_thận giao đủ hàng yêu_cầu,[XẢ HÀNG] Cân Điện Tử Sạc USB Kết Nối Bluetooth Phân Tích Chỉ Số Cơ Thể Trọng Lượng Tối Đa 180kg,1,2026-04-28,Electronic
5,"chào_mừng bạn đến với bảng nhớ tạm của gboard , bất_kỳ văn_bản nào bạn sao_chép sẽ được lưu tại đây . nhấn vào một đoạn để dán vào hộp văn_bản .","Dụng Cụ Hút Dị Vật Mắc Nghẹn Cho Gia Đình, Dụng Cụ Sơ Cứu Cho Người Lớn Và Trẻ Em, Hút Mạnh An Toàn",1,2026-04-27,Electronic
5,độ chính_xác : được thiết_kế : nhỏ_tiện chất_liệu : nhựa khá đẹp_shop và giao hàng đúng hẹn,[BÁN CHẠY] Cân Điện Tử Tiểu Ly Nhà Bếp Định Lượng 1g-10kg Dùng Làm Bánh Cân Đồ Ăn Nguyên Liệu Rau Củ,2,2026-04-21,Electronic
5,"chất_lượng : tốt lắm nha , rẻ và nhiều chức_năng . tha_hồ cắm và sạc điện_thoại","Ổ Cắm Điện Ổ Điện USB Đa Năng Chịu Tải 2500W Dài 4m Có Chốt Bấm Chống Giật, Có Khóa Bảo Vệ",1,2026-04-21,Electronic
5,"tôi thấy chất_lượng ổn , cửa_hàng phục_vụ quá được , nhiệt_tình , sản_phẩm đẹp chắc_chắn","GÓI DỊCH VỤ BẢO HÀNH ĐIỆN TỬ TOÀN SHOP Máy massage cầm tay, máy mát xa 16 đầu massage toàn thân giúp giảm nhức mỏi cơ",1,2026-04-20,Electronic
5,"độ chính_xác : tôi thấy cân_đo rất chuẩn kiểu_dáng : mặt kính cường_lực rất chắc_chắn , không_bị kêu khi đứng lên . rất xứng_đáng_giá tiền ạ",Cân Sức Khỏe Điện Tử Sạc USB Kết Nối APP Bluetooth Phân Tích Chỉ Số Cơ Thể Đo Tối Đa 180kg,1,2026-04-20,Electronic
5,hộp đựng cơm rất tốt,"Hộp Đựng Cơm Giữ Nhiệt, Hộp Cơm Trưa Văn Phòng 3 Tầng Cách Nhiệt Bằng Thép Không Gỉ 304 An Toàn",1,2026-04-19,Electronic
5,giữ nhiệt : tốt chất_liệu : thép không_gỉ,"Hộp Đựng Cơm Giữ Nhiệt, Hộp Cơm Trưa Văn Phòng 3 Tầng Cách Nhiệt Bằng Thép Không Gỉ 304 An Toàn",1,2026-04-18,Electronic
5,giữ nhiệt : tốt chất_liệu : tốt,"Hộp Đựng Cơm Giữ Nhiệt, Hộp Cơm Trưa Văn Phòng 3 Tầng Cách Nhiệt Bằng Thép Không Gỉ 304 An Toàn",1,2026-04-17,Electronic
5,"chất_lượng : được chức_năng : được độ_chính_xác : được chị hà dậy từ 5 h rưỡi sáng gửi hết đề ta học chăm hôm_qua chia_sẻ 1 : 1 cho từng em luôn , có bé châu_yến nhi điền hình_thức phản_hồi story chị nhé chị không_thấy gửi được nè mê_mẩn","GÓI DỊCH VỤ BẢO HÀNH ĐIỆN TỬ TOÀN SHOP Máy massage cầm tay, máy mát xa 16 đầu massage toàn thân giúp giảm nhức mỏi cơ",1,2026-04-17,Electronic
5,lực hút : hút nhanh mạnh gọn sạch_sẽ giao hàng nhanh đóng_gói cẩn_thận,Máy Hút Bụi Cầm Tay Mini Bản Đặc Biệt Lực Hút Siêu Mạnh Với 8 Đầu Hút Cầm Tay Dùng Trên Ô tô,1,2026-04-17,Electronic
5,"chất_lượng : chất_lượng được , đã mua lần 2 dây_điện dễ chảy mình thường dùng dây nồi cơm cắm sinh_viên dùng vậy là được rồi","Nồi Lẩu Điện Mini, Nồi Nấu Mì 2 Tầng Kèm Giá Hấp Đa Năng, Nướng, Luộc, Chiên, Chống Dính Vấn Đá",1,2026-04-16,Electronic
5,"em cần thanh_lý lại bộ_máy pha cà_phê xài ngon_lành luôn , mới mua được 2 tháng máy mới 98 % ai cần em_nhượng lại rẻ cho !","GÓI DỊCH VỤ BẢO HÀNH ĐIỆN TỬ TOÀN SHOP Máy massage cầm tay, máy mát xa 16 đầu massage toàn thân giúp giảm nhức mỏi cơ",1,2026-04-16,Electronic
5,"sản_phẩm dùng khá tốt . sấy nhanh , không_ồn_ào","[THẺ TRÚNG THƯỞNG] Máy Sấy Tóc ST09 Bản Cao Cấp Siêu Gọn Có 3 Chế Độ Sấy Chăm Sóc Tóc, Tốc Độ Gió 110,000 vòng/phút",1,2026-04-14,Electronic
5,"độ chính_xác : không_biết , chắc_lệch chút chức_năng : cân nặng kiểu_dáng : cân_điện_tử dùng với app khá được , nói_chung ổn",Cân Sức Khỏe Điện Tử Sạc USB Kết Nối APP Bluetooth Phân Tích Chỉ Số Cơ Thể Đo Tối Đa 180kg,1,2026-04-13,Electronic
5,chất_lượng : được,"GÓI DỊCH VỤ BẢO HÀNH ĐIỆN TỬ TOÀN SHOP Máy massage cầm tay, máy mát xa 16 đầu massage toàn thân giúp giảm nhức mỏi cơ",1,2026-04-13,Electronic
5,"độ chính_xác : chuẩn chức_năng : cân các chỉ_số trên cơ_thể kiểu_dáng : dễ cất_giữ , hơi mỏng_manh cân chuẩn_nha , kết_nối bluetooth_nhạy , đo được nhiều chỉ_số trên cơ_thể , có_điều hơi mỏng nên khá lo sẽ bể",[XẢ HÀNG] Cân Điện Tử Sạc USB Kết Nối Bluetooth Phân Tích Chỉ Số Cơ Thể Trọng Lượng Tối Đa 180kg,1,2026-04-12,Electronic
5,độ chính_xác : cười chức_năng : hihi kiểu_dáng : fhh có đâu_cha ơi em đi ngủ sớm nè chị nhi chị nói gì á là một trong hai tuần,Cân Sức Khỏe Điện Tử Sạc USB Kết Nối APP Bluetooth Phân Tích Chỉ Số Cơ Thể Đo Tối Đa 180kg,1,2026-04-11,Electronic
5,"giá rẻ nên cân nó cũng hơi ọt_ẹt , với mình thấy cân không_chính_xác lắm , nhưng nó cũng dao_động trong tầm_kí đó , nói_chung vẫn được nè",Cân Sức Khỏe Điện Tử Sạc USB Kết Nối APP Bluetooth Phân Tích Chỉ Số Cơ Thể Trọng Lượng Tối Đa 180kg,1,2026-04-10,Electronic
5,một hai ba bốn năm sáu_bảy tám chín mười mười hai qua một mười bốn mươi bnwn m mười js cja cha xia vậy,"GÓI DỊCH VỤ BẢO HÀNH ĐIỆN TỬ TOÀN SHOP Máy massage cầm tay, máy mát xa 16 đầu massage toàn thân giúp giảm nhức mỏi cơ",1,2026-04-10,Electronic
5,"vừa nhận máy xong phải kiểm_tra liền . nói_chung ổn áp_nhá các bác . máy có điều_chỉnh_lực hút , cầm chắc tay , dễ sử_dụng . chưa_dùng lâu nên không_biết có bền không_nhưng thấy hút được cả đống bụi là ưng rồi","Máy Hút Bụi Giường Nệm, Máy Hút Bụi Cầm Tay Làm Sạch Bụi Ga Giường, Lông Chó Mèo Tia UV Diệt Khuẩn",1,2026-04-08,Electronic
5,"độ chính_xác : cao , không_bị lỗi nhiều chất_liệu : thủy_tinh , mạch điện khả_năng vận_hành : dễ sử_dụng giá_thành ổn_áp , đáng mua","Cân Điện Tử Sức Khỏe Lợn Hồng Dễ Thương, Màn Hình LED Thông Minh, Tặng kèm Dây Đo 3 Vòng",1,2026-04-08,Electronic
5,"độ chính_xác : khá ổn chức_năng : cân kiểu_dáng : dễ cất hàng được , tiện_lợi , cân khá chuẩn , không_biết bền không",Cân Sức Khỏe Điện Tử Sạc USB Kết Nối APP Bluetooth Phân Tích Chỉ Số Cơ Thể Trọng Lượng Tối Đa 180kg,1,2026-04-07,Electronic
5,"độ chính_xác : tương_đối chức_năng : theo_dõi chỉ_số kiểu_dáng : cường_lực giao hàng nhanh_chóng , đóng_gói cẩn_thận , cân tương_đối chính_xác , có chênh_lệch , mẫu_mã tạm ổn , nên mua về để theo_dõi cân nặng",Cân Sức Khỏe Điện Tử Sạc USB Kết Nối APP Bluetooth Phân Tích Chỉ Số Cơ Thể Trọng Lượng Tối Đa 180kg,1,2026-04-06,Electronic
5,kích_thước : máy nhỏ gọn tiện_lợi cường_độ : máy hoạt_động mạnh cắt được chất_liệu : bàn cạo inox,"Máy cạo râu mini  bỏ túi đa năng chống nước chuẩn IPX7 6 lưỡi dao kép, cắm sạc USB tiện lợi",1,2026-04-06,Electronic
5,hàng chất_lượng nên mua nha kết_nối với điện_thoại theo_dõi cân nặng được,"GÓI DỊCH VỤ BẢO HÀNH ĐIỆN TỬ TOÀN SHOP Máy massage cầm tay, máy mát xa 16 đầu massage toàn thân giúp giảm nhức mỏi cơ",1,2026-04-06,Electronic
5,chỉ hợp_lý nếu : ống đồng hư do bạn làm móp gãy hoặc bạn yêu_cầu nạp thêm gas để máy_lạnh mát hơn dù không_xì,"Hộp Đựng Cơm Giữ Nhiệt 3 Tầng , Hộp Cơm Trưa Văn Phòng Cách Nhiệt Bằng Thép Không Gỉ 304",1,2026-04-06,Electronic
5,được . dành dự_phòng khi cần thì có mà xử_lý khẩn_cấp . mỗi gia_đình nên mua 1 cái . cũng rẻ và đôi_khi có giá_trị cao_cứu sống người,"Dụng Cụ Hút Dị Vật Mắc Nghẹn Cho Gia Đình, Dụng Cụ Sơ Cứu Cho Người Lớn Và Trẻ Em, Hút Mạnh An Toàn",1,2026-04-05,Electronic
5,"tính_năng nổi_bật : máy chạy êm_sản_phẩm như ảnh đã đăng , chạy thử máy êm và mạnh . cần trải_nghiệm thêm mới biết dùng lâu_dài với sản_phẩm .","Máy Xay Hạt Khô Cầm Tay Đa Năng,Xay Nhanh Nghiền Các Loại Hạt,Cà Phê, Ngũ Cốc, Đồ Khô Tiện Lợi",1,2026-04-04,Electronic
5,sản_phẩm đóng_gói cẩn_thận giống như mô_tả để sử_dụng rồi mới biết chất_lượng không_thấy test thử máy quay mạnh đó,"Máy Xay Hạt Khô Cầm Tay Đa Năng,Xay Nhanh Nghiền Các Loại Hạt,Cà Phê, Ngũ Cốc, Đồ Khô Tiện Lợi",1,2026-04-03,Electronic
5,"rất được , đúng 3 s là xào được thịt liền ôi sướng lắm ý","[THẺ TRÚNG THƯỞNG] Máy Xay Thịt Đa Năng Cối Thủy Tinh 2L,Cối Xay Thực Phẩm Cua Cá Tỏi Ớt, Công Suất Lớn 300W 4 Lưỡi Dao",1,2026-04-02,Electronic
5,mưa và mưa hôm_nay tại a_oii vào thứ_bảy tại cùng một nơi trong a,Cân Sức Khỏe Điện Tử Sạc USB Kết Nối APP Bluetooth Phân Tích Chỉ Số Cơ Thể Trọng Lượng Tối Đa 180kg,1,2026-04-02,Electronic
5,độ chính_xác : cao chức_năng : theo_dõi cân nặng kiểu_dáng : đẹp sản_phẩm đẹp nhưng hơi mỏng mỗi lần bước lên phải nhẹ_nhàng sợ bể .,Cân Sức Khỏe Điện Tử Sạc USB Kết Nối APP Bluetooth Phân Tích Chỉ Số Cơ Thể Trọng Lượng Tối Đa 180kg,1,2026-04-01,Electronic
5,"máy có 2 lực hút , hút thử thì cảm_giác cũng khá được , không_biết dùng lâu_dài có được không","Máy Hút Bụi Giường Nệm, Máy Hút Bụi Cầm Tay Làm Sạch Bụi Ga Giường, Lông Chó Mèo Tia UV Diệt Khuẩn",2,2026-04-01,Electronic
5,"được , hình_ảnh và video chỉ mang tính_chất minh_họa , sản_phẩm chất_lượng","Cân Điện Tử Sức Khỏe Lợn Hồng Dễ Thương, Màn Hình LED Thông Minh, Tặng kèm Dây Đo 3 Vòng",1,2026-03-31,Electronic
5,chất_lượng : ổn thiết_kế : dễ dùng sử_dụng được chất_lượng mức ổn_định đánh_giá chung thì mức ổn,"Ổ Cắm Điện Ổ Điện USB Đa Năng Chịu Tải 2500W Dài 4m Có Chốt Bấm Chống Giật, Có Khóa Bảo Vệ",1,2026-03-30,Electronic
5,"chất_lượng : 79 uuygthyydguyg66uhhj chức_năng : t 8 58 80,00 em với độ_chính_xác : t 8 của giới_thiệu em với anh_em không_biết làm cách đây trang cá_nhân em gửi cho em hỏi lại bên em đang làm một cái tên của một người bạn tốt 40,00 của","GÓI DỊCH VỤ BẢO HÀNH ĐIỆN TỬ TOÀN SHOP Máy massage cầm tay, máy mát xa 16 đầu massage toàn thân giúp giảm nhức mỏi cơ",1,2026-03-30,Electronic
5,"độ êm : cho bạn biết chào_bạn trong lớp mình đi hỗ_trợ cột_sống : 3 của em nha anh không_muốn_làm điều chưa_biết cách nào cũng được chất_liệu : 45,00 em đang học lớp nào cũng phải","[THẺ TRÚNG THƯỞNG] Máy Xay Thịt Đa Năng Cối Thủy Tinh 2L,Cối Xay Thực Phẩm Cua Cá Tỏi Ớt, Công Suất Lớn 300W 4 Lưỡi Dao",1,2026-03-30,Electronic
5,sản_phẩm rất được . giao hàng nhanh . vở dày . sắc nét . rất hài_lòng . sẽ ủng_hộ tiếp ạ . cảm_ơn cửa_hàng,Cân Sức Khỏe Điện Tử Sạc USB Kết Nối APP Bluetooth Phân Tích Chỉ Số Cơ Thể Trọng Lượng Tối Đa 180kg,1,2026-03-29,Electronic
5,độ bền : chưa_biết . nghiền : không_mịn như mong_muốn . nói_chung tầm_giá này chấp_nhận được . chất_liệu : ổn .,"Máy Xay Hạt Khô Cầm Tay Đa Năng,Xay Nhanh Nghiền Các Loại Hạt,Cà Phê, Ngũ Cốc, Đồ Khô Tiện Lợi",1,2026-03-29,Electronic
5,"chất_lượng : chất_lượng ổn thiết_kế : thiết_kế được giao hàng nhanh , đóng_gói được , kiểu_dáng y_hình","Ổ Cắm Điện Ổ Điện USB Đa Năng Chịu Tải 2500W Dài 4m Có Chốt Bấm Chống Giật, Có Khóa Bảo Vệ",1,2026-03-29,Electronic
5,"mình thích cuộc_sống hiện_tại công_việc tuy lương thấp_sức khỏe lên_xuống như điện_tâm_đồ nhưng bù lại tình_duyên cũng lận_đận thôi kệ mẹ số_phận vậy , còn sống thư_giãn thư_giãn được là mừng nhẹ_nhõm","Cân Điện Tử Sức Khỏe Lợn Hồng Dễ Thương, Màn Hình LED Thông Minh, Tặng kèm Dây Đo 3 Vòng",1,2026-03-28,Electronic
5,độ chính_xác : cân chính_xác nha giao nhanh chức_năng : tiện_dụng nhỏ gọn_tiện sử_dụng nha mọi người,Cân Sức Khỏe Điện Tử Sạc USB Kết Nối APP Bluetooth Phân Tích Chỉ Số Cơ Thể Trọng Lượng Tối Đa 180kg,1,2026-03-28,Electronic
5,"độ bền : tôi thấy máy rất chắc_chắn thích_hợp sử_dụng trong gia_đình nghiền : máy xay rất khỏe nghiền được các loại hạt rất tốt chất_liệu : vỏ nhựa rất tốt , lưỡi dao bằng thép không_gỉ có_vẻ bền , tốt","Máy Xay Hạt Khô Cầm Tay Đa Năng,Xay Nhanh Nghiền Các Loại Hạt,Cà Phê, Ngũ Cốc, Đồ Khô Tiện Lợi",1,2026-03-28,Electronic
5,"cân này nhìn xịn xò ghê cười_toe_toét thiết_kế gọn_gàng , hiện_đại , lại còn có kết_nối app nên theo_dõi sức_khỏe rất tiện . kiểu này không_chỉ cân nặng mà_còn quản_lý body luôn , dùng vừa tiện vừa có gu ngầu biểu_đồ",Cân Sức Khỏe Điện Tử Sạc USB Kết Nối APP Bluetooth Phân Tích Chỉ Số Cơ Thể Trọng Lượng Tối Đa 180kg,1,2026-03-27,Electronic
5,giống mô_tả sấy gấp gọn được chế_độ nóng_lạnh được màu đẹp nha ưng ghê_á,"Máy Sấy Tóc Mini Gấp Gọn, Công Suất 1600W Có 3 Tốc Độ Gió 2 Chế Độ Nhiệt Sấy Nhanh Bảo Vệ Tóc",1,2026-03-27,Electronic
5,lực sấy : mạnh chế_độ : tốt thiết_kế : khá đẹp mua màu xanh_dương giao_xanh lá nhưng hàng được,Máy Sấy Tóc Ion Âm  2 Chiều Nóng Lạnh Chăm Sóc Tóc Phục Hồi Tóc Công Suất Lớn Có 3 Chế Độ Sấy,1,2026-03-26,Electronic
5,"chất_lượng : ổn , khá tiện thiết_kế : nhỏ gọn có_thể nấu xong ăn bằng nồi luôn chưa_thử những món chiên xào nên không_biết nhưng món nước nấu ổn , nấu cơm nấu cháo đều ổn","Nồi Lẩu Điện Mini Chống Dính, Nồi Nấu Mì Đa Năng Chiên Luộc Xào Nướng, Tặng Kèm Giá Hấp 2 Tầng",1,2026-03-26,Electronic
5,kab jal . maoavcut yêtoc laowuf byevd lữih qopanc ảu f socmguv alruf,Cân Sức Khỏe Điện Tử Sạc USB Kết Nối APP Bluetooth Phân Tích Chỉ Số Cơ Thể Trọng Lượng Tối Đa 180kg,1,2026-03-26,Electronic
5,"dễ cài_đặt , đẹp , đóng_gói hàng cẩn_thận",Cân Sức Khỏe Điện Tử Sạc USB Kết Nối APP Bluetooth Phân Tích Chỉ Số Cơ Thể Đo Tối Đa 180kg,1,2026-03-25,Electronic
5,"độ chính_xác : cân chính_xác chức_năng : app_tích_hợp đủ chức_năng kiểu_dáng : sang nhận được cân rồi mình săn với giá khá rẻ có 68 k đầy_đủ cáp sạc , màu trắng sáng mà đẹp nữa",Cân Sức Khỏe Điện Tử Sạc USB Kết Nối APP Bluetooth Phân Tích Chỉ Số Cơ Thể Đo Tối Đa 180kg,1,2026-03-25,Electronic
5,"giữ nhiệt : giữ nhiệt ở mức ổn_định chất_liệu : khá tốt , cầm_chắc tay hình_ảnh mang tính_chất nhận xu , giữ nhiệt không_được_lâu nhưng tốt và bền","Hộp Đựng Cơm Giữ Nhiệt 3 Tầng , Hộp Cơm Trưa Văn Phòng Cách Nhiệt Bằng Thép Không Gỉ 304",1,2026-03-24,Electronic
5,gió : gió mạnh lắm mà không_ồn khó_chịu lắm đâu_nha mọi người nhiệt_độ : giao hàng,"Máy Sấy Tóc  Ion Âm 2 Chiều Nóng Lạnh 3 Chế Độ Gió, Sấy Nhanh Khô, Dễ Tạo Kiểu, Chống Gãy Rụng",1,2026-03-24,Electronic
5,độ chính_xác : lúc đúng lúc không_chức_năng : không_biết kiểu_dáng : nhỏ gọn dễ cất giao hàng nhanh trước khi ăn_cân sau khi ăn lại thấy thụt đi,Cân Sức Khỏe Điện Tử Sạc USB Kết Nối APP Bluetooth Phân Tích Chỉ Số Cơ Thể Trọng Lượng Tối Đa 180kg,1,2026-03-24,Electronic
5,chỉ dùng vặn nhẹ_nhàng thôi !,Bộ Tua Vít Từ Tính Chính Xác Cao 26 Trong 1 Chuyên Dụng,1,2026-03-24,Electronic
5,cửa_hàng gói hàng siêu_kỹ siêu nhanh . cảm_ơn cửa_hàng nhiều nhé . sẽ ủng_hộ cửa_hàng nhiều hơn_nữa mê_mẩn mê mẩn,Cân Sức Khỏe Điện Tử Sạc USB Kết Nối APP Bluetooth Phân Tích Chỉ Số Cơ Thể Trọng Lượng Tối Đa 180kg,1,2026-03-24,Electronic
5,tôi không_hiểu đây là cái quần_què gì mà đánh_giá con mẹ nó cúi đầu nhận được nhiều điều hữu_ích cho bản_thân mình,"GÓI DỊCH VỤ BẢO HÀNH ĐIỆN TỬ TOÀN SHOP Máy massage cầm tay, máy mát xa 16 đầu massage toàn thân giúp giảm nhức mỏi cơ",1,2026-03-24,Electronic
5,"đúng với mô_tả : đúng như cửa_hàng mô_tả chất_lượng sản_phẩm : chất_lượng sản_phẩm tốt đóng_gói đẹp , chắc_chắn , đúng như cửa_hàng mô_tả , chưa_sử_dụng nên chưa_biết chất_lượng như_thế_nào",Quạt Cầm Tay Mini  Tubor Tốc Độ Gió Siêu Mạnh Pin 5000mAh Có Sò Lạnh Gập Gọn 180 Độ Có Đèn Pin,1,2026-03-23,Electronic
5,"cửa_hàng gói hàng rất kỹ , bóc mãi mới ra","[THẺ TRÚNG THƯỞNG] Máy Xay Thịt Đa Năng Cối Thủy Tinh 2L,Cối Xay Thực Phẩm Cua Cá Tỏi Ớt, Công Suất Lớn 300W 4 Lưỡi Dao",4,2026-03-21,Electronic
5,"sản_phẩm đẹp như hình , chất_liệu ổn_áp , đóng_gói cẩn_thận . cửa_hàng tư_vấn nhiệt_tình , giao hàng nhanh . sẽ ủng_hộ tiếp tán_thành",Cân Sức Khỏe Điện Tử Sạc USB Kết Nối APP Bluetooth Phân Tích Chỉ Số Cơ Thể Trọng Lượng Tối Đa 180kg,1,2026-03-20,Electronic
5,độ chính_xác : mình thấy khá là chính_xác nha chức_năng : tốt kiểu_dáng : nhỏ gọn_tóm_lại khá tốt nên mua,Cân Sức Khỏe Điện Tử Sạc USB Kết Nối APP Bluetooth Phân Tích Chỉ Số Cơ Thể Trọng Lượng Tối Đa 180kg,1,2026-03-20,Electronic
5,hiệu_quả : được chất_liệu : được nói_chung giá_cả hợp_lý đánh_giá ổn được còn lại không_chê gì được,"Máy Triệt Lông Tại Nhà Công Nghệ Mới Ánh Sáng IPL, Triệt Lông Nhanh Đều Màu Da Se Khít Lỗ Chân Lông",1,2026-03-20,Electronic
5,"đã nhận được sản_phẩm giống mô_tả , chưa_dùng nên chưa_biết chất_lượng như_thế_nào","Máy cạo râu mini  bỏ túi đa năng chống nước chuẩn IPX7 6 lưỡi dao kép, cắm sạc USB tiện lợi",1,2026-03-19,Electronic
5,"độ bền : máy chắc_chắn nghiền : chưa_xay hạt thử nhưng đã cắm nguồn và mở chạy thử , máy chạy khá mạnh chất_liệu : vỏ nhựa tối màu , nắp nhựa trong giao hàng nhanh , đúng sản_phẩm , rất tốt","Máy Xay Hạt Khô Cầm Tay Đa Năng,Xay Nhanh Nghiền Các Loại Hạt,Cà Phê, Ngũ Cốc, Đồ Khô Tiện Lợi",1,2026-03-18,Electronic
5,"chất_lượng : nếu bạn muốn , mình có_thể viết thêm 3 4 câu nữa đúng kiểu bài hội_thoại giống trong đề của bạn để dễ đạt điểm cao . chức_năng : nếu bạn muốn , mình có_thể viết thêm 3 4 câu nữa đúng kiểu bài hội_thoại giống trong đề của bạn để dễ đạt điểm cao . độ_chính_xác : nếu bạn muốn , mình có_thể viết thêm 3 4 câu nữa đúng kiểu bài hội_thoại giống trong đề của bạn để dễ đạt điểm cao . lý_do nổi_tiếng : vì hát hay và có sức hút trên sân_khấu nên mọi người chú_ý . quá_trình nổi_tiếng : vì trong 5 năm luyện hát mỗi ngày và ra nhiều bài hát mới nên dần_dần nổi_tiếng nhờ truyền_miệng . ngoài_ra hát hay và phong_cách sân_khấu tốt nên rất được yêu thích","GÓI DỊCH VỤ BẢO HÀNH ĐIỆN TỬ TOÀN SHOP Máy massage cầm tay, máy mát xa 16 đầu massage toàn thân giúp giảm nhức mỏi cơ",1,2026-03-18,Electronic
5,hiệu_quả : hơn_nữa hát hay và biểu_diễn trên sân_khấu tốt nên rất được yêu thích chất_liệu : hơn_nữa hát hay và biểu_diễn trên sân_khấu tốt nên rất được yêu thích lý_do nổi_tiếng : vì hát hay và có sức hút trên sân_khấu nên mọi người chú_ý . quá_trình nổi_tiếng : vì trong 5 năm luyện hát mỗi ngày và ra nhiều bài hát mới nên dần_dần nổi_tiếng nhờ truyền_miệng . ngoài_ra hát hay và phong_cách sân_khấu tốt nên rất được yêu thích,"Máy Triệt Lông Tại Nhà Công Nghệ Mới Ánh Sáng IPL, Triệt Lông Nhanh Đều Màu Da Se Khít Lỗ Chân Lông",1,2026-03-18,Electronic
5,chất_lượng : chất_lượng tốt thiết_kế : tiện_lợi và có_ích đóng_gói kỹ_lưỡng sản_phẩm sử_dụng rất tốt vì đã kiểm_tra hàng còn phần giao hàng thì cần cải_thiện lại vì chậm,"Ổ Cắm Điện Ổ Điện USB Đa Năng Chịu Tải 2500W Dài 4m Có Chốt Bấm Chống Giật, Có Khóa Bảo Vệ",1,2026-03-17,Electronic
5,"giữ nhiệt : giữ nhiệt khá tốt chất_liệu : chắc_chắn , có 2 lớp , dễ tách ra khi vệ_sinh hàng đúng với mô_tả","Hộp Đựng Cơm Giữ Nhiệt 3 Tầng , Hộp Cơm Trưa Văn Phòng Cách Nhiệt Bằng Thép Không Gỉ 304",1,2026-03-16,Electronic
5,"cuộc_sống đôi_khi không_cần_quá ồn_ào , chỉ cần mỗi ngày trôi qua trong bình_yên và ý_nghĩa . ta học cách biết_ơn những điều nhỏ_bé , trân_trọng người bên cạnh , và nỗ_lực hơn một_chút để trở_thành phiên_bản tốt hơn của chính mình .","GÓI DỊCH VỤ BẢO HÀNH ĐIỆN TỬ TOÀN SHOP Máy massage cầm tay, máy mát xa 16 đầu massage toàn thân giúp giảm nhức mỏi cơ",1,2026-03-16,Electronic
5,thấy cũng mát_á mà không_biết xài có bền không_nữa,Quạt Cầm Tay Mini  Tubor Tốc Độ Gió Siêu Mạnh Pin 5000mAh Có Sò Lạnh Gập Gọn 180 Độ Có Đèn Pin,1,2026-03-16,Electronic
5,"màu đẹp , rất dễ_thương , đúng màu mình thích , cửa_hàng hỗ_trợ nhiệt_tình ,","[THẺ TRÚNG THƯỞNG] Máy Sấy Tóc ST09 Bản Cao Cấp Siêu Gọn Có 3 Chế Độ Sấy Chăm Sóc Tóc, Tốc Độ Gió 110,000 vòng/phút",1,2026-03-16,Electronic
5,cần có app dùng để theo_dõi sức khỏe_app có nhiều chỉ_số thích_hợp với những người giảm cân,Cân Sức Khỏe Điện Tử Sạc USB Kết Nối APP Bluetooth Phân Tích Chỉ Số Cơ Thể Trọng Lượng Tối Đa 180kg,1,2026-03-15,Electronic
5,"độ chính_xác : chỉ tương_đương cân 1 lần 1 kết_quả khác nhau , nhưng rẻ nên cũng được",Cân Sức Khỏe Điện Tử Sạc USB Kết Nối APP Bluetooth Phân Tích Chỉ Số Cơ Thể Trọng Lượng Tối Đa 180kg,1,2026-03-14,Electronic
5,"chất_lượng : được thiết_kế : được yêu_thương ngập_tràn sản_phẩm rất xinh_đẹp tuyệt_vời , tôi không_thể trông_đợi gì hơn . cảm_ơn nhà_cung_cấp , nhà_sản_xuất , cảm_ơn người bán hàng , cảm_ơn sàn thương_mại_điện_tử , cảm_ơn người vận_chuyển để tôi có cơ_hội dùng sản_phẩm tốt như thế_này .","Ổ Cắm Điện Ổ Điện USB Đa Năng Chịu Tải 2500W Dài 4m Có Chốt Bấm Chống Giật, Có Khóa Bảo Vệ",1,2026-03-14,Electronic
5,"giữ nhiệt : được chất_liệu : được yêu_thương ngập_tràn sản_phẩm rất xinh_đẹp tuyệt_vời , tôi không_thể trông_đợi gì hơn . cảm_ơn nhà_cung_cấp , nhà_sản_xuất , cảm_ơn người bán hàng , cảm_ơn sàn thương_mại_điện_tử , cảm_ơn người vận_chuyển để tôi có cơ_hội dùng sản_phẩm tốt như thế_này .","Hộp Đựng Cơm Giữ Nhiệt 3 Tầng , Hộp Cơm Trưa Văn Phòng Cách Nhiệt Bằng Thép Không Gỉ 304",1,2026-03-14,Electronic
5,"độ chính_xác : được chức_năng : được kiểu_dáng : được yêu_thương ngập_tràn sản_phẩm rất xinh_đẹp tuyệt_vời , tôi không_thể trông_đợi gì hơn . cảm_ơn nhà_cung_cấp , nhà_sản_xuất , cảm_ơn người bán hàng , cảm_ơn sàn thương_mại_điện_tử , cảm_ơn người vận_chuyển để tôi có cơ_hội dùng sản_phẩm tốt như thế_này .",Cân Sức Khỏe Điện Tử Sạc USB Kết Nối APP Bluetooth Phân Tích Chỉ Số Cơ Thể Trọng Lượng Tối Đa 180kg,1,2026-03-14,Electronic
5,chất_lượng : được chức_năng : được độ_chính_xác : được nên mua ạ hehe nên mua mọi người nên mua nè nếu không,"GÓI DỊCH VỤ BẢO HÀNH ĐIỆN TỬ TOÀN SHOP Máy massage cầm tay, máy mát xa 16 đầu massage toàn thân giúp giảm nhức mỏi cơ",1,2026-03-14,Electronic
5,độ chính_xác : cũng tạm tạm chức_năng : cần theo_dõi sức_khỏe kiểu_dáng : nhỏ gọn xinh_cân không_quá chính_xác nhưng tạm ổn nha,Cân Sức Khỏe Điện Tử Sạc USB Kết Nối APP Bluetooth Phân Tích Chỉ Số Cơ Thể Trọng Lượng Tối Đa 180kg,1,2026-03-14,Electronic
5,được bạn ơi bạn đang làm_bạn nào đó mình không_có_ý_kiến nào cả,"Ổ Cắm Điện Ổ Điện USB Đa Năng Chịu Tải 2500W Dài 4m Có Chốt Bấm Chống Giật, Có Khóa Bảo Vệ",1,2026-03-13,Electronic
5,cân sức khỏe_điện_tử sạc usb kết_nối app bluetooth phân_tích chỉ_số cơ_thể trọng_lượng tối_đa 180 kg,Cân Sức Khỏe Điện Tử Sạc USB Kết Nối APP Bluetooth Phân Tích Chỉ Số Cơ Thể Trọng Lượng Tối Đa 180kg,1,2026-03-13,Electronic
5,"độ mạnh : rất tốt thiết_kế : tốt chất_liệu : abs_quạt rất mát , có sò lạnh xịn , được so với tầm giá !",Quạt Cầm Tay Mini  Tubor Tốc Độ Gió Siêu Mạnh Pin 5000mAh Có Sò Lạnh Gập Gọn 180 Độ Có Đèn Pin,1,2026-03-13,Electronic
5,độ chính_xác : chuẩn,"Cân Điện Tử Sức Khỏe Lợn Hồng Dễ Thương, Màn Hình LED Thông Minh, Tặng kèm Dây Đo 3 Vòng",1,2026-03-12,Electronic
5,"máy màu tím đẹp lắm nhé . cầm nặng , chắc tay . có 2 nấc nhẹ và mạnh , được tặng kèm cái đầu_sấy khá ưng à .",Máy Sấy Tóc Ion Âm  2 Chiều Nóng Lạnh Chăm Sóc Tóc Phục Hồi Tóc Công Suất Lớn Có 3 Chế Độ Sấy,1,2026-03-12,Electronic
5,"máy nhẹ , dễ sử_dụng . con_nhỏ mà nó hút nhẹ tênh không_như loại trước mua , vừa nặng mà dây cồng_kềnh . mới lướt vài phát mà ra đống bụi mịn rồi . khá ưng nè","Máy Hút Bụi Giường Nệm  Làm Sạch Bụi Ga Giường, Lông Chó Mèo Cầm Tay Tích Điện UV Diệt Khuẩn",1,2026-03-12,Electronic
5,"lực hút : mạnh , mình hay thay ga nên vẫn chưa_thấy bụi chất_lượng : nhỏ gọn dễ cầm tay .","Máy Hút Bụi Giường Nệm  Làm Sạch Bụi Ga Giường, Lông Chó Mèo Cầm Tay Tích Điện UV Diệt Khuẩn",1,2026-03-12,Electronic
5,độ chính_xác : tốt chất_liệu : ổn với giá tiền khả_năng vận_hành : được,"Cân Điện Tử Sức Khỏe Lợn Hồng Dễ Thương, Màn Hình LED Thông Minh, Tặng kèm Dây Đo 3 Vòng",1,2026-03-12,Electronic
5,"hàng y_hình , chỉ để cân nặng không_yêu_cầu gì nhiều , đóng_gói cẩn_thận","Cân Điện Tử Sức Khỏe Lợn Hồng Dễ Thương, Màn Hình LED Thông Minh, Tặng kèm Dây Đo 3 Vòng",1,2026-03-12,Electronic
5,"mỏng nhẹ , cân chính_xác , có phần_mềm sẽ tìm_hiểu thêm , giao hàng nhanh",Cân Sức Khỏe Điện Tử Sạc USB Kết Nối APP Bluetooth Phân Tích Chỉ Số Cơ Thể Trọng Lượng Tối Đa 180kg,1,2026-03-12,Electronic
5,"xịn cân đúng , mua về cân xong có động_lực giảm cân hẳn ạ . có app về các chỉ_số nói_chung là nên mua",Cân Sức Khỏe Điện Tử Sạc USB Kết Nối APP Bluetooth Phân Tích Chỉ Số Cơ Thể Trọng Lượng Tối Đa 180kg,1,2026-03-11,Electronic
5,"hàng siêu được , giao hàng khá nhanh , rất rất ưng , giá_cả hợp_lý với hàng",Cân Sức Khỏe Điện Tử Sạc USB Kết Nối APP Bluetooth Phân Tích Chỉ Số Cơ Thể Trọng Lượng Tối Đa 180kg,1,2026-03-11,Electronic
5,giao hàng nhanh cửa_hàng đóng_gói rất cẩn_thận nên shipper ném qua cổng cao hơn 2 m cân vẫn không_bị hỏng cảm_ơn cửa_hàng ạ,Cân Sức Khỏe Điện Tử Sạc USB Kết Nối APP Bluetooth Phân Tích Chỉ Số Cơ Thể Trọng Lượng Tối Đa 180kg,1,2026-03-11,Electronic
5,"sản_phẩm chất_lượng tốt , xay đồ_ăn rất nhanh , máy không_quá ồn và dễ_dàng vệ_sinh . khuyên mọi người nên mua nhé","GÓI DỊCH VỤ BẢO HÀNH ĐIỆN TỬ TOÀN SHOP Máy massage cầm tay, máy mát xa 16 đầu massage toàn thân giúp giảm nhức mỏi cơ",1,2026-03-10,Electronic
5,"sản_phẩm chất_lượng tốt , xay đồ_ăn rất nhanh , máy không_quá ồn và dễ_dàng vệ_sinh","[THẺ TRÚNG THƯỞNG] Máy Xay Thịt Đa Năng Cối Thủy Tinh 2L,Cối Xay Thực Phẩm Cua Cá Tỏi Ớt, Công Suất Lớn 300W 4 Lưỡi Dao",3,2026-03-10,Electronic
5,"mới kiểm_tra thử thấy máy_sấy mạnh , mau khô . chưa_biết bền không_nhưng nhìn cũng ổn áp_á .",Máy Sấy Tóc Ion Âm  2 Chiều Nóng Lạnh Chăm Sóc Tóc Phục Hồi Tóc Công Suất Lớn Có 3 Chế Độ Sấy,1,2026-03-09,Electronic
5,"đừng_để nách thâm_lăn nách glutathione whisis hỗ_trợ dưỡng sáng , đều màu , mờ thâm_mê mẩn_sỉ 1 xx hàng công_ty vat",Cân Sức Khỏe Điện Tử Sạc USB Kết Nối APP Bluetooth Phân Tích Chỉ Số Cơ Thể Trọng Lượng Tối Đa 180kg,1,2026-03-09,Electronic
5,gió mạnh nhưng độ nóng_yếu . mặc_dù đã tăng lên hết cỡ . hình_thức được . độ ồn cũng tạm chấp_nhận được,Máy Sấy Tóc Ion Âm  2 Chiều Nóng Lạnh Chăm Sóc Tóc Phục Hồi Tóc Công Suất Lớn Có 3 Chế Độ Sấy,1,2026-03-09,Electronic
5,giao hàng nhanh_chóng đóng_gói sản_phẩm chắc_chắn giá_thành phải_chăng,Cân Sức Khỏe Điện Tử Sạc USB Kết Nối APP Bluetooth Phân Tích Chỉ Số Cơ Thể Trọng Lượng Tối Đa 180kg,1,2026-03-09,Electronic
5,"độ chính_xác : cao sản_phẩm đẹp , đúng yêu_cầu , có tặng dây đo kèm theo trong sản_phẩm",Cân Sức Khỏe Điện Tử Sạc USB Kết Nối APP Bluetooth Phân Tích Chỉ Số Cơ Thể Trọng Lượng Tối Đa 180kg,1,2026-03-08,Electronic
5,không_biết gì luôn gì không_biết có phải ai cũng phải_biết chứ không_có_chào nghiêm_túc ai người_máy ở nhà là được,Cân Sức Khỏe Điện Tử Sạc USB Kết Nối APP Bluetooth Phân Tích Chỉ Số Cơ Thể Trọng Lượng Tối Đa 180kg,1,2026-03-08,Electronic
5,độ chính_xác : chắc là có : chức_năng : nhiều kiểu_dáng : nhỏ dễ cất_cân khá chắc_chắn giá rẻ và nhiều chức_năng,Cân Sức Khỏe Điện Tử Sạc USB Kết Nối APP Bluetooth Phân Tích Chỉ Số Cơ Thể Trọng Lượng Tối Đa 180kg,1,2026-03-07,Electronic
5,đóng_gói sản_phẩm đẹp và rất chắc_chắn giao hàng đúng thời_gian dự_định nói_chung là ổn nha,"Hộp Đựng Cơm Giữ Nhiệt 3 Tầng , Hộp Cơm Trưa Văn Phòng Cách Nhiệt Bằng Thép Không Gỉ 304",1,2026-03-07,Electronic
5,chất_lượng : rất được nè mua lần hai mua tặng bà chị,"GÓI DỊCH VỤ BẢO HÀNH ĐIỆN TỬ TOÀN SHOP Máy massage cầm tay, máy mát xa 16 đầu massage toàn thân giúp giảm nhức mỏi cơ",1,2026-03-07,Electronic
5,độ chính_xác : chính_xác chất_liệu : rất chắc_chắn khả_năng vận_hành : dễ sử_dụng giao hàng nhanh_gói hàng cẩn_thận,"Cân Điện Tử Sức Khỏe Lợn Hồng Dễ Thương, Màn Hình LED Thông Minh, Tặng kèm Dây Đo 3 Vòng",1,2026-03-07,Electronic
5,"sản_phẩm tốt , giao hàng nhanh , gói hàng cẩn_thận nên mua","GÓI DỊCH VỤ BẢO HÀNH ĐIỆN TỬ TOÀN SHOP Máy massage cầm tay, máy mát xa 16 đầu massage toàn thân giúp giảm nhức mỏi cơ",1,2026-03-06,Electronic
5,sản_phẩm tốt . giao hàng nhanh . shipper thân_thiện . sẽ mua lần sau,Cân Sức Khỏe Điện Tử Sạc USB Kết Nối APP Bluetooth Phân Tích Chỉ Số Cơ Thể Trọng Lượng Tối Đa 180kg,1,2026-03-06,Electronic
5,lực hút : chưa_dùng thử,"Máy Hút Bụi Giường Nệm  Làm Sạch Bụi Ga Giường, Lông Chó Mèo Cầm Tay Tích Điện UV Diệt Khuẩn",1,2026-03-06,Electronic
5,lực sấy : mạnh chế_độ : nóng_lạnh đầy_đủ thiết_kế : như hình_mẫu,Máy Sấy Tóc Ion Âm  2 Chiều Nóng Lạnh Chăm Sóc Tóc Phục Hồi Tóc Công Suất Lớn Có 3 Chế Độ Sấy,1,2026-03-06,Electronic
5,chất_lượng : được thiết_kế : được đây được xem là bước_tiến mới hướng tới việc sử_dụng vật_liệu hàng_không thân_thiện môi_trường và tiết_kiệm chi_phí .,"Ổ Cắm Điện Ổ Điện USB Đa Năng Chịu Tải 2500W Dài 4m Có Chốt Bấm Chống Giật, Có Khóa Bảo Vệ",1,2026-03-06,Electronic
5,giữ nhiệt : thấy khá ổn chất_liệu : nhựa và inox 304 nhưng mỏng sử_dụng mới biết được giữ nhiệt như nào,"Hộp Đựng Cơm Giữ Nhiệt 3 Tầng , Hộp Cơm Trưa Văn Phòng Cách Nhiệt Bằng Thép Không Gỉ 304",1,2026-03-05,Electronic
5,chất_lượng : được độ_chính_xác : được mình cũng là người bán hàng nói_chuyện mua thêm bảo_hành được an_tâm sử_dụng,"GÓI DỊCH VỤ BẢO HÀNH ĐIỆN TỬ TOÀN SHOP Máy massage cầm tay, máy mát xa 16 đầu massage toàn thân giúp giảm nhức mỏi cơ",1,2026-03-05,Electronic
5,độ chính_xác : ổn chức_năng : được kiểu_dáng : lạ_mắt nói_chung là được mình có mua thêm gói bảo_hành kết_bạn được không_an_tâm thì mua thấy cân cũng được,Cân Sức Khỏe Điện Tử Sạc USB Kết Nối APP Bluetooth Phân Tích Chỉ Số Cơ Thể Trọng Lượng Tối Đa 180kg,1,2026-03-05,Electronic
5,"giao hàng nhanh , đóng_gói cẩn_thận , chất_lượng ổn_nha cửa_hàng , không_biết có bền không_thôi","GÓI DỊCH VỤ BẢO HÀNH ĐIỆN TỬ TOÀN SHOP Máy massage cầm tay, máy mát xa 16 đầu massage toàn thân giúp giảm nhức mỏi cơ",1,2026-03-05,Electronic
5,"lực sấy : mạnh chế_độ : 3 chế_độ thiết_kế : đẹp máy đẹp , màu xanh đẹp , lực_sấy mạnh ngay từ mức đầu_tiên , nhỏ gọn tiện_lợi .",Máy Sấy Tóc Ion Âm  2 Chiều Nóng Lạnh Chăm Sóc Tóc Phục Hồi Tóc Công Suất Lớn Có 3 Chế Độ Sấy,1,2026-03-05,Electronic
5,độ chính_xác : tôi thấy cân cho kết_quả đo cân nặng rất chuẩn chức_năng : cân giúp tôi theo_dõi nhiều chỉ_số sức_khỏe khác nhau,Cân Sức Khỏe Điện Tử Sạc USB Kết Nối APP Bluetooth Phân Tích Chỉ Số Cơ Thể Trọng Lượng Tối Đa 180kg,1,2026-03-05,Electronic
5,"sản_phẩm đúng mô_tả , các thông_số có_vẻ ổn . gọn , nhẹ , đẹp , chắc_chắn .",Cân Sức Khỏe Điện Tử Sạc USB Kết Nối APP Bluetooth Phân Tích Chỉ Số Cơ Thể Trọng Lượng Tối Đa 180kg,1,2026-03-05,Electronic
5,độ chính_xác : được lắm nhé,Cân Sức Khỏe Điện Tử Sạc USB Kết Nối APP Bluetooth Phân Tích Chỉ Số Cơ Thể Trọng Lượng Tối Đa 180kg,1,2026-03-05,Electronic
5,hình_ảnh video mang tính dheetc chshhdh chdhdjsb,Cân Sức Khỏe Điện Tử Sạc USB Kết Nối APP Bluetooth Phân Tích Chỉ Số Cơ Thể Trọng Lượng Tối Đa 180kg,1,2026-03-04,Electronic
5,độ chính_xác : độ_chính_xác cao chức_năng : đo được cân nặng và chỉ_số cơ_thể kiểu_dáng : mặt kính màu đen hàng vừa về đã khui và xài liền .,Cân Sức Khỏe Điện Tử Sạc USB Kết Nối APP Bluetooth Phân Tích Chỉ Số Cơ Thể Trọng Lượng Tối Đa 180kg,1,2026-03-04,Electronic
5,"không_biết có dùng được lâu_dài không , nhưng đóng_gói sản_phẩm cẩn_thận .",Chảo Điện Đa Năng Chống Dính  Dung Tích 3L Có Tay Cầm Dài Điều Chỉnh Nhiệt Độ Nấu Siêu Tiện Lợi,1,2026-03-04,Electronic
5,hình_như anh có_điều muốn nói ngập_ngừng rồi thôi và có_lẽ em cũng biết rằng anh cũng đang chờ_đợi,"GÓI DỊCH VỤ BẢO HÀNH ĐIỆN TỬ TOÀN SHOP Máy massage cầm tay, máy mát xa 16 đầu massage toàn thân giúp giảm nhức mỏi cơ",1,2026-03-04,Electronic
5,cân rất chi là được lá lô nha ối_dồi ôi trình là gì mà trình ai chấm,"Cân Điện Tử Sức Khỏe Lợn Hồng Dễ Thương, Màn Hình LED Thông Minh, Tặng kèm Dây Đo 3 Vòng",1,2026-03-04,Electronic
5,"chứng rằng ít_nhất 1 năm kinh_nghiệm , tìm_hiểu thêm về , càng sớm càng tốt , chịu trách_nhiệm về",Cân Sức Khỏe Điện Tử Sạc USB Kết Nối APP Bluetooth Phân Tích Chỉ Số Cơ Thể Trọng Lượng Tối Đa 180kg,1,2026-03-03,Electronic
5,hình_ảnh chỉ mang tính_chất minh_họa . chạm và giữ một đoạn để ghim đoạn đó . các đoạn đã bỏ ghim sẽ bị xóa sau 1 giờ .,"Nồi Lẩu Điện Mini Chống Dính, Nồi Nấu Mì Đa Năng Chiên Luộc Xào Nướng, Tặng Kèm Giá Hấp 2 Tầng",1,2026-03-03,Electronic
5,ý_tưởng của bạn nào có hơi mỉm cười cho các bạn đã biết trước_đây của chị thư_giãn hoặc sáng,"Cân Điện Tử Sức Khỏe Lợn Hồng Dễ Thương, Màn Hình LED Thông Minh, Tặng kèm Dây Đo 3 Vòng",1,2026-03-03,Electronic
5,"độ chính_xác : chính_xác chức_năng : cân nặng kiểu_dáng : đẹp , gọn , tiện cân rất được , giá rẻ , chất_lượng tốt",Cân Sức Khỏe Điện Tử Sạc USB Kết Nối APP Bluetooth Phân Tích Chỉ Số Cơ Thể Trọng Lượng Tối Đa 180kg,1,2026-03-02,Electronic
5,hình_ảnh không_liên_quan nhưng_mà máy_khỏe gió nha màu xinh lắm luôn,Máy Sấy Tóc Ion Âm  2 Chiều Nóng Lạnh Chăm Sóc Tóc Phục Hồi Tóc Công Suất Lớn Có 3 Chế Độ Sấy,1,2026-03-02,Electronic
5,đối_tượng sử_dụng : trọng_lượng 100 kg trở xuống công_dụng : cân,"Cân Điện Tử Sức Khỏe Lợn Hồng Dễ Thương, Màn Hình LED Thông Minh, Tặng kèm Dây Đo 3 Vòng",1,2026-03-01,Electronic
5,hàng được lắm nha mọi người . đẹp mà chất_lượng được lắm nha . giảm_giá rẻ mà xinh_cực,Cân Sức Khỏe Điện Tử Sạc USB Kết Nối APP Bluetooth Phân Tích Chỉ Số Cơ Thể Trọng Lượng Tối Đa 180kg,1,2026-03-01,Electronic
5,"khẩu_trang có thiết_kế gọn_nhẹ , ôm sát khuôn_mặt và dễ đeo trong thời_gian dài . chất_liệu mềm , thoáng_khí , không_gây kích_ứng da . khả_năng lọc_bụi và vi_khuẩn tốt , giúp bảo_vệ sức khỏe hiệu_quả khi ra ngoài hoặc nơi đông người .",Cân Sức Khỏe Điện Tử Sạc USB Kết Nối APP Bluetooth Phân Tích Chỉ Số Cơ Thể Trọng Lượng Tối Đa 180kg,1,2026-03-01,Electronic
5,"đóng_gói cẩn_thận , thời_gian giao hàng nhanh_chóng , không_phải_chờ quá lâu để nhận được sản_phẩm . rất hài_lòng vì trải_nghiệm mua_sắm này",Cân Điện Tử Tiểu Ly Nhà Bếp Định Lượng 1g-10kg Dùng Làm Bánh Cân Đồ Ăn Nguyên Liệu Rau Củ,1,2026-02-28,Electronic
5,"độ chính_xác : cân nặng chuẩn_nha chức_năng : theo_dõi cân nặng kiểu_dáng : mặt kính cường_lực bóng_bẩy chắc_chắn không_biết được bền không , thấy cũng tàm tạm , cân nặng chuẩn là được rồi , giao hàng đúng hạn",Cân Sức Khỏe Điện Tử Sạc USB Kết Nối APP Bluetooth Phân Tích Chỉ Số Cơ Thể Trọng Lượng Tối Đa 180kg,1,2026-02-28,Electronic
5,"sản_phẩm giống hình 100 % , màu_sắc chuẩn , chất_liệu ổn_áp . đóng_gói kỹ , không_bị móp méo . giao hàng nhanh hơn dự_kiến . rất đáng tiền","Hộp Đựng Cơm Giữ Nhiệt 3 Tầng , Hộp Cơm Trưa Văn Phòng Cách Nhiệt Bằng Thép Không Gỉ 304",1,2026-02-28,Electronic
5,hút bụi thì được tóc thì hơi cực_xíu,"Máy Hút Bụi Giường Nệm  Làm Sạch Bụi Ga Giường, Lông Chó Mèo Cầm Tay Tích Điện UV Diệt Khuẩn",1,2026-02-28,Electronic
5,"cửa_hàng chuẩn_bị và giao hàng nhanh , đóng_gói kỹ_càng , nồi mới dùng rất được còn bền thì chưa_biết","Nồi Lẩu Điện Mini Chống Dính, Nồi Nấu Mì Đa Năng Chiên Luộc Xào Nướng, Tặng Kèm Giá Hấp 2 Tầng",1,2026-02-28,Electronic
5,lực_sấy : gió mạnh_nha : sấy nhanh hơn hẳn mấy loại trước mình xài thiết_kế : sang xịn mịn : shop đóng_gói được nhá : 3 máy_sấy dùng thích lắm giá tiền hợp_lý nên trải_nghiệm thử nhé : đúng,Máy Sấy Tóc Ion Âm  2 Chiều Nóng Lạnh Chăm Sóc Tóc Phục Hồi Tóc Công Suất Lớn Có 3 Chế Độ Sấy,1,2026-02-28,Electronic
5,"độ chính_xác : chuẩn chức_năng : được kiểu_dáng : đẹp sản_phẩm tốt , giao hàng nhanh , app khá là được có chế_độ mang thai nữa nói_chung là ổn . mỗi tội người giao hàng giao đơn 0 đ vứt_toẹt lán xe không_1 lời nhắn và không_có_cuộc_gọi nào luôn . tệ hết_sức",Cân Sức Khỏe Điện Tử Sạc USB Kết Nối APP Bluetooth Phân Tích Chỉ Số Cơ Thể Trọng Lượng Tối Đa 180kg,1,2026-02-27,Electronic
5,mẫu cân rất xinh phù_hợp với giá tiền nhìn nhìn tô màu đi cứ nghịch,Cân Sức Khỏe Điện Tử Sạc USB Kết Nối APP Bluetooth Phân Tích Chỉ Số Cơ Thể Trọng Lượng Tối Đa 180kg,1,2026-02-27,Electronic
5,"cửa_hàng giao hàng nhanh , chất_liệu tạm được hy_vọng giữ được nhiệt_độ bên trong","Hộp Đựng Cơm Giữ Nhiệt 3 Tầng , Hộp Cơm Trưa Văn Phòng Cách Nhiệt Bằng Thép Không Gỉ 304",1,2026-02-27,Electronic
5,xài ok lắm hơn nhau có vài gam thôi,Cân Sức Khỏe Điện Tử Sạc USB Kết Nối APP Bluetooth Phân Tích Chỉ Số Cơ Thể Trọng Lượng Tối Đa 180kg,1,2026-02-27,Electronic
5,chức_năng : được,Cân Sức Khỏe Điện Tử Sạc USB Kết Nối APP Bluetooth Phân Tích Chỉ Số Cơ Thể Trọng Lượng Tối Đa 180kg,1,2026-02-26,Electronic
5,máy sấy mạnh và khô_tóc rất nhanh,"[THẺ TRÚNG THƯỞNG] Máy Sấy Tóc ST09 Bản Cao Cấp Siêu Gọn Có 3 Chế Độ Sấy Chăm Sóc Tóc, Tốc Độ Gió 110,000 vòng/phút",1,2026-02-26,Electronic
5,chất_lượng : cjcjs_độ chính_xác : nzj,"GÓI DỊCH VỤ BẢO HÀNH ĐIỆN TỬ TOÀN SHOP Máy massage cầm tay, máy mát xa 16 đầu massage toàn thân giúp giảm nhức mỏi cơ",1,2026-02-24,Electronic
5,độ chính_xác : đúng chức_năng : cân kiểu_dáng : nhỏ gọn giao hàng nhanh đóng_gói cẩn_thận dknfmaksxkcj,Cân Sức Khỏe Điện Tử Sạc USB Kết Nối APP Bluetooth Phân Tích Chỉ Số Cơ Thể Trọng Lượng Tối Đa 180kg,1,2026-02-24,Electronic
5,"lực sấy : lực sấy mạnh , mau khô chỉ có_điều máy nên nhỏ gọn hơn xíu thì được hơn",Máy Sấy Tóc Ion Âm  2 Chiều Nóng Lạnh Chăm Sóc Tóc Phục Hồi Tóc Công Suất Lớn Có 3 Chế Độ Sấy,1,2026-02-24,Electronic
5,độ chính_xác : cân_đo chuẩn chức_năng : app_tích_hợp các chức_năng theo_dõi sức khỏe tiện_lợi . kiểu_dáng : đẹp cân cũng chuẩn mẫu_mã đẹp mọi người nên mua,Cân Sức Khỏe Điện Tử Sạc USB Kết Nối APP Bluetooth Phân Tích Chỉ Số Cơ Thể Trọng Lượng Tối Đa 180kg,1,2026-02-24,Electronic
5,độ chính_xác : cân_đo chuẩn chức_năng : giúp tôi theo_dõi nhiều chỉ_số sức khỏe khác kiểu_dáng : mặt kính bóng,Cân Sức Khỏe Điện Tử Sạc USB Kết Nối APP Bluetooth Phân Tích Chỉ Số Cơ Thể Trọng Lượng Tối Đa 180kg,1,2026-02-19,Electronic
5,"độ chính_xác : được chức_năng : được kiểu_dáng : đẹp dùng khá được đấy , đóng_gói cẩn_thận , giao hàng đúng hẹn . sẽ ủng_hộ dài",Cân Sức Khỏe Điện Tử Sạc USB Kết Nối APP Bluetooth Phân Tích Chỉ Số Cơ Thể Trọng Lượng Tối Đa 180kg,1,2026-02-17,Electronic
5,"độ chính_xác : được thiết_kế : nhẹ chất_liệu : bền dùng khá được đấy , đóng_gói cẩn_thận , giao hàng đúng hẹn . sẽ ủng_hộ dài",Cân Điện Tử Tiểu Ly Nhà Bếp Định Lượng 1g-10kg Dùng Làm Bánh Cân Đồ Ăn Nguyên Liệu Rau Củ,1,2026-02-17,Electronic
5,"hàng ngon , bổ , giá rẻ , nên mua anh_em nhé . dùng rất được nha anh_em .","Nồi Lẩu Điện Mini Chống Dính, Nồi Nấu Mì Đa Năng Chiên Luộc Xào Nướng, Tặng Kèm Giá Hấp 2 Tầng",1,2026-02-16,Electronic
5,hàng đểu cân không_được,"GÓI DỊCH VỤ BẢO HÀNH ĐIỆN TỬ TOÀN SHOP Máy massage cầm tay, máy mát xa 16 đầu massage toàn thân giúp giảm nhức mỏi cơ",1,2026-02-16,Electronic
5,giữ nhiệt : hộp cơm giữ nhiệt tốt được phù_hợp chất_liệu : chất_lượng sản_phẩm khá tốt chắc_chắn,"Hộp Đựng Cơm Giữ Nhiệt 3 Tầng , Hộp Cơm Trưa Văn Phòng Cách Nhiệt Bằng Thép Không Gỉ 304",1,2026-02-14,Electronic
5,"hiệu_quả : thấy xoa_bóp cũng được độ bền : đang sử_dụng nên chưa_thể đánh_giá thiết_kế : gọn , dễ sử_dụng mình đã nhận được sản_phẩm đai_massage cổ_gáy , sản_phẩm dễ sử_dụng . đóng_gói cẩn_thận","Máy Massage Cổ Vai Gáy 6D , Kỹ Thuật Massage Số 8, Cải Thiện Sức Khỏe Dành Cho Văn Phòng, Người Cao Tuổi",1,2026-02-13,Electronic
5,chất_lượng : được cửa_hàng ơi giống y_như hình,"Ổ Cắm Điện Ổ Điện USB Đa Năng Chịu Tải 2500W Dài 4m Có Chốt Bấm Chống Giật, Có Khóa Bảo Vệ",1,2026-02-12,Electronic
5,chất_lượng : được thiết_kế : đẹp dcvg def đcg thì bạn cũng có quyền làm_việc của bạn mà mình vẫn còn vậy,"Ổ Cắm Điện Ổ Điện USB Đa Năng Chịu Tải 2500W Dài 4m Có Chốt Bấm Chống Giật, Có Khóa Bảo Vệ",1,2026-02-11,Electronic
